marker_id	status	detail
100016at5125	USED	length=395
100134at5125	USED	length=272
100193at5125	USED	length=479
100369at5125	USED	length=475
100543at5125	USED	length=517
100591at5125	USED	length=1189
100890at5125	USED	length=601
100912at5125	USED	length=1821
100938at5125	USED	length=5145
101132at5125	USED	length=281
101349at5125	USED	length=172
101626at5125	USED	length=899
101923at5125	USED	length=356
10195at5125	USED	length=1164
102187at5125	USED	length=341
102371at5125	USED	length=784
102376at5125	USED	length=227
102380at5125	USED	length=1021
102469at5125	USED	length=879
102495at5125	USED	length=364
102712at5125	USED	length=887
102973at5125	USED	length=297
102991at5125	USED	length=1719
102999at5125	USED	length=779
103079at5125	USED	length=515
103246at5125	USED	length=823
103389at5125	USED	length=963
103464at5125	USED	length=302
103501at5125	USED	length=78
103560at5125	USED	length=394
103732at5125	USED	length=182
103841at5125	USED	length=486
103916at5125	USED	length=402
104084at5125	USED	length=655
104111at5125	USED	length=257
104173at5125	USED	length=585
104238at5125	USED	length=695
104262at5125	USED	length=160
104269at5125	USED	length=1864
104466at5125	USED	length=702
104538at5125	USED	length=899
104742at5125	USED	length=324
104766at5125	USED	length=725
104768at5125	USED	length=529
104968at5125	USED	length=246
105138at5125	USED	length=396
105180at5125	USED	length=1009
105225at5125	USED	length=593
105299at5125	USED	length=1037
105489at5125	USED	length=204
105530at5125	USED	length=1112
105580at5125	USED	length=558
105614at5125	USED	length=319
105654at5125	USED	length=149
105695at5125	USED	length=696
105776at5125	USED	length=577
105939at5125	USED	length=599
106128at5125	USED	length=999
106152at5125	USED	length=1199
106221at5125	USED	length=795
106310at5125	USED	length=2224
106359at5125	USED	length=652
106422at5125	USED	length=528
106494at5125	USED	length=521
106566at5125	USED	length=588
106728at5125	USED	length=536
106881at5125	USED	length=1827
106933at5125	USED	length=469
106941at5125	USED	length=2225
106967at5125	USED	length=158
107077at5125	USED	length=1044
107152at5125	USED	length=663
107223at5125	USED	length=133
107275at5125	USED	length=420
107302at5125	USED	length=901
10731at5125	USED	length=152
107397at5125	USED	length=738
107412at5125	USED	length=534
107539at5125	USED	length=876
107762at5125	USED	length=350
107805at5125	USED	length=893
107837at5125	USED	length=530
107842at5125	USED	length=310
107962at5125	USED	length=322
108018at5125	USED	length=367
108043at5125	USED	length=283
108096at5125	USED	length=784
108323at5125	USED	length=306
108705at5125	USED	length=168
108906at5125	USED	length=972
108912at5125	USED	length=875
109234at5125	USED	length=645
109291at5125	USED	length=508
109388at5125	USED	length=392
109405at5125	USED	length=499
109489at5125	USED	length=626
109622at5125	USED	length=323
109683at5125	USED	length=821
109748at5125	USED	length=352
109749at5125	USED	length=444
109787at5125	USED	length=380
109995at5125	USED	length=762
110213at5125	USED	length=372
110350at5125	USED	length=356
110477at5125	USED	length=228
110553at5125	USED	length=381
110607at5125	USED	length=1020
110706at5125	USED	length=243
110760at5125	USED	length=798
111006at5125	USED	length=527
111022at5125	USED	length=150
111121at5125	USED	length=386
111141at5125	USED	length=157
111250at5125	USED	length=255
111256at5125	USED	length=824
111448at5125	USED	length=708
111472at5125	USED	length=136
111633at5125	USED	length=421
111745at5125	USED	length=1511
111793at5125	USED	length=279
111814at5125	USED	length=182
111824at5125	USED	length=532
111974at5125	USED	length=249
112361at5125	USED	length=330
112495at5125	USED	length=389
1126at5125	USED	length=104
112759at5125	USED	length=434
112857at5125	USED	length=688
113297at5125	USED	length=299
113478at5125	USED	length=1078
113652at5125	USED	length=2520
113708at5125	USED	length=612
113918at5125	USED	length=527
113996at5125	USED	length=349
114075at5125	USED	length=277
114290at5125	USED	length=742
114765at5125	USED	length=504
114818at5125	USED	length=593
114988at5125	USED	length=203
11508at5125	USED	length=250
115096at5125	USED	length=322
115231at5125	USED	length=735
115232at5125	USED	length=516
115704at5125	USED	length=348
115723at5125	USED	length=515
115821at5125	USED	length=359
116059at5125	USED	length=680
116160at5125	USED	length=1053
116354at5125	USED	length=633
116362at5125	USED	length=657
116774at5125	USED	length=508
116802at5125	USED	length=572
116813at5125	USED	length=645
116853at5125	USED	length=646
116889at5125	USED	length=878
116909at5125	USED	length=566
117043at5125	USED	length=845
117138at5125	USED	length=426
117213at5125	USED	length=134
117246at5125	USED	length=753
117310at5125	USED	length=724
117335at5125	USED	length=385
117461at5125	USED	length=263
117522at5125	USED	length=456
117651at5125	USED	length=389
117708at5125	USED	length=833
117713at5125	USED	length=374
117758at5125	USED	length=692
117851at5125	USED	length=642
117933at5125	USED	length=315
117967at5125	USED	length=401
118152at5125	USED	length=336
118180at5125	USED	length=412
118228at5125	USED	length=321
118240at5125	USED	length=295
118246at5125	USED	length=723
118253at5125	USED	length=314
118267at5125	USED	length=1822
118271at5125	USED	length=527
118331at5125	USED	length=1067
118348at5125	USED	length=973
118429at5125	USED	length=349
118641at5125	USED	length=93
118684at5125	USED	length=1114
118692at5125	USED	length=410
118702at5125	USED	length=929
118861at5125	USED	length=539
118862at5125	USED	length=853
118905at5125	USED	length=1279
118929at5125	USED	length=338
119185at5125	USED	length=637
119210at5125	USED	length=459
119486at5125	USED	length=426
119545at5125	USED	length=906
119604at5125	USED	length=589
119667at5125	USED	length=577
119948at5125	USED	length=338
120005at5125	USED	length=581
120027at5125	USED	length=216
120029at5125	USED	length=355
120169at5125	USED	length=1549
120211at5125	USED	length=651
120257at5125	USED	length=303
120267at5125	USED	length=1166
120738at5125	USED	length=1037
120864at5125	USED	length=338
120923at5125	USED	length=190
120978at5125	USED	length=689
121194at5125	USED	length=192
121248at5125	USED	length=698
121296at5125	USED	length=174
121343at5125	USED	length=265
121374at5125	USED	length=674
121394at5125	USED	length=179
121522at5125	USED	length=908
121723at5125	USED	length=419
121996at5125	USED	length=163
122130at5125	USED	length=835
122213at5125	USED	length=1054
122476at5125	USED	length=1209
122625at5125	USED	length=430
122644at5125	USED	length=363
122741at5125	USED	length=563
122746at5125	USED	length=258
122783at5125	USED	length=195
123028at5125	USED	length=586
123209at5125	USED	length=682
123402at5125	USED	length=989
123445at5125	USED	length=235
123602at5125	USED	length=679
123654at5125	USED	length=551
123677at5125	USED	length=505
123797at5125	USED	length=634
123931at5125	USED	length=302
124050at5125	USED	length=224
124218at5125	USED	length=741
124265at5125	USED	length=303
124274at5125	USED	length=170
124375at5125	USED	length=564
124478at5125	USED	length=885
124584at5125	USED	length=718
124677at5125	USED	length=529
124784at5125	USED	length=114
124800at5125	USED	length=1130
124854at5125	USED	length=1480
124897at5125	USED	length=495
125149at5125	USED	length=822
125215at5125	USED	length=2670
125236at5125	USED	length=273
125329at5125	USED	length=1076
125872at5125	USED	length=869
126424at5125	USED	length=234
126537at5125	USED	length=372
126820at5125	USED	length=472
126821at5125	USED	length=786
126981at5125	USED	length=897
127075at5125	USED	length=224
127259at5125	USED	length=370
127293at5125	USED	length=177
127395at5125	USED	length=193
127405at5125	USED	length=535
127455at5125	USED	length=694
127620at5125	USED	length=827
127853at5125	USED	length=772
128056at5125	USED	length=240
128161at5125	USED	length=135
128629at5125	USED	length=258
128686at5125	USED	length=220
128844at5125	USED	length=391
129146at5125	USED	length=343
129299at5125	USED	length=1156
129422at5125	USED	length=555
129579at5125	USED	length=655
129627at5125	USED	length=274
130113at5125	USED	length=219
130228at5125	USED	length=2281
130446at5125	USED	length=1207
130464at5125	USED	length=377
130491at5125	USED	length=416
130536at5125	USED	length=532
131341at5125	USED	length=687
131466at5125	USED	length=314
131496at5125	USED	length=278
131823at5125	USED	length=675
132232at5125	USED	length=542
132328at5125	USED	length=346
132392at5125	USED	length=601
132508at5125	USED	length=360
132518at5125	USED	length=539
132519at5125	USED	length=385
132532at5125	USED	length=430
132557at5125	USED	length=251
132837at5125	USED	length=496
132861at5125	USED	length=361
132880at5125	USED	length=1234
133074at5125	USED	length=398
133284at5125	USED	length=340
13332at5125	USED	length=338
133736at5125	USED	length=224
133765at5125	USED	length=310
133785at5125	USED	length=397
134188at5125	USED	length=583
134459at5125	USED	length=526
134497at5125	USED	length=306
134824at5125	USED	length=441
135314at5125	USED	length=838
136016at5125	USED	length=655
136066at5125	USED	length=495
136151at5125	USED	length=233
136161at5125	USED	length=921
13666at5125	USED	length=543
1368at5125	USED	length=182
137651at5125	USED	length=277
13873at5125	USED	length=320
140216at5125	USED	length=1102
140657at5125	USED	length=361
14224at5125	USED	length=702
142605at5125	USED	length=236
142614at5125	USED	length=335
142659at5125	USED	length=317
142711at5125	USED	length=690
142717at5125	USED	length=552
142744at5125	USED	length=264
142753at5125	USED	length=187
142762at5125	USED	length=612
142765at5125	USED	length=242
142774at5125	USED	length=190
142792at5125	USED	length=399
142796at5125	USED	length=254
142810at5125	USED	length=362
142866at5125	USED	length=300
142896at5125	USED	length=398
142908at5125	USED	length=123
142988at5125	USED	length=240
143020at5125	USED	length=213
143113at5125	USED	length=303
143133at5125	USED	length=94
143201at5125	USED	length=378
143274at5125	USED	length=1516
143279at5125	USED	length=285
143328at5125	USED	length=783
143343at5125	USED	length=791
143401at5125	USED	length=608
143419at5125	USED	length=198
143435at5125	USED	length=541
143455at5125	USED	length=224
143458at5125	USED	length=641
143494at5125	USED	length=1023
143525at5125	USED	length=461
143569at5125	USED	length=160
143572at5125	USED	length=504
143612at5125	USED	length=333
143650at5125	USED	length=641
143670at5125	USED	length=510
143695at5125	USED	length=187
143708at5125	USED	length=479
143732at5125	USED	length=464
143736at5125	USED	length=515
143746at5125	USED	length=477
143748at5125	USED	length=638
143758at5125	USED	length=331
143788at5125	USED	length=452
143798at5125	USED	length=456
143800at5125	USED	length=386
143850at5125	USED	length=822
143872at5125	USED	length=126
143886at5125	USED	length=327
143897at5125	USED	length=180
143904at5125	USED	length=255
143964at5125	USED	length=801
143977at5125	USED	length=600
144046at5125	USED	length=203
144059at5125	USED	length=1130
144088at5125	USED	length=367
144097at5125	USED	length=462
144112at5125	USED	length=205
144123at5125	USED	length=213
144186at5125	USED	length=462
144225at5125	USED	length=1556
144228at5125	USED	length=136
144267at5125	USED	length=150
144297at5125	USED	length=410
144298at5125	USED	length=723
144311at5125	USED	length=634
144313at5125	USED	length=345
144326at5125	USED	length=294
144360at5125	USED	length=674
144367at5125	USED	length=133
144375at5125	USED	length=259
144383at5125	USED	length=328
144401at5125	USED	length=637
144467at5125	USED	length=357
144512at5125	USED	length=164
144516at5125	USED	length=370
144517at5125	USED	length=194
144522at5125	USED	length=514
144552at5125	USED	length=503
144576at5125	USED	length=1399
144600at5125	USED	length=413
144670at5125	USED	length=339
144726at5125	USED	length=388
144753at5125	USED	length=494
144773at5125	USED	length=314
144785at5125	USED	length=407
144815at5125	USED	length=120
144840at5125	USED	length=176
144864at5125	USED	length=358
144920at5125	USED	length=553
144922at5125	USED	length=291
144945at5125	USED	length=97
144967at5125	USED	length=923
144971at5125	USED	length=1683
144984at5125	USED	length=307
145013at5125	USED	length=310
145064at5125	USED	length=818
145125at5125	USED	length=133
145156at5125	USED	length=331
145191at5125	USED	length=621
145275at5125	USED	length=260
145282at5125	USED	length=1375
145312at5125	USED	length=1888
145316at5125	USED	length=1124
145359at5125	USED	length=484
145386at5125	USED	length=263
145393at5125	USED	length=213
145444at5125	USED	length=360
145447at5125	USED	length=762
145460at5125	USED	length=449
14550at5125	USED	length=335
145513at5125	USED	length=197
145527at5125	USED	length=634
145576at5125	USED	length=312
145577at5125	USED	length=898
145586at5125	USED	length=381
145590at5125	USED	length=779
145619at5125	USED	length=305
145636at5125	USED	length=356
145686at5125	USED	length=260
145704at5125	USED	length=1680
145724at5125	USED	length=175
145732at5125	USED	length=1344
145737at5125	USED	length=229
145748at5125	USED	length=1179
145765at5125	USED	length=852
145767at5125	USED	length=937
145777at5125	USED	length=943
145779at5125	USED	length=371
145780at5125	USED	length=647
145787at5125	USED	length=351
145825at5125	USED	length=911
145843at5125	USED	length=671
145874at5125	USED	length=695
145875at5125	USED	length=1164
145877at5125	USED	length=307
145887at5125	USED	length=364
145901at5125	USED	length=410
145948at5125	USED	length=327
145968at5125	USED	length=1533
145983at5125	USED	length=476
145990at5125	USED	length=215
146029at5125	USED	length=196
146108at5125	USED	length=388
146113at5125	USED	length=269
146159at5125	USED	length=2367
146193at5125	USED	length=675
146195at5125	USED	length=405
146210at5125	USED	length=966
146225at5125	USED	length=205
146260at5125	USED	length=825
146304at5125	USED	length=341
146305at5125	USED	length=741
146308at5125	USED	length=291
146354at5125	USED	length=482
146365at5125	USED	length=354
146373at5125	USED	length=596
146407at5125	USED	length=1254
146454at5125	USED	length=854
146464at5125	USED	length=312
146492at5125	USED	length=475
146527at5125	USED	length=741
146584at5125	USED	length=741
146592at5125	USED	length=459
146599at5125	USED	length=762
146609at5125	USED	length=255
146614at5125	USED	length=590
146620at5125	USED	length=1183
146650at5125	USED	length=320
146684at5125	USED	length=508
146710at5125	USED	length=527
146713at5125	USED	length=640
146718at5125	USED	length=378
146797at5125	USED	length=279
146812at5125	USED	length=515
146835at5125	USED	length=603
146838at5125	USED	length=259
146852at5125	USED	length=983
146866at5125	USED	length=508
146886at5125	USED	length=766
146904at5125	USED	length=891
146944at5125	USED	length=561
146949at5125	USED	length=356
146956at5125	USED	length=890
146958at5125	USED	length=718
146966at5125	USED	length=1516
146969at5125	USED	length=432
146977at5125	USED	length=581
146989at5125	USED	length=296
146990at5125	USED	length=778
147012at5125	USED	length=1110
147014at5125	USED	length=618
147023at5125	USED	length=209
147050at5125	USED	length=1332
147056at5125	USED	length=879
147070at5125	USED	length=1604
147089at5125	USED	length=424
147097at5125	USED	length=243
147100at5125	USED	length=356
147105at5125	USED	length=573
147122at5125	USED	length=1236
147132at5125	USED	length=332
147139at5125	USED	length=533
147165at5125	USED	length=604
147187at5125	USED	length=757
147196at5125	USED	length=512
147197at5125	USED	length=638
147226at5125	USED	length=411
147233at5125	USED	length=355
147258at5125	USED	length=118
147291at5125	USED	length=436
147307at5125	USED	length=394
147312at5125	USED	length=243
147317at5125	USED	length=510
147328at5125	USED	length=1059
147339at5125	USED	length=779
147351at5125	USED	length=833
147370at5125	USED	length=1028
147373at5125	USED	length=692
147384at5125	USED	length=341
147386at5125	USED	length=422
147388at5125	USED	length=403
147390at5125	USED	length=210
147407at5125	USED	length=819
147411at5125	USED	length=1056
147417at5125	USED	length=713
147418at5125	USED	length=1596
147421at5125	USED	length=304
147429at5125	USED	length=591
147430at5125	USED	length=259
147436at5125	USED	length=1418
147440at5125	USED	length=290
147464at5125	USED	length=240
147480at5125	USED	length=478
147482at5125	USED	length=687
147491at5125	USED	length=196
147496at5125	USED	length=1066
147509at5125	USED	length=193
147526at5125	USED	length=231
147534at5125	USED	length=309
147572at5125	USED	length=1009
147594at5125	USED	length=840
147604at5125	USED	length=610
147615at5125	USED	length=2058
147629at5125	USED	length=302
147679at5125	USED	length=1156
147704at5125	USED	length=189
147706at5125	USED	length=729
147709at5125	USED	length=354
147729at5125	USED	length=541
147732at5125	USED	length=485
147780at5125	USED	length=222
147785at5125	USED	length=546
147791at5125	USED	length=1004
147798at5125	USED	length=1288
147870at5125	USED	length=625
147897at5125	USED	length=708
147904at5125	USED	length=419
147934at5125	USED	length=203
147945at5125	USED	length=450
147947at5125	USED	length=410
147952at5125	USED	length=172
147969at5125	USED	length=258
147974at5125	USED	length=406
147983at5125	USED	length=496
147987at5125	USED	length=526
147989at5125	USED	length=221
147995at5125	USED	length=1094
148025at5125	USED	length=397
148036at5125	USED	length=380
148057at5125	USED	length=1045
148071at5125	USED	length=694
148089at5125	USED	length=291
148094at5125	USED	length=1442
148115at5125	USED	length=245
148128at5125	USED	length=540
148132at5125	USED	length=493
148139at5125	USED	length=406
148145at5125	USED	length=200
148163at5125	USED	length=305
148171at5125	USED	length=471
148206at5125	USED	length=633
148214at5125	USED	length=672
148218at5125	USED	length=409
148238at5125	USED	length=156
148243at5125	USED	length=431
148251at5125	USED	length=702
148253at5125	USED	length=281
148254at5125	USED	length=446
148294at5125	USED	length=897
148308at5125	USED	length=413
148328at5125	USED	length=344
148364at5125	USED	length=97
148373at5125	USED	length=701
148406at5125	USED	length=601
148432at5125	USED	length=670
148434at5125	USED	length=138
148450at5125	USED	length=1303
148482at5125	USED	length=217
148496at5125	USED	length=550
148537at5125	USED	length=209
148544at5125	USED	length=980
148585at5125	USED	length=979
148586at5125	USED	length=683
148589at5125	USED	length=586
148595at5125	USED	length=722
148624at5125	USED	length=854
148633at5125	USED	length=543
148651at5125	USED	length=154
148656at5125	USED	length=688
148661at5125	USED	length=220
148665at5125	USED	length=287
148683at5125	USED	length=905
148703at5125	USED	length=1102
148712at5125	USED	length=544
148742at5125	USED	length=353
148749at5125	USED	length=400
148759at5125	USED	length=307
148773at5125	USED	length=250
148781at5125	USED	length=1758
148804at5125	USED	length=639
148818at5125	USED	length=1224
148833at5125	USED	length=484
148850at5125	USED	length=1488
148862at5125	USED	length=1224
148868at5125	USED	length=282
148876at5125	USED	length=459
148880at5125	USED	length=1691
148888at5125	USED	length=567
148893at5125	USED	length=385
148896at5125	USED	length=657
148904at5125	USED	length=759
148915at5125	USED	length=330
148928at5125	USED	length=636
148932at5125	USED	length=959
148955at5125	USED	length=788
148956at5125	USED	length=425
148968at5125	USED	length=1079
148972at5125	USED	length=1197
148990at5125	USED	length=1302
148993at5125	USED	length=260
148998at5125	USED	length=596
149001at5125	USED	length=1502
149002at5125	USED	length=377
149006at5125	USED	length=481
149010at5125	USED	length=3991
149043at5125	USED	length=1757
149053at5125	USED	length=294
149063at5125	USED	length=381
149072at5125	USED	length=261
149080at5125	USED	length=581
149083at5125	USED	length=484
14908at5125	USED	length=524
149099at5125	USED	length=1449
149103at5125	USED	length=1337
149105at5125	USED	length=668
149114at5125	USED	length=468
149125at5125	USED	length=300
149138at5125	USED	length=214
149142at5125	USED	length=470
149160at5125	USED	length=203
149188at5125	USED	length=1132
149211at5125	USED	length=781
149223at5125	USED	length=339
149224at5125	USED	length=916
149236at5125	USED	length=319
149240at5125	USED	length=926
149243at5125	USED	length=694
149296at5125	USED	length=446
149312at5125	USED	length=344
149338at5125	USED	length=546
149343at5125	USED	length=992
149354at5125	USED	length=809
149362at5125	USED	length=632
149376at5125	USED	length=628
149403at5125	USED	length=422
149444at5125	USED	length=822
149469at5125	USED	length=1385
149473at5125	USED	length=903
149477at5125	USED	length=1777
149481at5125	USED	length=404
149483at5125	USED	length=522
149512at5125	USED	length=489
149655at5125	USED	length=548
149664at5125	USED	length=472
149674at5125	USED	length=1105
149675at5125	USED	length=945
149680at5125	USED	length=385
149736at5125	USED	length=841
149746at5125	USED	length=1304
149785at5125	USED	length=258
14979at5125	USED	length=199
149809at5125	USED	length=656
149841at5125	USED	length=695
149845at5125	USED	length=249
149853at5125	USED	length=398
149858at5125	USED	length=1002
149862at5125	USED	length=1209
149885at5125	USED	length=276
149888at5125	USED	length=296
149901at5125	USED	length=983
149932at5125	USED	length=288
149946at5125	USED	length=341
149950at5125	USED	length=1917
149958at5125	USED	length=795
149976at5125	USED	length=424
149988at5125	USED	length=889
149991at5125	USED	length=770
149996at5125	USED	length=494
150004at5125	USED	length=620
150019at5125	USED	length=1363
150028at5125	USED	length=397
150032at5125	USED	length=795
150037at5125	USED	length=809
150038at5125	USED	length=181
150047at5125	USED	length=828
150050at5125	USED	length=520
150051at5125	USED	length=239
150080at5125	USED	length=287
150085at5125	USED	length=878
150091at5125	USED	length=395
150103at5125	USED	length=1073
150104at5125	USED	length=440
150120at5125	USED	length=287
150127at5125	USED	length=500
150159at5125	USED	length=153
150166at5125	USED	length=1350
150171at5125	USED	length=430
150187at5125	USED	length=213
150192at5125	USED	length=783
150195at5125	USED	length=377
150197at5125	USED	length=903
150210at5125	USED	length=524
150217at5125	USED	length=369
150220at5125	USED	length=444
150227at5125	USED	length=497
150228at5125	USED	length=344
150236at5125	USED	length=398
150240at5125	USED	length=240
150271at5125	USED	length=804
150279at5125	USED	length=1545
150308at5125	USED	length=2420
150311at5125	USED	length=779
150335at5125	USED	length=201
150346at5125	USED	length=988
150363at5125	USED	length=775
150373at5125	USED	length=345
150382at5125	USED	length=1017
150395at5125	USED	length=331
150399at5125	USED	length=205
150406at5125	USED	length=789
150438at5125	USED	length=527
150456at5125	USED	length=1175
150457at5125	USED	length=1055
150461at5125	USED	length=1078
150465at5125	USED	length=319
150481at5125	USED	length=286
150497at5125	USED	length=348
150509at5125	USED	length=236
150523at5125	USED	length=698
150576at5125	USED	length=185
150600at5125	USED	length=1237
150670at5125	USED	length=606
150671at5125	USED	length=190
150672at5125	USED	length=348
150680at5125	USED	length=142
150689at5125	USED	length=1176
150694at5125	USED	length=1586
150701at5125	USED	length=418
150703at5125	USED	length=80
150721at5125	USED	length=423
150726at5125	USED	length=161
150733at5125	USED	length=193
150751at5125	USED	length=1356
150756at5125	USED	length=471
150768at5125	USED	length=418
150783at5125	USED	length=1035
150796at5125	USED	length=984
150806at5125	USED	length=1751
150808at5125	USED	length=786
150815at5125	USED	length=862
150827at5125	USED	length=853
150843at5125	USED	length=438
150867at5125	USED	length=678
150883at5125	USED	length=245
150884at5125	USED	length=685
150938at5125	USED	length=283
150957at5125	USED	length=602
151009at5125	USED	length=1133
151015at5125	USED	length=1361
151020at5125	USED	length=258
151028at5125	USED	length=1289
151056at5125	USED	length=940
151058at5125	USED	length=421
151069at5125	USED	length=300
151086at5125	USED	length=408
151093at5125	USED	length=924
151095at5125	USED	length=719
151104at5125	USED	length=383
151105at5125	USED	length=959
151118at5125	USED	length=1144
15111at5125	USED	length=240
151120at5125	USED	length=453
151123at5125	USED	length=697
151131at5125	USED	length=729
151132at5125	USED	length=346
151151at5125	USED	length=626
151158at5125	USED	length=333
151166at5125	USED	length=574
151185at5125	USED	length=140
151213at5125	USED	length=156
151218at5125	USED	length=1142
151232at5125	USED	length=1143
151237at5125	USED	length=1471
151273at5125	USED	length=253
151285at5125	USED	length=652
151305at5125	USED	length=1983
151310at5125	USED	length=272
151321at5125	USED	length=483
151327at5125	USED	length=439
151342at5125	USED	length=979
151350at5125	USED	length=364
151354at5125	USED	length=648
151360at5125	USED	length=174
151371at5125	USED	length=153
151378at5125	USED	length=102
151383at5125	USED	length=456
151413at5125	USED	length=806
151417at5125	USED	length=437
151426at5125	USED	length=433
151438at5125	USED	length=143
151448at5125	USED	length=454
151449at5125	USED	length=606
151457at5125	USED	length=1498
151470at5125	USED	length=168
151471at5125	USED	length=879
151483at5125	USED	length=577
151512at5125	USED	length=1048
151520at5125	USED	length=917
151526at5125	USED	length=769
151536at5125	USED	length=276
151538at5125	USED	length=350
151541at5125	USED	length=469
151570at5125	USED	length=134
151574at5125	USED	length=238
151581at5125	USED	length=185
151611at5125	USED	length=737
151617at5125	USED	length=167
151627at5125	USED	length=939
151655at5125	USED	length=104
151656at5125	USED	length=263
151663at5125	USED	length=735
151672at5125	USED	length=346
151680at5125	USED	length=143
151697at5125	USED	length=572
151699at5125	USED	length=132
151701at5125	USED	length=331
151703at5125	USED	length=581
151704at5125	USED	length=404
151705at5125	USED	length=712
151716at5125	USED	length=96
151725at5125	USED	length=664
151756at5125	USED	length=622
151764at5125	USED	length=223
151769at5125	USED	length=295
151779at5125	USED	length=293
151787at5125	USED	length=180
151789at5125	USED	length=262
151794at5125	USED	length=933
151800at5125	USED	length=132
151818at5125	USED	length=154
151837at5125	USED	length=398
151841at5125	USED	length=118
151854at5125	USED	length=566
151859at5125	USED	length=190
151867at5125	USED	length=469
151883at5125	USED	length=610
151886at5125	USED	length=118
151896at5125	USED	length=352
151899at5125	USED	length=194
151933at5125	USED	length=407
151998at5125	USED	length=125
152000at5125	USED	length=423
152006at5125	USED	length=393
152012at5125	USED	length=392
152023at5125	USED	length=1036
152034at5125	USED	length=379
152046at5125	USED	length=1502
152057at5125	USED	length=398
152071at5125	USED	length=544
152081at5125	USED	length=1148
152092at5125	USED	length=165
152107at5125	USED	length=280
152116at5125	USED	length=876
152125at5125	USED	length=652
152161at5125	USED	length=348
152172at5125	USED	length=807
152179at5125	USED	length=410
152195at5125	USED	length=778
152196at5125	USED	length=264
152202at5125	USED	length=1498
152211at5125	USED	length=575
152222at5125	USED	length=415
152227at5125	USED	length=381
152242at5125	USED	length=1141
152244at5125	USED	length=254
152260at5125	USED	length=294
152261at5125	USED	length=752
152266at5125	USED	length=577
152289at5125	USED	length=389
152322at5125	USED	length=544
152327at5125	USED	length=374
152343at5125	USED	length=310
152348at5125	USED	length=291
152349at5125	USED	length=383
152352at5125	USED	length=309
152373at5125	USED	length=656
152393at5125	USED	length=433
152397at5125	USED	length=232
152424at5125	USED	length=664
152438at5125	USED	length=389
152454at5125	USED	length=109
152456at5125	USED	length=391
152467at5125	USED	length=318
152523at5125	USED	length=211
152551at5125	USED	length=110
152555at5125	USED	length=312
152589at5125	USED	length=479
152595at5125	USED	length=838
152649at5125	USED	length=292
152659at5125	USED	length=397
152690at5125	USED	length=230
15273at5125	USED	length=2368
152758at5125	USED	length=564
1531at5125	USED	length=224
153258at5125	USED	length=906
154892at5125	USED	length=110
154938at5125	USED	length=103
154949at5125	USED	length=321
155010at5125	USED	length=72
155052at5125	USED	length=160
155071at5125	USED	length=409
155075at5125	USED	length=171
155084at5125	USED	length=190
155115at5125	USED	length=576
155151at5125	USED	length=175
155176at5125	USED	length=376
155231at5125	USED	length=418
155322at5125	USED	length=304
155349at5125	USED	length=282
155402at5125	USED	length=121
155438at5125	USED	length=522
155446at5125	USED	length=147
155453at5125	USED	length=233
155476at5125	USED	length=169
155530at5125	USED	length=225
155682at5125	USED	length=345
155744at5125	USED	length=210
155745at5125	USED	length=167
155764at5125	USED	length=192
155846at5125	USED	length=111
155853at5125	USED	length=448
155934at5125	USED	length=270
155969at5125	USED	length=408
155994at5125	USED	length=89
155998at5125	USED	length=557
156019at5125	USED	length=357
156042at5125	USED	length=175
156052at5125	USED	length=188
156063at5125	USED	length=541
156070at5125	USED	length=448
15613at5125	USED	length=244
156142at5125	USED	length=182
156263at5125	USED	length=204
156336at5125	USED	length=509
156353at5125	USED	length=197
156424at5125	USED	length=151
156446at5125	USED	length=476
156448at5125	USED	length=342
156459at5125	USED	length=261
156460at5125	USED	length=484
156487at5125	USED	length=305
156493at5125	USED	length=192
156506at5125	USED	length=311
156541at5125	USED	length=620
156580at5125	USED	length=297
156597at5125	USED	length=979
156601at5125	USED	length=184
156607at5125	USED	length=206
156648at5125	USED	length=1143
156680at5125	USED	length=342
156754at5125	USED	length=413
156767at5125	USED	length=319
156795at5125	USED	length=685
156876at5125	USED	length=499
156919at5125	USED	length=624
157037at5125	USED	length=176
157079at5125	USED	length=204
157088at5125	USED	length=604
157125at5125	USED	length=187
157168at5125	USED	length=108
157199at5125	USED	length=897
157200at5125	USED	length=536
157214at5125	USED	length=619
157308at5125	USED	length=266
157320at5125	USED	length=339
157326at5125	USED	length=200
157343at5125	USED	length=163
157348at5125	USED	length=403
157356at5125	USED	length=290
157399at5125	USED	length=254
157425at5125	USED	length=616
157510at5125	USED	length=439
157540at5125	USED	length=175
157566at5125	USED	length=396
157567at5125	USED	length=537
157569at5125	USED	length=694
157586at5125	USED	length=976
157650at5125	USED	length=262
157655at5125	USED	length=318
157662at5125	USED	length=499
157705at5125	USED	length=924
157724at5125	USED	length=1162
157969at5125	USED	length=643
158013at5125	USED	length=516
158038at5125	USED	length=3061
158146at5125	USED	length=1012
158150at5125	USED	length=318
158153at5125	USED	length=110
158169at5125	USED	length=209
158172at5125	USED	length=482
158184at5125	USED	length=119
158191at5125	USED	length=293
158279at5125	USED	length=499
158308at5125	USED	length=218
158369at5125	USED	length=169
158376at5125	USED	length=262
158397at5125	USED	length=472
158495at5125	USED	length=487
158575at5125	USED	length=1236
158635at5125	USED	length=755
158676at5125	USED	length=480
158696at5125	USED	length=556
158729at5125	USED	length=1201
158755at5125	USED	length=685
158919at5125	USED	length=428
158971at5125	USED	length=2211
159034at5125	USED	length=825
159074at5125	USED	length=506
159093at5125	USED	length=1052
159129at5125	USED	length=459
159220at5125	USED	length=922
159240at5125	USED	length=1160
159254at5125	USED	length=183
159413at5125	USED	length=313
159414at5125	USED	length=1170
159419at5125	USED	length=635
159434at5125	USED	length=959
159464at5125	USED	length=201
159568at5125	USED	length=471
159586at5125	USED	length=525
159599at5125	USED	length=573
159608at5125	USED	length=208
159659at5125	USED	length=989
159675at5125	USED	length=340
159725at5125	USED	length=252
159775at5125	USED	length=572
159779at5125	USED	length=1780
159795at5125	USED	length=1525
159847at5125	USED	length=774
159849at5125	USED	length=479
159893at5125	USED	length=383
159947at5125	USED	length=940
159977at5125	USED	length=738
160054at5125	USED	length=781
160084at5125	USED	length=260
160146at5125	USED	length=401
160150at5125	USED	length=578
160252at5125	USED	length=188
160254at5125	USED	length=645
160288at5125	USED	length=362
160311at5125	USED	length=388
160363at5125	USED	length=436
160402at5125	USED	length=506
160416at5125	USED	length=346
160430at5125	USED	length=404
160481at5125	USED	length=224
160515at5125	USED	length=480
160549at5125	USED	length=787
160558at5125	USED	length=85
160590at5125	USED	length=774
160649at5125	USED	length=470
160656at5125	USED	length=2098
160794at5125	USED	length=564
160829at5125	USED	length=672
160886at5125	USED	length=1039
160944at5125	USED	length=943
160997at5125	USED	length=436
161002at5125	USED	length=538
161011at5125	USED	length=837
161030at5125	USED	length=538
161032at5125	USED	length=673
161067at5125	USED	length=579
161079at5125	USED	length=401
161093at5125	USED	length=162
161105at5125	USED	length=210
161125at5125	USED	length=1150
161133at5125	USED	length=251
161150at5125	USED	length=814
161183at5125	USED	length=188
161216at5125	USED	length=612
161227at5125	USED	length=311
161246at5125	USED	length=534
161328at5125	USED	length=517
161391at5125	USED	length=759
161397at5125	USED	length=476
161429at5125	USED	length=796
161480at5125	USED	length=743
161490at5125	USED	length=821
161503at5125	USED	length=531
161523at5125	USED	length=509
161527at5125	USED	length=297
161531at5125	USED	length=323
161548at5125	USED	length=788
161642at5125	USED	length=748
161710at5125	USED	length=529
161824at5125	USED	length=359
161946at5125	USED	length=554
161951at5125	USED	length=498
162051at5125	USED	length=832
162075at5125	USED	length=560
162144at5125	USED	length=516
162201at5125	USED	length=458
162224at5125	USED	length=715
162236at5125	USED	length=547
162248at5125	USED	length=604
162354at5125	USED	length=354
162355at5125	USED	length=380
162375at5125	USED	length=1201
162432at5125	USED	length=298
162479at5125	USED	length=481
162488at5125	USED	length=235
162501at5125	USED	length=747
162504at5125	USED	length=452
162562at5125	USED	length=755
162575at5125	USED	length=429
162618at5125	USED	length=552
162624at5125	USED	length=811
162678at5125	USED	length=1969
162679at5125	USED	length=1161
162696at5125	USED	length=620
162702at5125	USED	length=485
162724at5125	USED	length=1380
162765at5125	USED	length=616
162780at5125	USED	length=928
162790at5125	USED	length=231
162796at5125	USED	length=1359
16289at5125	USED	length=791
162917at5125	USED	length=918
163016at5125	USED	length=1158
163041at5125	USED	length=1015
163068at5125	USED	length=388
163085at5125	USED	length=481
163087at5125	USED	length=323
163259at5125	USED	length=643
163274at5125	USED	length=962
163287at5125	USED	length=787
163290at5125	USED	length=1781
163311at5125	USED	length=424
163351at5125	USED	length=493
163352at5125	USED	length=456
163395at5125	USED	length=146
163439at5125	USED	length=493
163469at5125	USED	length=1855
163474at5125	USED	length=635
16347at5125	USED	length=261
163535at5125	USED	length=155
163602at5125	USED	length=1075
163631at5125	USED	length=612
163663at5125	USED	length=345
163684at5125	USED	length=621
163789at5125	USED	length=599
163803at5125	USED	length=752
163818at5125	USED	length=573
163824at5125	USED	length=310
163848at5125	USED	length=493
163863at5125	USED	length=552
164029at5125	USED	length=492
164031at5125	USED	length=336
164071at5125	USED	length=539
164119at5125	USED	length=696
164130at5125	USED	length=343
164134at5125	USED	length=1486
164188at5125	USED	length=474
164199at5125	USED	length=674
164200at5125	USED	length=675
164218at5125	USED	length=1682
164221at5125	USED	length=584
164226at5125	USED	length=443
164238at5125	USED	length=2108
164296at5125	USED	length=548
164437at5125	USED	length=497
164522at5125	USED	length=1030
164556at5125	USED	length=335
164705at5125	USED	length=339
164715at5125	USED	length=1215
164835at5125	USED	length=1056
164881at5125	USED	length=657
164904at5125	USED	length=962
164914at5125	USED	length=483
164921at5125	USED	length=215
164922at5125	USED	length=724
164929at5125	USED	length=382
164949at5125	USED	length=256
164952at5125	USED	length=463
164959at5125	USED	length=574
164965at5125	USED	length=478
165013at5125	USED	length=448
165014at5125	USED	length=380
165064at5125	USED	length=307
165113at5125	USED	length=883
165144at5125	USED	length=431
165187at5125	USED	length=732
165211at5125	USED	length=152
165230at5125	USED	length=691
165246at5125	USED	length=367
165247at5125	USED	length=279
165282at5125	USED	length=420
165325at5125	USED	length=153
165342at5125	USED	length=662
165431at5125	USED	length=1451
165485at5125	USED	length=432
165493at5125	USED	length=400
165595at5125	USED	length=471
165599at5125	USED	length=395
165659at5125	USED	length=739
165660at5125	USED	length=466
165698at5125	USED	length=549
165703at5125	USED	length=680
165709at5125	USED	length=1272
165768at5125	USED	length=1622
165808at5125	USED	length=521
165862at5125	USED	length=171
165878at5125	USED	length=303
165916at5125	USED	length=827
165951at5125	USED	length=1511
165969at5125	USED	length=461
165977at5125	USED	length=1214
165983at5125	USED	length=1243
166182at5125	USED	length=772
166209at5125	USED	length=743
166238at5125	USED	length=296
166245at5125	USED	length=486
166248at5125	USED	length=422
166250at5125	USED	length=237
166288at5125	USED	length=1046
166322at5125	USED	length=243
166371at5125	USED	length=700
166384at5125	USED	length=804
166414at5125	USED	length=313
166423at5125	USED	length=716
166485at5125	USED	length=444
166533at5125	USED	length=1133
166537at5125	USED	length=336
166549at5125	USED	length=246
166587at5125	USED	length=463
166628at5125	USED	length=323
166753at5125	USED	length=622
166761at5125	USED	length=125
166762at5125	USED	length=879
166766at5125	USED	length=409
166798at5125	USED	length=1774
1667at5125	USED	length=158
166802at5125	USED	length=370
166815at5125	USED	length=1569
166819at5125	USED	length=3204
166847at5125	USED	length=319
166969at5125	USED	length=778
166980at5125	USED	length=329
166982at5125	USED	length=839
167022at5125	USED	length=495
167056at5125	USED	length=343
167093at5125	USED	length=629
167122at5125	USED	length=1359
167188at5125	USED	length=346
167197at5125	USED	length=649
167295at5125	USED	length=221
167343at5125	USED	length=350
167364at5125	USED	length=455
167407at5125	USED	length=923
167423at5125	USED	length=637
167438at5125	USED	length=384
167458at5125	USED	length=1844
167468at5125	USED	length=2548
167501at5125	USED	length=936
167575at5125	USED	length=658
167616at5125	USED	length=1751
167635at5125	USED	length=698
167651at5125	USED	length=1451
167682at5125	USED	length=735
167715at5125	USED	length=532
167742at5125	USED	length=864
167802at5125	USED	length=1505
167858at5125	USED	length=504
167865at5125	USED	length=840
167888at5125	USED	length=885
167949at5125	USED	length=615
16795at5125	USED	length=580
168018at5125	USED	length=796
168073at5125	USED	length=512
168120at5125	USED	length=966
168133at5125	USED	length=273
168155at5125	USED	length=864
168213at5125	USED	length=1197
168222at5125	USED	length=1213
168224at5125	USED	length=1349
168254at5125	USED	length=311
168294at5125	USED	length=274
168384at5125	USED	length=240
168410at5125	USED	length=2881
168429at5125	USED	length=965
168442at5125	USED	length=306
168447at5125	USED	length=697
168579at5125	USED	length=652
168616at5125	USED	length=541
168621at5125	USED	length=1032
168688at5125	USED	length=136
168712at5125	USED	length=617
168749at5125	USED	length=1314
168782at5125	USED	length=1212
168804at5125	USED	length=1079
168819at5125	USED	length=324
168857at5125	USED	length=1536
168897at5125	USED	length=273
168910at5125	USED	length=758
168983at5125	USED	length=416
168990at5125	USED	length=216
169002at5125	USED	length=663
169162at5125	USED	length=473
169205at5125	USED	length=177
169207at5125	USED	length=122
169282at5125	USED	length=566
169411at5125	USED	length=249
169418at5125	USED	length=903
169465at5125	USED	length=263
169475at5125	USED	length=278
169487at5125	USED	length=538
169530at5125	USED	length=644
169582at5125	USED	length=1139
169629at5125	USED	length=285
169669at5125	USED	length=503
169678at5125	USED	length=743
169680at5125	USED	length=370
169685at5125	USED	length=266
169723at5125	USED	length=668
169814at5125	USED	length=1119
169905at5125	USED	length=701
169970at5125	USED	length=395
169976at5125	USED	length=582
169978at5125	USED	length=3878
169985at5125	USED	length=1387
170037at5125	USED	length=439
170050at5125	USED	length=352
170089at5125	USED	length=1598
170120at5125	USED	length=441
170121at5125	USED	length=638
170131at5125	USED	length=969
170132at5125	USED	length=908
170143at5125	USED	length=2070
170147at5125	USED	length=225
170149at5125	USED	length=2881
170199at5125	USED	length=1056
170211at5125	USED	length=924
170226at5125	USED	length=1211
170249at5125	USED	length=653
170297at5125	USED	length=784
170366at5125	USED	length=1421
170372at5125	USED	length=1321
170435at5125	USED	length=598
170488at5125	USED	length=1023
170530at5125	USED	length=545
170560at5125	USED	length=1123
170573at5125	USED	length=516
170581at5125	USED	length=446
170594at5125	USED	length=362
170607at5125	USED	length=729
170630at5125	USED	length=735
170639at5125	USED	length=126
170661at5125	USED	length=310
170683at5125	USED	length=346
170704at5125	USED	length=346
170726at5125	USED	length=869
170742at5125	USED	length=772
170827at5125	USED	length=1039
170842at5125	USED	length=491
170843at5125	USED	length=484
170867at5125	USED	length=633
170879at5125	USED	length=1782
170909at5125	USED	length=650
170956at5125	USED	length=428
170967at5125	USED	length=1500
170975at5125	USED	length=822
171001at5125	USED	length=816
171040at5125	USED	length=503
171080at5125	USED	length=660
171105at5125	USED	length=385
171114at5125	USED	length=2484
171217at5125	USED	length=185
171222at5125	USED	length=491
171237at5125	USED	length=522
171239at5125	USED	length=1053
171242at5125	USED	length=456
171267at5125	USED	length=610
171303at5125	USED	length=637
171324at5125	USED	length=596
171343at5125	USED	length=982
171374at5125	USED	length=206
171431at5125	USED	length=255
171475at5125	USED	length=736
171538at5125	USED	length=361
171553at5125	USED	length=1012
171555at5125	USED	length=496
171556at5125	USED	length=693
171558at5125	USED	length=499
171567at5125	USED	length=1157
171602at5125	USED	length=741
171619at5125	USED	length=766
171648at5125	USED	length=304
171651at5125	USED	length=378
171676at5125	USED	length=344
171683at5125	USED	length=1447
171700at5125	USED	length=224
171763at5125	USED	length=417
171815at5125	USED	length=399
171887at5125	USED	length=966
171971at5125	USED	length=897
171989at5125	USED	length=1057
172016at5125	USED	length=1126
172037at5125	USED	length=284
172069at5125	USED	length=1024
172099at5125	USED	length=148
172153at5125	USED	length=903
172166at5125	USED	length=574
172183at5125	USED	length=748
172219at5125	USED	length=408
172250at5125	USED	length=358
172292at5125	USED	length=615
172332at5125	USED	length=703
172371at5125	USED	length=327
172379at5125	USED	length=211
172393at5125	USED	length=638
172395at5125	USED	length=814
172407at5125	USED	length=767
172443at5125	USED	length=310
172445at5125	USED	length=322
172478at5125	USED	length=200
172493at5125	USED	length=562
172496at5125	USED	length=501
172525at5125	USED	length=521
172569at5125	USED	length=1592
172585at5125	USED	length=1214
172616at5125	USED	length=648
172619at5125	USED	length=1133
172679at5125	USED	length=430
172680at5125	USED	length=336
172691at5125	USED	length=381
172728at5125	USED	length=1455
172742at5125	USED	length=813
172757at5125	USED	length=548
172843at5125	USED	length=1520
172848at5125	USED	length=897
172851at5125	USED	length=423
172878at5125	USED	length=475
172891at5125	USED	length=1930
172896at5125	USED	length=191
172946at5125	USED	length=290
172978at5125	USED	length=585
172981at5125	USED	length=245
173042at5125	USED	length=375
173046at5125	USED	length=434
173074at5125	USED	length=529
173080at5125	USED	length=1149
173197at5125	USED	length=431
173242at5125	USED	length=425
17326at5125	USED	length=396
173277at5125	USED	length=641
173307at5125	USED	length=1078
173315at5125	USED	length=979
173335at5125	USED	length=170
173344at5125	USED	length=463
173363at5125	USED	length=695
173373at5125	USED	length=331
173416at5125	USED	length=273
173430at5125	USED	length=1083
173436at5125	USED	length=1224
173461at5125	USED	length=213
173466at5125	USED	length=414
173487at5125	USED	length=906
173562at5125	USED	length=954
173587at5125	USED	length=614
173599at5125	USED	length=1352
173613at5125	USED	length=708
173625at5125	USED	length=647
173636at5125	USED	length=316
173688at5125	USED	length=769
173731at5125	USED	length=251
173737at5125	USED	length=337
173785at5125	USED	length=317
173794at5125	USED	length=523
173817at5125	USED	length=620
173819at5125	USED	length=723
173843at5125	USED	length=229
173863at5125	USED	length=631
173880at5125	USED	length=485
173888at5125	USED	length=1610
173893at5125	USED	length=619
173896at5125	USED	length=516
173898at5125	USED	length=656
173929at5125	USED	length=268
173947at5125	USED	length=518
173960at5125	USED	length=849
173964at5125	USED	length=349
173992at5125	USED	length=150
174000at5125	USED	length=263
174012at5125	USED	length=480
174046at5125	USED	length=700
174060at5125	USED	length=2956
174062at5125	USED	length=588
174106at5125	USED	length=1517
174130at5125	USED	length=187
174131at5125	USED	length=496
174146at5125	USED	length=175
174148at5125	USED	length=370
174261at5125	USED	length=943
174291at5125	USED	length=408
174305at5125	USED	length=567
174321at5125	USED	length=549
174344at5125	USED	length=764
174382at5125	USED	length=596
174415at5125	USED	length=801
174421at5125	USED	length=714
174457at5125	USED	length=1336
174527at5125	USED	length=847
174539at5125	USED	length=302
174550at5125	USED	length=254
174557at5125	USED	length=272
174559at5125	USED	length=548
174576at5125	USED	length=809
174678at5125	USED	length=504
174696at5125	USED	length=885
174700at5125	USED	length=1006
174722at5125	USED	length=689
174745at5125	USED	length=559
174774at5125	USED	length=267
174795at5125	USED	length=740
174806at5125	USED	length=282
174815at5125	USED	length=734
174883at5125	USED	length=254
174884at5125	USED	length=919
174963at5125	USED	length=237
175003at5125	USED	length=319
175062at5125	USED	length=405
175064at5125	USED	length=2494
175088at5125	USED	length=521
175093at5125	USED	length=1172
175097at5125	USED	length=582
175136at5125	USED	length=479
175161at5125	USED	length=516
175175at5125	USED	length=395
175206at5125	USED	length=1106
175215at5125	USED	length=907
175228at5125	USED	length=1483
17522at5125	USED	length=723
175253at5125	USED	length=332
175267at5125	USED	length=73
175320at5125	USED	length=1165
175352at5125	USED	length=946
175362at5125	USED	length=322
175370at5125	USED	length=114
175381at5125	USED	length=338
175414at5125	USED	length=436
175417at5125	USED	length=256
175475at5125	USED	length=781
175492at5125	USED	length=440
175516at5125	USED	length=947
175525at5125	USED	length=229
175600at5125	USED	length=1422
175610at5125	USED	length=1681
175651at5125	USED	length=1458
175726at5125	USED	length=396
175737at5125	USED	length=712
175785at5125	USED	length=344
175786at5125	USED	length=646
175799at5125	USED	length=1212
175802at5125	USED	length=716
175820at5125	USED	length=1159
175828at5125	USED	length=1040
175857at5125	USED	length=1198
175878at5125	USED	length=177
175921at5125	USED	length=1332
175922at5125	USED	length=672
175924at5125	USED	length=723
175946at5125	USED	length=301
175948at5125	USED	length=565
175949at5125	USED	length=658
175985at5125	USED	length=816
175987at5125	USED	length=368
176029at5125	USED	length=1172
176038at5125	USED	length=656
176054at5125	USED	length=195
176071at5125	USED	length=415
176156at5125	USED	length=973
176172at5125	USED	length=219
176182at5125	USED	length=72
176249at5125	USED	length=790
176258at5125	USED	length=1276
176259at5125	USED	length=820
176272at5125	USED	length=514
176307at5125	USED	length=881
176311at5125	USED	length=161
176322at5125	USED	length=195
176443at5125	USED	length=737
176471at5125	USED	length=723
176491at5125	USED	length=306
176503at5125	USED	length=2185
176507at5125	USED	length=445
176520at5125	USED	length=177
176523at5125	USED	length=504
176599at5125	USED	length=766
176646at5125	USED	length=917
176713at5125	USED	length=1005
176723at5125	USED	length=369
176741at5125	USED	length=454
176762at5125	USED	length=1904
176785at5125	USED	length=777
176788at5125	USED	length=288
176799at5125	USED	length=689
17680at5125	USED	length=435
176811at5125	USED	length=1100
176871at5125	USED	length=504
176904at5125	USED	length=742
176948at5125	USED	length=210
176961at5125	USED	length=180
176993at5125	USED	length=860
177036at5125	USED	length=161
177039at5125	USED	length=901
177122at5125	USED	length=629
177147at5125	USED	length=610
177183at5125	USED	length=230
177189at5125	USED	length=331
177222at5125	USED	length=318
177230at5125	USED	length=201
177231at5125	USED	length=1089
177232at5125	USED	length=487
177241at5125	USED	length=303
177259at5125	USED	length=447
177278at5125	USED	length=293
177290at5125	USED	length=567
177342at5125	USED	length=939
177353at5125	USED	length=738
177371at5125	USED	length=612
177415at5125	USED	length=737
177426at5125	USED	length=691
177444at5125	USED	length=908
177455at5125	USED	length=1380
177457at5125	USED	length=687
177544at5125	USED	length=471
177559at5125	USED	length=448
177564at5125	USED	length=403
177567at5125	USED	length=219
177586at5125	USED	length=141
177630at5125	USED	length=409
177728at5125	USED	length=162
177762at5125	USED	length=960
177766at5125	USED	length=1930
177767at5125	USED	length=801
177818at5125	USED	length=1415
177827at5125	USED	length=582
177853at5125	USED	length=419
177863at5125	USED	length=214
177880at5125	USED	length=1024
177906at5125	USED	length=1042
177916at5125	USED	length=739
177931at5125	USED	length=671
177942at5125	USED	length=891
177945at5125	USED	length=234
177959at5125	USED	length=499
177981at5125	USED	length=1257
178012at5125	USED	length=1054
178040at5125	USED	length=505
178061at5125	USED	length=1104
178094at5125	USED	length=583
178097at5125	USED	length=184
178105at5125	USED	length=432
178119at5125	USED	length=1603
178137at5125	USED	length=544
178139at5125	USED	length=833
178155at5125	USED	length=1093
178166at5125	USED	length=736
178227at5125	USED	length=748
178240at5125	USED	length=1570
178276at5125	USED	length=170
178324at5125	USED	length=798
178327at5125	USED	length=230
178344at5125	USED	length=412
178361at5125	USED	length=398
178375at5125	USED	length=617
178441at5125	USED	length=779
178476at5125	USED	length=1238
178523at5125	USED	length=898
178535at5125	USED	length=310
178576at5125	USED	length=173
178597at5125	USED	length=412
178606at5125	USED	length=131
178610at5125	USED	length=1540
178650at5125	USED	length=350
178718at5125	USED	length=1346
178764at5125	USED	length=656
178804at5125	USED	length=456
178886at5125	USED	length=1027
178921at5125	USED	length=403
178923at5125	USED	length=246
178941at5125	USED	length=414
178944at5125	USED	length=137
179026at5125	USED	length=629
179037at5125	USED	length=908
179097at5125	USED	length=554
179134at5125	USED	length=871
179152at5125	USED	length=884
179153at5125	USED	length=539
179174at5125	USED	length=243
179189at5125	USED	length=1853
179206at5125	USED	length=266
179223at5125	USED	length=354
179304at5125	USED	length=472
179322at5125	USED	length=905
179382at5125	USED	length=813
179401at5125	USED	length=278
179413at5125	USED	length=1224
179419at5125	USED	length=356
179428at5125	USED	length=1534
179459at5125	USED	length=159
179505at5125	USED	length=265
179554at5125	USED	length=482
179587at5125	USED	length=212
179591at5125	USED	length=754
179593at5125	USED	length=210
179610at5125	USED	length=134
179628at5125	USED	length=203
179633at5125	USED	length=192
179675at5125	USED	length=232
179756at5125	USED	length=267
179758at5125	USED	length=354
179762at5125	USED	length=1127
179871at5125	USED	length=586
179888at5125	USED	length=385
179962at5125	USED	length=105
179971at5125	USED	length=1467
179973at5125	USED	length=573
179990at5125	USED	length=730
180025at5125	USED	length=524
180064at5125	USED	length=417
180078at5125	USED	length=532
180082at5125	USED	length=261
18011at5125	USED	length=690
180124at5125	USED	length=317
180143at5125	USED	length=447
180173at5125	USED	length=662
180249at5125	USED	length=611
180250at5125	USED	length=313
180318at5125	USED	length=1213
180376at5125	USED	length=194
180445at5125	USED	length=551
180530at5125	USED	length=212
180553at5125	USED	length=167
180576at5125	USED	length=148
180624at5125	USED	length=274
180666at5125	USED	length=119
180822at5125	USED	length=802
180908at5125	USED	length=668
181030at5125	USED	length=301
181220at5125	USED	length=295
182804at5125	USED	length=834
182897at5125	USED	length=330
182918at5125	USED	length=165
182989at5125	USED	length=87
182999at5125	USED	length=202
183061at5125	USED	length=384
183164at5125	USED	length=812
183168at5125	USED	length=184
183171at5125	USED	length=325
183175at5125	USED	length=366
183377at5125	USED	length=740
183457at5125	USED	length=613
183521at5125	USED	length=450
183561at5125	USED	length=411
183614at5125	USED	length=382
183626at5125	USED	length=145
183782at5125	USED	length=541
183796at5125	USED	length=501
183819at5125	USED	length=365
183865at5125	USED	length=749
183897at5125	USED	length=269
183976at5125	USED	length=292
184069at5125	USED	length=232
184193at5125	USED	length=770
184197at5125	USED	length=321
184229at5125	USED	length=352
184300at5125	USED	length=348
184393at5125	USED	length=515
184476at5125	USED	length=391
184484at5125	USED	length=1957
184544at5125	USED	length=771
184561at5125	USED	length=435
184612at5125	USED	length=443
184693at5125	USED	length=215
18472at5125	USED	length=759
184752at5125	USED	length=377
184768at5125	USED	length=298
184994at5125	USED	length=257
185058at5125	USED	length=432
185075at5125	USED	length=575
185107at5125	USED	length=511
185156at5125	USED	length=227
185264at5125	USED	length=899
185313at5125	USED	length=997
185317at5125	USED	length=180
185362at5125	USED	length=730
185388at5125	USED	length=942
185394at5125	USED	length=564
185410at5125	USED	length=419
185567at5125	USED	length=227
185583at5125	USED	length=302
185656at5125	USED	length=449
185840at5125	USED	length=424
185894at5125	USED	length=317
185977at5125	USED	length=1175
186030at5125	USED	length=372
186048at5125	USED	length=823
186270at5125	USED	length=534
186273at5125	USED	length=431
186300at5125	USED	length=167
186342at5125	USED	length=447
186387at5125	USED	length=548
186393at5125	USED	length=518
186423at5125	USED	length=225
186434at5125	USED	length=2189
186484at5125	USED	length=456
186540at5125	USED	length=195
186697at5125	USED	length=201
186777at5125	USED	length=381
186797at5125	USED	length=724
186889at5125	USED	length=613
186956at5125	USED	length=377
187114at5125	USED	length=894
187129at5125	USED	length=941
187205at5125	USED	length=848
187222at5125	USED	length=360
187285at5125	USED	length=3991
187298at5125	USED	length=523
187359at5125	USED	length=574
187461at5125	USED	length=221
187480at5125	USED	length=514
187488at5125	USED	length=265
187504at5125	USED	length=827
187533at5125	USED	length=275
187543at5125	USED	length=782
187547at5125	USED	length=342
187568at5125	USED	length=665
187581at5125	USED	length=851
187641at5125	USED	length=630
187755at5125	USED	length=231
187776at5125	USED	length=537
187793at5125	USED	length=147
187806at5125	USED	length=821
187890at5125	USED	length=816
187892at5125	USED	length=381
187913at5125	USED	length=206
188033at5125	USED	length=88
188140at5125	USED	length=485
188143at5125	USED	length=243
188183at5125	USED	length=363
188207at5125	USED	length=603
188286at5125	USED	length=222
188305at5125	USED	length=491
188349at5125	USED	length=584
188376at5125	USED	length=471
188560at5125	USED	length=761
188596at5125	USED	length=595
188618at5125	USED	length=691
188661at5125	USED	length=522
188731at5125	USED	length=677
188763at5125	USED	length=580
188849at5125	USED	length=542
188901at5125	USED	length=354
188926at5125	USED	length=282
188935at5125	USED	length=1355
188976at5125	USED	length=332
189044at5125	USED	length=517
189094at5125	USED	length=203
189222at5125	USED	length=655
189293at5125	USED	length=712
189299at5125	USED	length=1841
189332at5125	USED	length=768
189507at5125	USED	length=267
189623at5125	USED	length=727
189659at5125	USED	length=1827
189660at5125	USED	length=387
189770at5125	USED	length=305
189810at5125	USED	length=389
189951at5125	USED	length=139
190097at5125	USED	length=1042
190124at5125	USED	length=938
190197at5125	USED	length=338
190296at5125	USED	length=628
190298at5125	USED	length=287
190325at5125	USED	length=509
190395at5125	USED	length=206
190580at5125	USED	length=890
190666at5125	USED	length=832
190669at5125	USED	length=373
190696at5125	USED	length=131
190736at5125	USED	length=542
190757at5125	USED	length=333
190838at5125	USED	length=461
191124at5125	USED	length=302
191165at5125	USED	length=159
191183at5125	USED	length=352
191249at5125	USED	length=930
191303at5125	USED	length=300
191407at5125	USED	length=640
191408at5125	USED	length=462
191486at5125	USED	length=547
191618at5125	USED	length=1164
191625at5125	USED	length=565
191739at5125	USED	length=1121
191745at5125	USED	length=472
191786at5125	USED	length=268
191871at5125	USED	length=306
191891at5125	USED	length=480
191962at5125	USED	length=377
191986at5125	USED	length=234
191987at5125	USED	length=191
192027at5125	USED	length=133
192042at5125	USED	length=531
192089at5125	USED	length=173
192132at5125	USED	length=105
192205at5125	USED	length=603
192256at5125	USED	length=432
192292at5125	USED	length=1022
192395at5125	USED	length=2395
192649at5125	USED	length=574
192713at5125	USED	length=464
192816at5125	USED	length=235
192857at5125	USED	length=672
192877at5125	USED	length=565
192893at5125	USED	length=690
192949at5125	USED	length=903
192965at5125	USED	length=283
192988at5125	USED	length=493
193073at5125	USED	length=559
193166at5125	USED	length=1160
193301at5125	USED	length=1504
193406at5125	USED	length=523
193407at5125	USED	length=264
193439at5125	USED	length=259
193485at5125	USED	length=408
193587at5125	USED	length=539
193628at5125	USED	length=881
193637at5125	USED	length=650
193711at5125	USED	length=2260
193733at5125	USED	length=1425
193853at5125	USED	length=713
193985at5125	USED	length=359
194051at5125	USED	length=608
194080at5125	USED	length=280
194124at5125	USED	length=344
194148at5125	USED	length=531
194254at5125	USED	length=198
194361at5125	USED	length=3206
194382at5125	USED	length=589
194397at5125	USED	length=574
194414at5125	USED	length=427
194467at5125	USED	length=372
194553at5125	USED	length=304
194568at5125	USED	length=651
194652at5125	USED	length=197
194740at5125	USED	length=221
194757at5125	USED	length=377
194785at5125	USED	length=559
194836at5125	USED	length=289
194854at5125	USED	length=149
194873at5125	USED	length=481
194952at5125	USED	length=426
194997at5125	USED	length=236
195037at5125	USED	length=745
195101at5125	USED	length=663
195152at5125	USED	length=1038
195164at5125	USED	length=422
195203at5125	USED	length=327
195205at5125	USED	length=260
195281at5125	USED	length=315
195426at5125	USED	length=375
195452at5125	USED	length=686
195540at5125	USED	length=372
195627at5125	USED	length=129
195716at5125	USED	length=1273
195719at5125	USED	length=394
195958at5125	USED	length=1557
196071at5125	USED	length=733
196091at5125	USED	length=650
196158at5125	USED	length=592
196178at5125	USED	length=1011
196194at5125	USED	length=1291
196217at5125	USED	length=849
196387at5125	USED	length=260
196389at5125	USED	length=346
196603at5125	USED	length=96
196686at5125	USED	length=1924
196710at5125	USED	length=187
196715at5125	USED	length=348
196727at5125	USED	length=854
196731at5125	USED	length=333
196761at5125	USED	length=452
196794at5125	USED	length=488
196877at5125	USED	length=207
196906at5125	USED	length=922
196943at5125	USED	length=227
196979at5125	USED	length=709
196998at5125	USED	length=418
196999at5125	USED	length=455
197053at5125	USED	length=382
197068at5125	USED	length=982
197120at5125	USED	length=556
197129at5125	USED	length=601
197145at5125	USED	length=470
197173at5125	USED	length=1234
197178at5125	USED	length=378
197253at5125	USED	length=2092
197264at5125	USED	length=704
197313at5125	USED	length=530
197337at5125	USED	length=549
197398at5125	USED	length=1212
197462at5125	USED	length=472
197479at5125	USED	length=136
197491at5125	USED	length=1163
197523at5125	USED	length=1122
197636at5125	USED	length=957
197658at5125	USED	length=2094
197724at5125	USED	length=652
197725at5125	USED	length=546
197746at5125	USED	length=91
197771at5125	USED	length=239
197780at5125	USED	length=319
197782at5125	USED	length=886
197849at5125	USED	length=776
197899at5125	USED	length=448
197921at5125	USED	length=1680
197963at5125	USED	length=573
197968at5125	USED	length=335
197982at5125	USED	length=918
198052at5125	USED	length=450
198159at5125	USED	length=432
198224at5125	USED	length=409
198257at5125	USED	length=319
198259at5125	USED	length=508
198310at5125	USED	length=137
198345at5125	USED	length=1217
198376at5125	USED	length=728
198636at5125	USED	length=389
198788at5125	USED	length=312
198823at5125	USED	length=498
198862at5125	USED	length=879
198909at5125	USED	length=644
198921at5125	USED	length=516
199009at5125	USED	length=1737
199079at5125	USED	length=487
199186at5125	USED	length=109
199233at5125	USED	length=741
199312at5125	USED	length=676
199372at5125	USED	length=428
199382at5125	USED	length=183
199419at5125	USED	length=404
199456at5125	USED	length=255
199593at5125	USED	length=670
199674at5125	USED	length=531
199724at5125	USED	length=474
199879at5125	USED	length=232
199899at5125	USED	length=536
199971at5125	USED	length=695
200010at5125	USED	length=145
200142at5125	USED	length=362
200164at5125	USED	length=197
200235at5125	USED	length=397
200242at5125	USED	length=418
200245at5125	USED	length=523
20040at5125	USED	length=332
200518at5125	USED	length=718
200559at5125	USED	length=167
200612at5125	USED	length=244
200628at5125	USED	length=535
200645at5125	USED	length=537
200697at5125	USED	length=931
200751at5125	USED	length=133
200782at5125	USED	length=581
200910at5125	USED	length=203
201116at5125	USED	length=299
201225at5125	USED	length=552
201266at5125	USED	length=538
201302at5125	USED	length=708
201323at5125	USED	length=340
201351at5125	USED	length=439
201363at5125	USED	length=1858
201373at5125	USED	length=513
201402at5125	USED	length=1035
201436at5125	USED	length=953
201447at5125	USED	length=758
201452at5125	USED	length=189
20148at5125	USED	length=328
201505at5125	USED	length=678
201747at5125	USED	length=358
201831at5125	USED	length=334
201917at5125	USED	length=310
201961at5125	USED	length=398
201993at5125	USED	length=265
2019at5125	USED	length=572
202036at5125	USED	length=1019
202087at5125	USED	length=290
202097at5125	USED	length=358
202111at5125	USED	length=1064
202131at5125	USED	length=788
202148at5125	USED	length=544
202245at5125	USED	length=1332
202256at5125	USED	length=205
202299at5125	USED	length=617
202406at5125	USED	length=478
202460at5125	USED	length=181
202461at5125	USED	length=259
202491at5125	USED	length=389
202556at5125	USED	length=479
202566at5125	USED	length=421
202672at5125	USED	length=420
202743at5125	USED	length=393
202792at5125	USED	length=307
202829at5125	USED	length=309
202921at5125	USED	length=346
202944at5125	USED	length=1074
202954at5125	USED	length=131
202998at5125	USED	length=1334
203025at5125	USED	length=389
203145at5125	USED	length=877
203184at5125	USED	length=1395
203204at5125	USED	length=371
203210at5125	USED	length=253
203469at5125	USED	length=405
203508at5125	USED	length=1116
203516at5125	USED	length=1543
203550at5125	USED	length=435
203639at5125	USED	length=520
203657at5125	USED	length=1009
203712at5125	USED	length=456
203716at5125	USED	length=288
203775at5125	USED	length=287
203828at5125	USED	length=1828
203829at5125	USED	length=601
203914at5125	USED	length=1402
204015at5125	USED	length=857
204017at5125	USED	length=1214
204030at5125	USED	length=440
204130at5125	USED	length=396
204165at5125	USED	length=617
204247at5125	USED	length=410
204298at5125	USED	length=678
204319at5125	USED	length=363
204327at5125	USED	length=1532
204387at5125	USED	length=438
204532at5125	USED	length=422
204606at5125	USED	length=345
204685at5125	USED	length=286
204852at5125	USED	length=856
204874at5125	USED	length=915
204967at5125	USED	length=716
204990at5125	USED	length=778
204996at5125	USED	length=307
205056at5125	USED	length=471
205087at5125	USED	length=288
205088at5125	USED	length=681
205135at5125	USED	length=196
205197at5125	USED	length=304
205212at5125	USED	length=825
205257at5125	USED	length=343
205272at5125	USED	length=856
205321at5125	USED	length=240
205416at5125	USED	length=299
205640at5125	USED	length=546
205747at5125	USED	length=282
205757at5125	USED	length=198
205809at5125	USED	length=808
205851at5125	USED	length=1227
205972at5125	USED	length=507
205981at5125	USED	length=382
206043at5125	USED	length=767
206089at5125	USED	length=361
206104at5125	USED	length=398
206196at5125	USED	length=513
206609at5125	USED	length=154
206702at5125	USED	length=182
206952at5125	USED	length=500
206982at5125	USED	length=451
206999at5125	USED	length=242
207067at5125	USED	length=364
207293at5125	USED	length=357
207296at5125	USED	length=546
207350at5125	USED	length=161
207356at5125	USED	length=480
207372at5125	USED	length=367
207378at5125	USED	length=1168
207475at5125	USED	length=636
207527at5125	USED	length=291
209086at5125	USED	length=700
20908at5125	USED	length=442
209555at5125	USED	length=346
210173at5125	USED	length=202
210838at5125	USED	length=1221
210919at5125	USED	length=133
210931at5125	USED	length=89
210958at5125	USED	length=98
210978at5125	USED	length=182
210997at5125	USED	length=215
211003at5125	USED	length=275
211005at5125	USED	length=530
211008at5125	USED	length=489
211045at5125	USED	length=450
211046at5125	USED	length=285
211063at5125	USED	length=237
211074at5125	USED	length=308
211082at5125	USED	length=137
211089at5125	USED	length=728
211096at5125	USED	length=127
211097at5125	USED	length=472
211131at5125	USED	length=126
211148at5125	USED	length=235
211165at5125	USED	length=900
211193at5125	USED	length=394
211196at5125	USED	length=181
211199at5125	USED	length=110
211214at5125	USED	length=390
211217at5125	USED	length=467
211238at5125	USED	length=162
211269at5125	USED	length=452
211277at5125	USED	length=471
211278at5125	USED	length=304
211294at5125	USED	length=472
211308at5125	USED	length=456
211312at5125	USED	length=394
211319at5125	USED	length=1232
211339at5125	USED	length=130
211343at5125	USED	length=346
211349at5125	USED	length=456
211361at5125	USED	length=127
211367at5125	USED	length=236
211374at5125	USED	length=527
211400at5125	USED	length=1255
211429at5125	USED	length=697
211434at5125	USED	length=197
211442at5125	USED	length=99
211465at5125	USED	length=170
211468at5125	USED	length=311
211479at5125	USED	length=514
211484at5125	USED	length=379
211492at5125	USED	length=1139
211530at5125	USED	length=160
211548at5125	USED	length=529
211587at5125	USED	length=422
211601at5125	USED	length=529
211620at5125	USED	length=440
211636at5125	USED	length=206
211655at5125	USED	length=460
211690at5125	USED	length=557
211711at5125	USED	length=215
211716at5125	USED	length=228
211720at5125	USED	length=655
211723at5125	USED	length=252
211726at5125	USED	length=498
211743at5125	USED	length=318
211744at5125	USED	length=273
211747at5125	USED	length=120
211748at5125	USED	length=1488
211771at5125	USED	length=195
211780at5125	USED	length=757
211782at5125	USED	length=138
211785at5125	USED	length=1104
211798at5125	USED	length=154
211801at5125	USED	length=286
211803at5125	USED	length=813
211817at5125	USED	length=975
211830at5125	USED	length=123
211911at5125	USED	length=260
211916at5125	USED	length=4347
211934at5125	USED	length=467
211944at5125	USED	length=234
211948at5125	USED	length=404
211952at5125	USED	length=144
211957at5125	USED	length=752
211964at5125	USED	length=127
211977at5125	USED	length=264
211978at5125	USED	length=499
211980at5125	USED	length=652
211983at5125	USED	length=533
211999at5125	USED	length=237
212007at5125	USED	length=555
212016at5125	USED	length=435
212056at5125	USED	length=350
212065at5125	USED	length=151
21210at5125	USED	length=377
212114at5125	USED	length=459
212115at5125	USED	length=70
212144at5125	USED	length=172
212154at5125	USED	length=152
212171at5125	USED	length=435
212202at5125	USED	length=253
212211at5125	USED	length=259
212277at5125	USED	length=135
212285at5125	USED	length=891
212314at5125	USED	length=382
212332at5125	USED	length=180
212341at5125	USED	length=445
212343at5125	USED	length=401
212368at5125	USED	length=273
212387at5125	USED	length=721
212388at5125	USED	length=384
212401at5125	USED	length=804
212402at5125	USED	length=448
212406at5125	USED	length=148
212467at5125	USED	length=480
212486at5125	USED	length=397
212490at5125	USED	length=316
212492at5125	USED	length=453
212495at5125	USED	length=114
212510at5125	USED	length=1032
212517at5125	USED	length=444
212522at5125	USED	length=1160
212534at5125	USED	length=485
212549at5125	USED	length=231
212574at5125	USED	length=178
212591at5125	USED	length=894
212598at5125	USED	length=830
212645at5125	USED	length=414
212651at5125	USED	length=205
212682at5125	USED	length=810
212684at5125	USED	length=640
212691at5125	USED	length=404
212703at5125	USED	length=618
212736at5125	USED	length=1079
212739at5125	USED	length=355
212741at5125	USED	length=296
212749at5125	USED	length=986
212768at5125	USED	length=463
212788at5125	USED	length=452
212797at5125	USED	length=1501
212806at5125	USED	length=578
212829at5125	USED	length=701
212830at5125	USED	length=388
212831at5125	USED	length=562
212849at5125	USED	length=644
212874at5125	USED	length=615
212877at5125	USED	length=238
212885at5125	USED	length=610
212892at5125	USED	length=416
212920at5125	USED	length=519
212942at5125	USED	length=609
212957at5125	USED	length=465
212964at5125	USED	length=1014
212965at5125	USED	length=286
212969at5125	USED	length=325
212983at5125	USED	length=361
212986at5125	USED	length=233
213004at5125	USED	length=445
213007at5125	USED	length=634
213018at5125	USED	length=531
213023at5125	USED	length=395
213058at5125	USED	length=414
213060at5125	USED	length=146
213080at5125	USED	length=359
213089at5125	USED	length=340
213123at5125	USED	length=82
213145at5125	USED	length=480
213167at5125	USED	length=397
213183at5125	USED	length=505
213184at5125	USED	length=309
213215at5125	USED	length=330
213225at5125	USED	length=1097
213251at5125	USED	length=712
213269at5125	USED	length=421
213275at5125	USED	length=510
213279at5125	USED	length=463
213305at5125	USED	length=964
213358at5125	USED	length=254
213370at5125	USED	length=415
213372at5125	USED	length=613
213392at5125	USED	length=693
213393at5125	USED	length=733
213396at5125	USED	length=269
213405at5125	USED	length=310
213411at5125	USED	length=190
213421at5125	USED	length=925
213424at5125	USED	length=719
213450at5125	USED	length=336
213453at5125	USED	length=550
213464at5125	USED	length=420
213510at5125	USED	length=473
213515at5125	USED	length=1002
213534at5125	USED	length=668
213546at5125	USED	length=247
213555at5125	USED	length=488
213570at5125	USED	length=484
213589at5125	USED	length=509
213609at5125	USED	length=374
213611at5125	USED	length=355
213616at5125	USED	length=543
213624at5125	USED	length=579
213636at5125	USED	length=716
213644at5125	USED	length=178
213695at5125	USED	length=333
213715at5125	USED	length=900
213719at5125	USED	length=533
213721at5125	USED	length=1573
213746at5125	USED	length=638
213747at5125	USED	length=971
213754at5125	USED	length=203
213755at5125	USED	length=1210
213760at5125	USED	length=114
213762at5125	USED	length=359
213766at5125	USED	length=345
213773at5125	USED	length=320
213780at5125	USED	length=1464
213782at5125	USED	length=294
213792at5125	USED	length=550
213803at5125	USED	length=248
213806at5125	USED	length=557
213834at5125	USED	length=778
213854at5125	USED	length=242
213869at5125	USED	length=860
213870at5125	USED	length=247
213889at5125	USED	length=477
213920at5125	USED	length=334
213926at5125	USED	length=381
213931at5125	USED	length=284
213934at5125	USED	length=1951
213947at5125	USED	length=582
213968at5125	USED	length=786
213974at5125	USED	length=492
213979at5125	USED	length=714
214002at5125	USED	length=916
214010at5125	USED	length=487
214015at5125	USED	length=772
214020at5125	USED	length=620
214040at5125	USED	length=495
214066at5125	USED	length=1154
214067at5125	USED	length=702
214073at5125	USED	length=281
214076at5125	USED	length=1027
214081at5125	USED	length=187
214095at5125	USED	length=497
214134at5125	USED	length=185
214164at5125	USED	length=570
214167at5125	USED	length=688
214178at5125	USED	length=354
214228at5125	USED	length=662
214292at5125	USED	length=345
214347at5125	USED	length=352
214387at5125	USED	length=357
214388at5125	USED	length=704
214395at5125	USED	length=366
214414at5125	USED	length=171
214425at5125	USED	length=411
214448at5125	USED	length=855
214450at5125	USED	length=142
214451at5125	USED	length=395
214463at5125	USED	length=225
214502at5125	USED	length=92
214507at5125	USED	length=660
214514at5125	USED	length=960
214520at5125	USED	length=610
214533at5125	USED	length=732
214541at5125	USED	length=607
214547at5125	USED	length=357
214563at5125	USED	length=347
214566at5125	USED	length=291
214580at5125	USED	length=223
214583at5125	USED	length=861
214615at5125	USED	length=706
214626at5125	USED	length=1293
214647at5125	USED	length=1293
214653at5125	USED	length=395
214697at5125	USED	length=396
214698at5125	USED	length=997
214705at5125	USED	length=579
214720at5125	USED	length=1454
214735at5125	USED	length=1403
214738at5125	USED	length=904
214766at5125	USED	length=1065
214770at5125	USED	length=424
214800at5125	USED	length=1228
214831at5125	USED	length=505
214839at5125	USED	length=658
214844at5125	USED	length=709
214850at5125	USED	length=265
214865at5125	USED	length=984
214866at5125	USED	length=413
214889at5125	USED	length=592
214893at5125	USED	length=659
214912at5125	USED	length=880
214932at5125	USED	length=172
214952at5125	USED	length=370
214983at5125	USED	length=337
214991at5125	USED	length=394
215013at5125	USED	length=505
215025at5125	USED	length=1381
215043at5125	USED	length=312
215060at5125	USED	length=529
215062at5125	USED	length=288
215093at5125	USED	length=439
215106at5125	USED	length=1071
215108at5125	USED	length=250
215109at5125	USED	length=721
215120at5125	USED	length=268
215144at5125	USED	length=2800
215152at5125	USED	length=144
215188at5125	USED	length=195
215213at5125	USED	length=4848
215218at5125	USED	length=797
215222at5125	USED	length=690
215236at5125	USED	length=427
215237at5125	USED	length=368
215254at5125	USED	length=626
215257at5125	USED	length=605
215259at5125	USED	length=426
215272at5125	USED	length=822
215279at5125	USED	length=269
215288at5125	USED	length=389
215387at5125	USED	length=1060
215399at5125	USED	length=497
215403at5125	USED	length=251
215415at5125	USED	length=287
215417at5125	USED	length=1297
215422at5125	USED	length=806
215430at5125	USED	length=230
215431at5125	USED	length=495
215451at5125	USED	length=1047
215501at5125	USED	length=365
215508at5125	USED	length=490
215516at5125	USED	length=185
215529at5125	USED	length=304
215545at5125	USED	length=1105
215547at5125	USED	length=129
215549at5125	USED	length=424
215564at5125	USED	length=468
215570at5125	USED	length=616
215577at5125	USED	length=255
215582at5125	USED	length=758
215607at5125	USED	length=1210
215623at5125	USED	length=492
215632at5125	USED	length=446
215633at5125	USED	length=417
215637at5125	USED	length=146
215664at5125	USED	length=477
215669at5125	USED	length=1051
215685at5125	USED	length=238
215697at5125	USED	length=479
215702at5125	USED	length=669
215709at5125	USED	length=296
215713at5125	USED	length=400
215722at5125	USED	length=329
215730at5125	USED	length=321
215733at5125	USED	length=428
215744at5125	USED	length=616
215749at5125	USED	length=392
215768at5125	USED	length=324
215780at5125	USED	length=466
215781at5125	USED	length=163
215782at5125	USED	length=1439
215788at5125	USED	length=626
215799at5125	USED	length=508
215813at5125	USED	length=1018
215824at5125	USED	length=542
215826at5125	USED	length=1096
215833at5125	USED	length=219
215839at5125	USED	length=538
215856at5125	USED	length=648
215861at5125	USED	length=390
215883at5125	USED	length=561
215917at5125	USED	length=367
215928at5125	USED	length=454
215950at5125	USED	length=934
215967at5125	USED	length=341
215968at5125	USED	length=623
215991at5125	USED	length=796
215999at5125	USED	length=1040
216020at5125	USED	length=595
216029at5125	USED	length=1280
216040at5125	USED	length=531
216045at5125	USED	length=918
216053at5125	USED	length=1208
216055at5125	USED	length=373
216091at5125	USED	length=597
216095at5125	USED	length=662
216153at5125	USED	length=991
216156at5125	USED	length=154
216159at5125	USED	length=749
216166at5125	USED	length=564
216194at5125	USED	length=601
216204at5125	USED	length=411
216210at5125	USED	length=595
216230at5125	USED	length=836
216233at5125	USED	length=353
216247at5125	USED	length=648
216264at5125	USED	length=280
216266at5125	USED	length=560
216293at5125	USED	length=299
216294at5125	USED	length=147
216296at5125	USED	length=931
216319at5125	USED	length=533
216326at5125	USED	length=374
216333at5125	USED	length=382
216343at5125	USED	length=352
216345at5125	USED	length=665
216348at5125	USED	length=526
216354at5125	USED	length=1326
216358at5125	USED	length=473
216361at5125	USED	length=196
216377at5125	USED	length=617
216385at5125	USED	length=395
216386at5125	USED	length=323
216427at5125	USED	length=846
216449at5125	USED	length=156
216482at5125	USED	length=699
216507at5125	USED	length=714
216508at5125	USED	length=219
216518at5125	USED	length=952
216519at5125	USED	length=1247
216527at5125	USED	length=1307
216539at5125	USED	length=666
216541at5125	USED	length=706
216551at5125	USED	length=342
216581at5125	USED	length=682
216603at5125	USED	length=228
216658at5125	USED	length=563
216679at5125	USED	length=715
216683at5125	USED	length=1022
216684at5125	USED	length=460
216685at5125	USED	length=932
216704at5125	USED	length=382
216716at5125	USED	length=930
216717at5125	USED	length=319
216718at5125	USED	length=663
216741at5125	USED	length=805
216762at5125	USED	length=255
216779at5125	USED	length=207
216804at5125	USED	length=633
216810at5125	USED	length=501
216819at5125	USED	length=582
216833at5125	USED	length=627
216843at5125	USED	length=776
216855at5125	USED	length=943
216887at5125	USED	length=243
216906at5125	USED	length=236
216908at5125	USED	length=316
216914at5125	USED	length=506
216919at5125	USED	length=1161
216925at5125	USED	length=521
216956at5125	USED	length=677
216966at5125	USED	length=445
216977at5125	USED	length=139
216985at5125	USED	length=456
217017at5125	USED	length=321
217018at5125	USED	length=1220
217021at5125	USED	length=416
217057at5125	USED	length=318
217060at5125	USED	length=270
217088at5125	USED	length=787
217120at5125	USED	length=260
217123at5125	USED	length=198
217140at5125	USED	length=427
217156at5125	USED	length=869
217172at5125	USED	length=530
217186at5125	USED	length=302
217207at5125	USED	length=522
217212at5125	USED	length=1063
217223at5125	USED	length=441
217239at5125	USED	length=552
217259at5125	USED	length=411
217264at5125	USED	length=244
217277at5125	USED	length=468
217302at5125	USED	length=1361
217318at5125	USED	length=652
217322at5125	USED	length=341
217330at5125	USED	length=375
217363at5125	USED	length=424
217381at5125	USED	length=749
217390at5125	USED	length=1209
217432at5125	USED	length=445
217435at5125	USED	length=535
217441at5125	USED	length=348
217454at5125	USED	length=626
217471at5125	USED	length=390
217472at5125	USED	length=194
217525at5125	USED	length=672
217571at5125	USED	length=2553
217582at5125	USED	length=197
217586at5125	USED	length=731
217626at5125	USED	length=718
217661at5125	USED	length=407
217662at5125	USED	length=621
217678at5125	USED	length=634
217693at5125	USED	length=857
217701at5125	USED	length=836
217711at5125	USED	length=418
217713at5125	USED	length=537
217730at5125	USED	length=763
217747at5125	USED	length=567
217750at5125	USED	length=826
217757at5125	USED	length=239
217781at5125	USED	length=528
217793at5125	USED	length=576
217799at5125	USED	length=260
217804at5125	USED	length=469
217827at5125	USED	length=745
217861at5125	USED	length=485
217889at5125	USED	length=460
217918at5125	USED	length=824
217927at5125	USED	length=721
217928at5125	USED	length=804
217978at5125	USED	length=703
217982at5125	USED	length=639
217996at5125	USED	length=1210
217998at5125	USED	length=507
217999at5125	USED	length=365
218002at5125	USED	length=500
218010at5125	USED	length=643
218019at5125	USED	length=914
218024at5125	USED	length=584
218056at5125	USED	length=381
218057at5125	USED	length=272
218076at5125	USED	length=402
218079at5125	USED	length=818
218086at5125	USED	length=306
218090at5125	USED	length=552
218102at5125	USED	length=1092
218104at5125	USED	length=1258
218109at5125	USED	length=1589
218115at5125	USED	length=719
218118at5125	USED	length=145
218128at5125	USED	length=1009
218132at5125	USED	length=168
218136at5125	USED	length=719
218137at5125	USED	length=251
218142at5125	USED	length=549
218145at5125	USED	length=348
218149at5125	USED	length=508
218153at5125	USED	length=375
218197at5125	USED	length=1154
218206at5125	USED	length=202
218230at5125	USED	length=435
218234at5125	USED	length=573
218240at5125	USED	length=375
218326at5125	USED	length=602
218337at5125	USED	length=1462
218384at5125	USED	length=718
218388at5125	USED	length=130
218390at5125	USED	length=935
218401at5125	USED	length=92
218440at5125	USED	length=914
218454at5125	USED	length=412
218472at5125	USED	length=232
218486at5125	USED	length=478
218488at5125	USED	length=631
218490at5125	USED	length=871
218498at5125	USED	length=1073
218521at5125	USED	length=640
218523at5125	USED	length=579
218525at5125	USED	length=1437
218567at5125	USED	length=1055
218582at5125	USED	length=263
218583at5125	USED	length=815
218596at5125	USED	length=777
218627at5125	USED	length=1108
218638at5125	USED	length=1086
218647at5125	USED	length=833
218664at5125	USED	length=404
218689at5125	USED	length=633
218694at5125	USED	length=877
218706at5125	USED	length=644
218731at5125	USED	length=221
218732at5125	USED	length=673
218739at5125	USED	length=289
218777at5125	USED	length=598
218786at5125	USED	length=541
218809at5125	USED	length=963
218813at5125	USED	length=468
218836at5125	USED	length=202
218850at5125	USED	length=492
218852at5125	USED	length=1062
218856at5125	USED	length=442
218895at5125	USED	length=483
218915at5125	USED	length=1231
218963at5125	USED	length=321
218964at5125	USED	length=251
218984at5125	USED	length=1011
219052at5125	USED	length=553
219068at5125	USED	length=315
219087at5125	USED	length=662
21908at5125	USED	length=333
219101at5125	USED	length=207
219104at5125	USED	length=141
219117at5125	USED	length=367
219119at5125	USED	length=1116
219123at5125	USED	length=534
219181at5125	USED	length=252
219203at5125	USED	length=778
219209at5125	USED	length=503
219235at5125	USED	length=536
219245at5125	USED	length=627
219266at5125	USED	length=130
21926at5125	USED	length=367
219282at5125	USED	length=371
219284at5125	USED	length=853
219299at5125	USED	length=372
219306at5125	USED	length=588
219337at5125	USED	length=222
219348at5125	USED	length=507
219355at5125	USED	length=484
219360at5125	USED	length=429
219361at5125	USED	length=672
219367at5125	USED	length=580
219412at5125	USED	length=336
219414at5125	USED	length=818
219418at5125	USED	length=412
219426at5125	USED	length=765
219512at5125	USED	length=560
219516at5125	USED	length=476
219532at5125	USED	length=240
219567at5125	USED	length=807
219573at5125	USED	length=460
219574at5125	USED	length=535
219582at5125	USED	length=422
219583at5125	USED	length=673
219600at5125	USED	length=254
219604at5125	USED	length=1181
219607at5125	USED	length=679
219622at5125	USED	length=115
219651at5125	USED	length=1144
219653at5125	USED	length=975
219655at5125	USED	length=706
219675at5125	USED	length=1196
219692at5125	USED	length=500
219696at5125	USED	length=675
219703at5125	USED	length=1168
219707at5125	USED	length=234
219721at5125	USED	length=417
219762at5125	USED	length=692
219780at5125	USED	length=252
219787at5125	USED	length=484
219796at5125	USED	length=215
219801at5125	USED	length=317
219809at5125	USED	length=260
219812at5125	USED	length=656
219833at5125	USED	length=529
219867at5125	USED	length=135
219871at5125	USED	length=512
219892at5125	USED	length=722
219898at5125	USED	length=185
219940at5125	USED	length=504
219977at5125	USED	length=397
219981at5125	USED	length=665
219983at5125	USED	length=689
220009at5125	USED	length=218
220034at5125	USED	length=313
220045at5125	USED	length=576
220052at5125	USED	length=536
220055at5125	USED	length=206
220097at5125	USED	length=638
220141at5125	USED	length=445
220145at5125	USED	length=641
220146at5125	USED	length=254
220164at5125	USED	length=664
220180at5125	USED	length=555
220205at5125	USED	length=401
220206at5125	USED	length=529
220211at5125	USED	length=617
220224at5125	USED	length=614
220227at5125	USED	length=596
220234at5125	USED	length=308
220241at5125	USED	length=684
220242at5125	USED	length=621
220250at5125	USED	length=342
220255at5125	USED	length=466
220263at5125	USED	length=444
220292at5125	USED	length=337
220339at5125	USED	length=220
220340at5125	USED	length=641
220356at5125	USED	length=535
220363at5125	USED	length=586
220366at5125	USED	length=471
220372at5125	USED	length=523
220376at5125	USED	length=659
220397at5125	USED	length=527
220414at5125	USED	length=723
220419at5125	USED	length=346
220435at5125	USED	length=343
220452at5125	USED	length=381
220456at5125	USED	length=677
220486at5125	USED	length=604
220496at5125	USED	length=1240
220511at5125	USED	length=472
220516at5125	USED	length=623
220517at5125	USED	length=1634
220524at5125	USED	length=565
220529at5125	USED	length=490
220530at5125	USED	length=226
220551at5125	USED	length=196
220572at5125	USED	length=533
220581at5125	USED	length=331
220592at5125	USED	length=259
220597at5125	USED	length=1773
220599at5125	USED	length=329
220612at5125	USED	length=644
220646at5125	USED	length=140
220715at5125	USED	length=544
220723at5125	USED	length=569
220724at5125	USED	length=153
220732at5125	USED	length=1367
220759at5125	USED	length=382
220769at5125	USED	length=546
220785at5125	USED	length=2300
220786at5125	USED	length=426
220821at5125	USED	length=228
220823at5125	USED	length=138
220838at5125	USED	length=270
220842at5125	USED	length=357
220850at5125	USED	length=918
220877at5125	USED	length=783
220890at5125	USED	length=413
220968at5125	USED	length=148
220985at5125	USED	length=729
221004at5125	USED	length=622
221018at5125	USED	length=565
221021at5125	USED	length=491
221038at5125	USED	length=275
221042at5125	USED	length=693
221047at5125	USED	length=1178
221060at5125	USED	length=666
221075at5125	USED	length=358
221089at5125	USED	length=316
221103at5125	USED	length=395
221106at5125	USED	length=865
221116at5125	USED	length=472
221138at5125	USED	length=333
221141at5125	USED	length=269
221158at5125	USED	length=319
221182at5125	USED	length=366
221212at5125	USED	length=575
221222at5125	USED	length=685
221228at5125	USED	length=881
221239at5125	USED	length=96
221247at5125	USED	length=1088
221278at5125	USED	length=377
221279at5125	USED	length=644
221281at5125	USED	length=217
221282at5125	USED	length=362
221300at5125	USED	length=912
221315at5125	USED	length=457
221322at5125	USED	length=585
221332at5125	USED	length=255
221345at5125	USED	length=169
221352at5125	USED	length=509
221361at5125	USED	length=205
221369at5125	USED	length=402
221389at5125	USED	length=656
221393at5125	USED	length=231
221395at5125	USED	length=1008
221396at5125	USED	length=546
221415at5125	USED	length=851
221466at5125	USED	length=515
221470at5125	USED	length=319
221476at5125	USED	length=683
221492at5125	USED	length=511
221501at5125	USED	length=394
221516at5125	USED	length=268
221525at5125	USED	length=454
221527at5125	USED	length=1457
221533at5125	USED	length=567
221549at5125	USED	length=439
221560at5125	USED	length=153
221582at5125	USED	length=445
221593at5125	USED	length=213
221607at5125	USED	length=333
221608at5125	USED	length=308
221610at5125	USED	length=246
221615at5125	USED	length=383
221622at5125	USED	length=237
221637at5125	USED	length=665
221645at5125	USED	length=280
221648at5125	USED	length=291
221670at5125	USED	length=551
221680at5125	USED	length=859
221689at5125	USED	length=1722
221698at5125	USED	length=424
221758at5125	USED	length=1701
221810at5125	USED	length=452
221813at5125	USED	length=416
221831at5125	USED	length=508
221852at5125	USED	length=251
221866at5125	USED	length=350
221873at5125	USED	length=179
221879at5125	USED	length=466
221913at5125	USED	length=453
221926at5125	USED	length=624
221929at5125	USED	length=551
221953at5125	USED	length=277
221985at5125	USED	length=368
221997at5125	USED	length=334
222003at5125	USED	length=203
222052at5125	USED	length=595
222072at5125	USED	length=459
222092at5125	USED	length=227
222094at5125	USED	length=131
222153at5125	USED	length=555
222159at5125	USED	length=376
222173at5125	USED	length=273
222174at5125	USED	length=411
222177at5125	USED	length=464
222182at5125	USED	length=232
222198at5125	USED	length=278
222206at5125	USED	length=477
222216at5125	USED	length=463
222227at5125	USED	length=152
222280at5125	USED	length=524
222281at5125	USED	length=297
222284at5125	USED	length=362
222287at5125	USED	length=310
222290at5125	USED	length=673
222341at5125	USED	length=734
222352at5125	USED	length=280
222374at5125	USED	length=580
222376at5125	USED	length=296
222384at5125	USED	length=719
222418at5125	USED	length=404
222430at5125	USED	length=490
222441at5125	USED	length=402
222445at5125	USED	length=306
222485at5125	USED	length=339
222491at5125	USED	length=407
222528at5125	USED	length=818
222546at5125	USED	length=195
22255at5125	USED	length=426
222567at5125	USED	length=958
222574at5125	USED	length=428
222624at5125	USED	length=148
222629at5125	USED	length=187
222634at5125	USED	length=295
222646at5125	USED	length=237
222663at5125	USED	length=200
222665at5125	USED	length=777
22269at5125	USED	length=388
222704at5125	USED	length=407
222715at5125	USED	length=72
222729at5125	USED	length=400
222753at5125	USED	length=1056
222763at5125	USED	length=318
222766at5125	USED	length=684
222776at5125	USED	length=331
222812at5125	USED	length=422
222814at5125	USED	length=355
222843at5125	USED	length=519
222853at5125	USED	length=197
222863at5125	USED	length=756
222901at5125	USED	length=289
222908at5125	USED	length=263
222933at5125	USED	length=229
222951at5125	USED	length=349
222954at5125	USED	length=383
222999at5125	USED	length=289
223015at5125	USED	length=596
223067at5125	USED	length=614
223090at5125	USED	length=502
223102at5125	USED	length=496
223114at5125	USED	length=181
223115at5125	USED	length=219
223138at5125	USED	length=609
223144at5125	USED	length=201
223166at5125	USED	length=657
223179at5125	USED	length=613
223181at5125	USED	length=411
223184at5125	USED	length=227
223190at5125	USED	length=691
223198at5125	USED	length=848
223225at5125	USED	length=356
223242at5125	USED	length=196
223246at5125	USED	length=374
223268at5125	USED	length=597
223340at5125	USED	length=453
223351at5125	USED	length=476
223386at5125	USED	length=305
223392at5125	USED	length=915
223398at5125	USED	length=200
223421at5125	USED	length=707
223434at5125	USED	length=497
223466at5125	USED	length=542
223468at5125	USED	length=382
223470at5125	USED	length=861
223499at5125	USED	length=338
223509at5125	USED	length=255
223512at5125	USED	length=1130
223534at5125	USED	length=241
223543at5125	USED	length=1293
223556at5125	USED	length=519
223567at5125	USED	length=201
223592at5125	USED	length=252
223602at5125	USED	length=206
223622at5125	USED	length=250
223645at5125	USED	length=195
223673at5125	USED	length=288
223681at5125	USED	length=623
223707at5125	USED	length=202
223737at5125	USED	length=92
223741at5125	USED	length=447
223745at5125	USED	length=133
223769at5125	USED	length=616
223785at5125	USED	length=129
223797at5125	USED	length=364
223799at5125	USED	length=222
223807at5125	USED	length=147
223819at5125	USED	length=909
223820at5125	USED	length=420
223824at5125	USED	length=284
223893at5125	USED	length=316
223898at5125	USED	length=282
223908at5125	USED	length=466
223909at5125	USED	length=310
223920at5125	USED	length=394
224042at5125	USED	length=346
224044at5125	USED	length=422
224050at5125	USED	length=426
224052at5125	USED	length=272
224058at5125	USED	length=735
224080at5125	USED	length=400
224085at5125	USED	length=281
224092at5125	USED	length=342
224144at5125	USED	length=576
224150at5125	USED	length=406
224170at5125	USED	length=383
224210at5125	USED	length=169
224257at5125	USED	length=176
224350at5125	USED	length=253
224389at5125	USED	length=550
224422at5125	USED	length=89
224443at5125	USED	length=415
224454at5125	USED	length=398
224473at5125	USED	length=320
224488at5125	USED	length=495
224494at5125	USED	length=560
224507at5125	USED	length=348
224534at5125	USED	length=415
224557at5125	USED	length=463
224575at5125	USED	length=464
224629at5125	USED	length=233
226417at5125	USED	length=282
226951at5125	USED	length=840
226966at5125	USED	length=226
227019at5125	USED	length=117
227050at5125	USED	length=283
227295at5125	USED	length=496
227300at5125	USED	length=368
227331at5125	USED	length=723
227452at5125	USED	length=625
22746at5125	USED	length=334
227519at5125	USED	length=260
227528at5125	USED	length=1354
227644at5125	USED	length=349
227791at5125	USED	length=416
227932at5125	USED	length=1927
228044at5125	USED	length=649
228045at5125	USED	length=320
228275at5125	USED	length=526
23119at5125	USED	length=146
23161at5125	USED	length=132
23233at5125	USED	length=709
23412at5125	USED	length=160
23533at5125	USED	length=388
23667at5125	USED	length=770
25334at5125	USED	length=1047
25341at5125	USED	length=274
25373at5125	USED	length=726
25837at5125	USED	length=490
25927at5125	USED	length=1078
25989at5125	USED	length=298
27800at5125	USED	length=637
27835at5125	USED	length=329
28081at5125	USED	length=516
2810at5125	USED	length=87
28608at5125	USED	length=393
2860at5125	USED	length=670
28628at5125	USED	length=272
28680at5125	USED	length=183
28761at5125	USED	length=86
29110at5125	USED	length=580
29239at5125	USED	length=373
29332at5125	USED	length=519
29445at5125	USED	length=491
29491at5125	USED	length=384
29617at5125	USED	length=550
29683at5125	USED	length=446
30317at5125	USED	length=1224
30405at5125	USED	length=448
30923at5125	USED	length=129
31012at5125	USED	length=357
31075at5125	USED	length=924
31179at5125	USED	length=448
31314at5125	USED	length=960
31343at5125	USED	length=695
31619at5125	USED	length=1270
31696at5125	USED	length=855
31753at5125	USED	length=106
32145at5125	USED	length=687
32284at5125	USED	length=1073
32666at5125	USED	length=373
32730at5125	USED	length=471
32748at5125	USED	length=363
33012at5125	USED	length=570
33101at5125	USED	length=579
33226at5125	USED	length=376
33299at5125	USED	length=350
33840at5125	USED	length=971
33926at5125	USED	length=139
33953at5125	USED	length=170
34096at5125	USED	length=531
34574at5125	USED	length=453
35216at5125	USED	length=1072
35308at5125	USED	length=986
35570at5125	USED	length=375
35630at5125	USED	length=283
35744at5125	USED	length=772
35964at5125	USED	length=788
36308at5125	USED	length=1220
3723at5125	USED	length=366
38498at5125	USED	length=192
39102at5125	USED	length=774
39179at5125	USED	length=356
3927at5125	USED	length=325
39338at5125	USED	length=565
39398at5125	USED	length=411
39467at5125	USED	length=351
39772at5125	USED	length=626
40012at5125	USED	length=256
40335at5125	USED	length=537
40402at5125	USED	length=615
40614at5125	USED	length=347
41003at5125	USED	length=576
41048at5125	USED	length=860
41182at5125	USED	length=467
41504at5125	USED	length=391
41551at5125	USED	length=641
41934at5125	USED	length=409
42080at5125	USED	length=253
42205at5125	USED	length=348
4250at5125	USED	length=90
43025at5125	USED	length=433
43081at5125	USED	length=1364
43840at5125	USED	length=570
44251at5125	USED	length=565
44326at5125	USED	length=845
44525at5125	USED	length=504
44554at5125	USED	length=416
44703at5125	USED	length=373
44919at5125	USED	length=243
45226at5125	USED	length=133
45437at5125	USED	length=179
45442at5125	USED	length=558
45760at5125	USED	length=612
45902at5125	USED	length=200
46219at5125	USED	length=434
46325at5125	USED	length=122
46331at5125	USED	length=862
46589at5125	USED	length=280
46939at5125	USED	length=733
46946at5125	USED	length=982
47007at5125	USED	length=400
47141at5125	USED	length=428
47364at5125	USED	length=290
47502at5125	USED	length=529
47657at5125	USED	length=113
48014at5125	USED	length=321
48049at5125	USED	length=524
48063at5125	USED	length=267
48091at5125	USED	length=134
481at5125	USED	length=180
4866at5125	USED	length=221
48777at5125	USED	length=489
49025at5125	USED	length=516
49263at5125	USED	length=605
49280at5125	USED	length=616
49463at5125	USED	length=266
49865at5125	USED	length=475
50124at5125	USED	length=1450
50655at5125	USED	length=756
50750at5125	USED	length=422
51549at5125	USED	length=561
52787at5125	USED	length=233
5292at5125	USED	length=221
52936at5125	USED	length=539
52986at5125	USED	length=675
53093at5125	USED	length=524
53485at5125	USED	length=140
53733at5125	USED	length=879
53840at5125	USED	length=419
54472at5125	USED	length=1026
55190at5125	USED	length=454
55284at5125	USED	length=553
55702at5125	USED	length=619
55966at5125	USED	length=447
56002at5125	USED	length=394
56082at5125	USED	length=166
56725at5125	USED	length=477
56866at5125	USED	length=201
57446at5125	USED	length=106
57925at5125	USED	length=502
58060at5125	USED	length=460
58194at5125	USED	length=859
58559at5125	USED	length=573
58621at5125	USED	length=651
58722at5125	USED	length=411
58942at5125	USED	length=539
59126at5125	USED	length=1869
60029at5125	USED	length=224
60382at5125	USED	length=1421
60519at5125	USED	length=468
60521at5125	USED	length=549
60771at5125	USED	length=1521
60997at5125	USED	length=416
61008at5125	USED	length=116
61042at5125	USED	length=1694
61166at5125	USED	length=222
61376at5125	USED	length=659
61402at5125	USED	length=164
62238at5125	USED	length=343
62445at5125	USED	length=300
62516at5125	USED	length=839
62738at5125	USED	length=519
62809at5125	USED	length=495
62876at5125	USED	length=1109
62918at5125	USED	length=872
63103at5125	USED	length=699
63492at5125	USED	length=1807
63495at5125	USED	length=870
63745at5125	USED	length=207
63761at5125	USED	length=458
63896at5125	USED	length=215
63917at5125	USED	length=945
64092at5125	USED	length=413
64106at5125	USED	length=821
64271at5125	USED	length=260
6464at5125	USED	length=122
64677at5125	USED	length=503
65121at5125	USED	length=299
65274at5125	USED	length=559
6563at5125	USED	length=175
65810at5125	USED	length=2370
66128at5125	USED	length=429
66398at5125	USED	length=566
66551at5125	USED	length=675
66782at5125	USED	length=297
66899at5125	USED	length=172
66960at5125	USED	length=830
67164at5125	USED	length=1858
67190at5125	USED	length=589
67210at5125	USED	length=382
67232at5125	USED	length=369
67240at5125	USED	length=1103
67275at5125	USED	length=674
67291at5125	USED	length=847
67406at5125	USED	length=1368
67605at5125	USED	length=247
68189at5125	USED	length=608
68698at5125	USED	length=346
68913at5125	USED	length=504
68921at5125	USED	length=529
69044at5125	USED	length=289
69204at5125	USED	length=384
69233at5125	USED	length=383
69386at5125	USED	length=353
69391at5125	USED	length=188
69552at5125	USED	length=511
6957at5125	USED	length=454
70050at5125	USED	length=392
70218at5125	USED	length=269
70418at5125	USED	length=153
70457at5125	USED	length=122
70498at5125	USED	length=890
70516at5125	USED	length=1632
70552at5125	USED	length=468
70613at5125	USED	length=726
70797at5125	USED	length=545
71030at5125	USED	length=631
71043at5125	USED	length=292
71324at5125	USED	length=1695
71452at5125	USED	length=612
71475at5125	USED	length=1616
71779at5125	USED	length=440
72119at5125	USED	length=478
72371at5125	USED	length=487
72413at5125	USED	length=1815
72609at5125	USED	length=853
72719at5125	USED	length=317
72725at5125	USED	length=1488
72837at5125	USED	length=417
72947at5125	USED	length=425
73333at5125	USED	length=766
73549at5125	USED	length=283
73781at5125	USED	length=217
74061at5125	USED	length=1890
74166at5125	USED	length=262
74509at5125	USED	length=481
74793at5125	USED	length=296
74795at5125	USED	length=759
74829at5125	USED	length=963
74950at5125	USED	length=1833
7497at5125	USED	length=586
75182at5125	USED	length=408
76505at5125	USED	length=893
76858at5125	USED	length=185
77032at5125	USED	length=374
77314at5125	USED	length=1260
77340at5125	USED	length=330
77682at5125	USED	length=923
77888at5125	USED	length=411
77951at5125	USED	length=116
7819at5125	USED	length=225
78330at5125	USED	length=1026
78381at5125	USED	length=441
78405at5125	USED	length=238
78454at5125	USED	length=532
78486at5125	USED	length=1316
78553at5125	USED	length=963
78683at5125	USED	length=495
78896at5125	USED	length=866
79364at5125	USED	length=1170
79423at5125	USED	length=207
79478at5125	USED	length=748
79488at5125	USED	length=692
79557at5125	USED	length=143
79655at5125	USED	length=386
79708at5125	USED	length=281
79767at5125	USED	length=739
79853at5125	USED	length=614
80265at5125	USED	length=599
80347at5125	USED	length=752
80487at5125	USED	length=591
80840at5125	USED	length=177
80945at5125	USED	length=297
81015at5125	USED	length=280
81061at5125	USED	length=268
81170at5125	USED	length=1216
81416at5125	USED	length=518
81611at5125	USED	length=646
81721at5125	USED	length=1271
81735at5125	USED	length=468
82110at5125	USED	length=1331
82295at5125	USED	length=701
82463at5125	USED	length=1053
82577at5125	USED	length=1359
82852at5125	USED	length=557
82854at5125	USED	length=530
82942at5125	USED	length=216
83007at5125	USED	length=606
83280at5125	USED	length=1499
83415at5125	USED	length=322
83427at5125	USED	length=826
83530at5125	USED	length=377
83590at5125	USED	length=880
83615at5125	USED	length=955
83818at5125	USED	length=337
83939at5125	USED	length=412
83952at5125	USED	length=922
83961at5125	USED	length=242
84108at5125	USED	length=471
84420at5125	USED	length=393
84814at5125	USED	length=1055
85307at5125	USED	length=703
85340at5125	USED	length=113
85382at5125	USED	length=404
85513at5125	USED	length=147
85573at5125	USED	length=1935
85694at5125	USED	length=1274
85714at5125	USED	length=816
85958at5125	USED	length=769
85971at5125	USED	length=1498
85979at5125	USED	length=431
85984at5125	USED	length=808
86087at5125	USED	length=537
86374at5125	USED	length=1227
86559at5125	USED	length=499
86668at5125	USED	length=281
86761at5125	USED	length=605
86770at5125	USED	length=307
86949at5125	USED	length=692
87578at5125	USED	length=1883
87642at5125	USED	length=517
87718at5125	USED	length=389
88002at5125	USED	length=314
88040at5125	USED	length=1008
88294at5125	USED	length=375
88557at5125	USED	length=855
88773at5125	USED	length=177
88795at5125	USED	length=460
88809at5125	USED	length=295
88833at5125	USED	length=1116
88938at5125	USED	length=115
88977at5125	USED	length=463
89075at5125	USED	length=288
89742at5125	USED	length=1180
89990at5125	USED	length=674
90032at5125	USED	length=296
90167at5125	USED	length=587
90279at5125	USED	length=519
90358at5125	USED	length=170
90405at5125	USED	length=531
90769at5125	USED	length=190
91097at5125	USED	length=937
91104at5125	USED	length=461
91138at5125	USED	length=755
91167at5125	USED	length=665
91178at5125	USED	length=485
91187at5125	USED	length=545
9118at5125	USED	length=630
91191at5125	USED	length=445
91215at5125	USED	length=76
91374at5125	USED	length=339
91532at5125	USED	length=498
91640at5125	USED	length=269
91733at5125	USED	length=792
91926at5125	USED	length=413
92070at5125	USED	length=514
92364at5125	USED	length=923
92482at5125	USED	length=539
92516at5125	USED	length=437
92520at5125	USED	length=433
92661at5125	USED	length=417
93089at5125	USED	length=423
93093at5125	USED	length=1089
93172at5125	USED	length=681
93590at5125	USED	length=534
94166at5125	USED	length=827
94224at5125	USED	length=709
94482at5125	USED	length=122
94683at5125	USED	length=482
94851at5125	USED	length=128
94917at5125	USED	length=462
95055at5125	USED	length=1005
95110at5125	USED	length=439
95147at5125	USED	length=229
95185at5125	USED	length=245
95411at5125	USED	length=281
95427at5125	USED	length=563
95447at5125	USED	length=519
95574at5125	USED	length=703
95759at5125	USED	length=753
95890at5125	USED	length=373
95965at5125	USED	length=671
95990at5125	USED	length=119
96009at5125	USED	length=467
96036at5125	USED	length=778
96059at5125	USED	length=534
96196at5125	USED	length=213
96220at5125	USED	length=981
96359at5125	USED	length=563
96684at5125	USED	length=835
96733at5125	USED	length=1092
96764at5125	USED	length=715
96805at5125	USED	length=1515
96869at5125	USED	length=674
97035at5125	USED	length=521
97056at5125	USED	length=636
97123at5125	USED	length=535
97185at5125	USED	length=607
97356at5125	USED	length=829
97750at5125	USED	length=631
97858at5125	USED	length=346
98063at5125	USED	length=665
98133at5125	USED	length=154
98559at5125	USED	length=412
98617at5125	USED	length=2065
98801at5125	USED	length=746
98873at5125	USED	length=2002
98956at5125	USED	length=786
99199at5125	USED	length=1098
99321at5125	USED	length=358
99363at5125	USED	length=308
99397at5125	USED	length=178
99494at5125	USED	length=462
99497at5125	USED	length=306
99767at5125	USED	length=252
