marker_id	start	end
100016at5125	1	395
100134at5125	396	667
100193at5125	668	1146
100369at5125	1147	1621
100543at5125	1622	2138
100591at5125	2139	3327
100890at5125	3328	3928
100912at5125	3929	5749
100938at5125	5750	10894
101132at5125	10895	11175
101349at5125	11176	11347
101626at5125	11348	12246
101923at5125	12247	12602
10195at5125	12603	13766
102187at5125	13767	14107
102371at5125	14108	14891
102376at5125	14892	15118
102380at5125	15119	16139
102469at5125	16140	17018
102495at5125	17019	17382
102712at5125	17383	18269
102973at5125	18270	18566
102991at5125	18567	20285
102999at5125	20286	21064
103079at5125	21065	21579
103246at5125	21580	22402
103389at5125	22403	23365
103464at5125	23366	23667
103501at5125	23668	23745
103560at5125	23746	24139
103732at5125	24140	24321
103841at5125	24322	24807
103916at5125	24808	25209
104084at5125	25210	25864
104111at5125	25865	26121
104173at5125	26122	26706
104238at5125	26707	27401
104262at5125	27402	27561
104269at5125	27562	29425
104466at5125	29426	30127
104538at5125	30128	31026
104742at5125	31027	31350
104766at5125	31351	32075
104768at5125	32076	32604
104968at5125	32605	32850
105138at5125	32851	33246
105180at5125	33247	34255
105225at5125	34256	34848
105299at5125	34849	35885
105489at5125	35886	36089
105530at5125	36090	37201
105580at5125	37202	37759
105614at5125	37760	38078
105654at5125	38079	38227
105695at5125	38228	38923
105776at5125	38924	39500
105939at5125	39501	40099
106128at5125	40100	41098
106152at5125	41099	42297
106221at5125	42298	43092
106310at5125	43093	45316
106359at5125	45317	45968
106422at5125	45969	46496
106494at5125	46497	47017
106566at5125	47018	47605
106728at5125	47606	48141
106881at5125	48142	49968
106933at5125	49969	50437
106941at5125	50438	52662
106967at5125	52663	52820
107077at5125	52821	53864
107152at5125	53865	54527
107223at5125	54528	54660
107275at5125	54661	55080
107302at5125	55081	55981
10731at5125	55982	56133
107397at5125	56134	56871
107412at5125	56872	57405
107539at5125	57406	58281
107762at5125	58282	58631
107805at5125	58632	59524
107837at5125	59525	60054
107842at5125	60055	60364
107962at5125	60365	60686
108018at5125	60687	61053
108043at5125	61054	61336
108096at5125	61337	62120
108323at5125	62121	62426
108705at5125	62427	62594
108906at5125	62595	63566
108912at5125	63567	64441
109234at5125	64442	65086
109291at5125	65087	65594
109388at5125	65595	65986
109405at5125	65987	66485
109489at5125	66486	67111
109622at5125	67112	67434
109683at5125	67435	68255
109748at5125	68256	68607
109749at5125	68608	69051
109787at5125	69052	69431
109995at5125	69432	70193
110213at5125	70194	70565
110350at5125	70566	70921
110477at5125	70922	71149
110553at5125	71150	71530
110607at5125	71531	72550
110706at5125	72551	72793
110760at5125	72794	73591
111006at5125	73592	74118
111022at5125	74119	74268
111121at5125	74269	74654
111141at5125	74655	74811
111250at5125	74812	75066
111256at5125	75067	75890
111448at5125	75891	76598
111472at5125	76599	76734
111633at5125	76735	77155
111745at5125	77156	78666
111793at5125	78667	78945
111814at5125	78946	79127
111824at5125	79128	79659
111974at5125	79660	79908
112361at5125	79909	80238
112495at5125	80239	80627
1126at5125	80628	80731
112759at5125	80732	81165
112857at5125	81166	81853
113297at5125	81854	82152
113478at5125	82153	83230
113652at5125	83231	85750
113708at5125	85751	86362
113918at5125	86363	86889
113996at5125	86890	87238
114075at5125	87239	87515
114290at5125	87516	88257
114765at5125	88258	88761
114818at5125	88762	89354
114988at5125	89355	89557
11508at5125	89558	89807
115096at5125	89808	90129
115231at5125	90130	90864
115232at5125	90865	91380
115704at5125	91381	91728
115723at5125	91729	92243
115821at5125	92244	92602
116059at5125	92603	93282
116160at5125	93283	94335
116354at5125	94336	94968
116362at5125	94969	95625
116774at5125	95626	96133
116802at5125	96134	96705
116813at5125	96706	97350
116853at5125	97351	97996
116889at5125	97997	98874
116909at5125	98875	99440
117043at5125	99441	100285
117138at5125	100286	100711
117213at5125	100712	100845
117246at5125	100846	101598
117310at5125	101599	102322
117335at5125	102323	102707
117461at5125	102708	102970
117522at5125	102971	103426
117651at5125	103427	103815
117708at5125	103816	104648
117713at5125	104649	105022
117758at5125	105023	105714
117851at5125	105715	106356
117933at5125	106357	106671
117967at5125	106672	107072
118152at5125	107073	107408
118180at5125	107409	107820
118228at5125	107821	108141
118240at5125	108142	108436
118246at5125	108437	109159
118253at5125	109160	109473
118267at5125	109474	111295
118271at5125	111296	111822
118331at5125	111823	112889
118348at5125	112890	113862
118429at5125	113863	114211
118641at5125	114212	114304
118684at5125	114305	115418
118692at5125	115419	115828
118702at5125	115829	116757
118861at5125	116758	117296
118862at5125	117297	118149
118905at5125	118150	119428
118929at5125	119429	119766
119185at5125	119767	120403
119210at5125	120404	120862
119486at5125	120863	121288
119545at5125	121289	122194
119604at5125	122195	122783
119667at5125	122784	123360
119948at5125	123361	123698
120005at5125	123699	124279
120027at5125	124280	124495
120029at5125	124496	124850
120169at5125	124851	126399
120211at5125	126400	127050
120257at5125	127051	127353
120267at5125	127354	128519
120738at5125	128520	129556
120864at5125	129557	129894
120923at5125	129895	130084
120978at5125	130085	130773
121194at5125	130774	130965
121248at5125	130966	131663
121296at5125	131664	131837
121343at5125	131838	132102
121374at5125	132103	132776
121394at5125	132777	132955
121522at5125	132956	133863
121723at5125	133864	134282
121996at5125	134283	134445
122130at5125	134446	135280
122213at5125	135281	136334
122476at5125	136335	137543
122625at5125	137544	137973
122644at5125	137974	138336
122741at5125	138337	138899
122746at5125	138900	139157
122783at5125	139158	139352
123028at5125	139353	139938
123209at5125	139939	140620
123402at5125	140621	141609
123445at5125	141610	141844
123602at5125	141845	142523
123654at5125	142524	143074
123677at5125	143075	143579
123797at5125	143580	144213
123931at5125	144214	144515
124050at5125	144516	144739
124218at5125	144740	145480
124265at5125	145481	145783
124274at5125	145784	145953
124375at5125	145954	146517
124478at5125	146518	147402
124584at5125	147403	148120
124677at5125	148121	148649
124784at5125	148650	148763
124800at5125	148764	149893
124854at5125	149894	151373
124897at5125	151374	151868
125149at5125	151869	152690
125215at5125	152691	155360
125236at5125	155361	155633
125329at5125	155634	156709
125872at5125	156710	157578
126424at5125	157579	157812
126537at5125	157813	158184
126820at5125	158185	158656
126821at5125	158657	159442
126981at5125	159443	160339
127075at5125	160340	160563
127259at5125	160564	160933
127293at5125	160934	161110
127395at5125	161111	161303
127405at5125	161304	161838
127455at5125	161839	162532
127620at5125	162533	163359
127853at5125	163360	164131
128056at5125	164132	164371
128161at5125	164372	164506
128629at5125	164507	164764
128686at5125	164765	164984
128844at5125	164985	165375
129146at5125	165376	165718
129299at5125	165719	166874
129422at5125	166875	167429
129579at5125	167430	168084
129627at5125	168085	168358
130113at5125	168359	168577
130228at5125	168578	170858
130446at5125	170859	172065
130464at5125	172066	172442
130491at5125	172443	172858
130536at5125	172859	173390
131341at5125	173391	174077
131466at5125	174078	174391
131496at5125	174392	174669
131823at5125	174670	175344
132232at5125	175345	175886
132328at5125	175887	176232
132392at5125	176233	176833
132508at5125	176834	177193
132518at5125	177194	177732
132519at5125	177733	178117
132532at5125	178118	178547
132557at5125	178548	178798
132837at5125	178799	179294
132861at5125	179295	179655
132880at5125	179656	180889
133074at5125	180890	181287
133284at5125	181288	181627
13332at5125	181628	181965
133736at5125	181966	182189
133765at5125	182190	182499
133785at5125	182500	182896
134188at5125	182897	183479
134459at5125	183480	184005
134497at5125	184006	184311
134824at5125	184312	184752
135314at5125	184753	185590
136016at5125	185591	186245
136066at5125	186246	186740
136151at5125	186741	186973
136161at5125	186974	187894
13666at5125	187895	188437
1368at5125	188438	188619
137651at5125	188620	188896
13873at5125	188897	189216
140216at5125	189217	190318
140657at5125	190319	190679
14224at5125	190680	191381
142605at5125	191382	191617
142614at5125	191618	191952
142659at5125	191953	192269
142711at5125	192270	192959
142717at5125	192960	193511
142744at5125	193512	193775
142753at5125	193776	193962
142762at5125	193963	194574
142765at5125	194575	194816
142774at5125	194817	195006
142792at5125	195007	195405
142796at5125	195406	195659
142810at5125	195660	196021
142866at5125	196022	196321
142896at5125	196322	196719
142908at5125	196720	196842
142988at5125	196843	197082
143020at5125	197083	197295
143113at5125	197296	197598
143133at5125	197599	197692
143201at5125	197693	198070
143274at5125	198071	199586
143279at5125	199587	199871
143328at5125	199872	200654
143343at5125	200655	201445
143401at5125	201446	202053
143419at5125	202054	202251
143435at5125	202252	202792
143455at5125	202793	203016
143458at5125	203017	203657
143494at5125	203658	204680
143525at5125	204681	205141
143569at5125	205142	205301
143572at5125	205302	205805
143612at5125	205806	206138
143650at5125	206139	206779
143670at5125	206780	207289
143695at5125	207290	207476
143708at5125	207477	207955
143732at5125	207956	208419
143736at5125	208420	208934
143746at5125	208935	209411
143748at5125	209412	210049
143758at5125	210050	210380
143788at5125	210381	210832
143798at5125	210833	211288
143800at5125	211289	211674
143850at5125	211675	212496
143872at5125	212497	212622
143886at5125	212623	212949
143897at5125	212950	213129
143904at5125	213130	213384
143964at5125	213385	214185
143977at5125	214186	214785
144046at5125	214786	214988
144059at5125	214989	216118
144088at5125	216119	216485
144097at5125	216486	216947
144112at5125	216948	217152
144123at5125	217153	217365
144186at5125	217366	217827
144225at5125	217828	219383
144228at5125	219384	219519
144267at5125	219520	219669
144297at5125	219670	220079
144298at5125	220080	220802
144311at5125	220803	221436
144313at5125	221437	221781
144326at5125	221782	222075
144360at5125	222076	222749
144367at5125	222750	222882
144375at5125	222883	223141
144383at5125	223142	223469
144401at5125	223470	224106
144467at5125	224107	224463
144512at5125	224464	224627
144516at5125	224628	224997
144517at5125	224998	225191
144522at5125	225192	225705
144552at5125	225706	226208
144576at5125	226209	227607
144600at5125	227608	228020
144670at5125	228021	228359
144726at5125	228360	228747
144753at5125	228748	229241
144773at5125	229242	229555
144785at5125	229556	229962
144815at5125	229963	230082
144840at5125	230083	230258
144864at5125	230259	230616
144920at5125	230617	231169
144922at5125	231170	231460
144945at5125	231461	231557
144967at5125	231558	232480
144971at5125	232481	234163
144984at5125	234164	234470
145013at5125	234471	234780
145064at5125	234781	235598
145125at5125	235599	235731
145156at5125	235732	236062
145191at5125	236063	236683
145275at5125	236684	236943
145282at5125	236944	238318
145312at5125	238319	240206
145316at5125	240207	241330
145359at5125	241331	241814
145386at5125	241815	242077
145393at5125	242078	242290
145444at5125	242291	242650
145447at5125	242651	243412
145460at5125	243413	243861
14550at5125	243862	244196
145513at5125	244197	244393
145527at5125	244394	245027
145576at5125	245028	245339
145577at5125	245340	246237
145586at5125	246238	246618
145590at5125	246619	247397
145619at5125	247398	247702
145636at5125	247703	248058
145686at5125	248059	248318
145704at5125	248319	249998
145724at5125	249999	250173
145732at5125	250174	251517
145737at5125	251518	251746
145748at5125	251747	252925
145765at5125	252926	253777
145767at5125	253778	254714
145777at5125	254715	255657
145779at5125	255658	256028
145780at5125	256029	256675
145787at5125	256676	257026
145825at5125	257027	257937
145843at5125	257938	258608
145874at5125	258609	259303
145875at5125	259304	260467
145877at5125	260468	260774
145887at5125	260775	261138
145901at5125	261139	261548
145948at5125	261549	261875
145968at5125	261876	263408
145983at5125	263409	263884
145990at5125	263885	264099
146029at5125	264100	264295
146108at5125	264296	264683
146113at5125	264684	264952
146159at5125	264953	267319
146193at5125	267320	267994
146195at5125	267995	268399
146210at5125	268400	269365
146225at5125	269366	269570
146260at5125	269571	270395
146304at5125	270396	270736
146305at5125	270737	271477
146308at5125	271478	271768
146354at5125	271769	272250
146365at5125	272251	272604
146373at5125	272605	273200
146407at5125	273201	274454
146454at5125	274455	275308
146464at5125	275309	275620
146492at5125	275621	276095
146527at5125	276096	276836
146584at5125	276837	277577
146592at5125	277578	278036
146599at5125	278037	278798
146609at5125	278799	279053
146614at5125	279054	279643
146620at5125	279644	280826
146650at5125	280827	281146
146684at5125	281147	281654
146710at5125	281655	282181
146713at5125	282182	282821
146718at5125	282822	283199
146797at5125	283200	283478
146812at5125	283479	283993
146835at5125	283994	284596
146838at5125	284597	284855
146852at5125	284856	285838
146866at5125	285839	286346
146886at5125	286347	287112
146904at5125	287113	288003
146944at5125	288004	288564
146949at5125	288565	288920
146956at5125	288921	289810
146958at5125	289811	290528
146966at5125	290529	292044
146969at5125	292045	292476
146977at5125	292477	293057
146989at5125	293058	293353
146990at5125	293354	294131
147012at5125	294132	295241
147014at5125	295242	295859
147023at5125	295860	296068
147050at5125	296069	297400
147056at5125	297401	298279
147070at5125	298280	299883
147089at5125	299884	300307
147097at5125	300308	300550
147100at5125	300551	300906
147105at5125	300907	301479
147122at5125	301480	302715
147132at5125	302716	303047
147139at5125	303048	303580
147165at5125	303581	304184
147187at5125	304185	304941
147196at5125	304942	305453
147197at5125	305454	306091
147226at5125	306092	306502
147233at5125	306503	306857
147258at5125	306858	306975
147291at5125	306976	307411
147307at5125	307412	307805
147312at5125	307806	308048
147317at5125	308049	308558
147328at5125	308559	309617
147339at5125	309618	310396
147351at5125	310397	311229
147370at5125	311230	312257
147373at5125	312258	312949
147384at5125	312950	313290
147386at5125	313291	313712
147388at5125	313713	314115
147390at5125	314116	314325
147407at5125	314326	315144
147411at5125	315145	316200
147417at5125	316201	316913
147418at5125	316914	318509
147421at5125	318510	318813
147429at5125	318814	319404
147430at5125	319405	319663
147436at5125	319664	321081
147440at5125	321082	321371
147464at5125	321372	321611
147480at5125	321612	322089
147482at5125	322090	322776
147491at5125	322777	322972
147496at5125	322973	324038
147509at5125	324039	324231
147526at5125	324232	324462
147534at5125	324463	324771
147572at5125	324772	325780
147594at5125	325781	326620
147604at5125	326621	327230
147615at5125	327231	329288
147629at5125	329289	329590
147679at5125	329591	330746
147704at5125	330747	330935
147706at5125	330936	331664
147709at5125	331665	332018
147729at5125	332019	332559
147732at5125	332560	333044
147780at5125	333045	333266
147785at5125	333267	333812
147791at5125	333813	334816
147798at5125	334817	336104
147870at5125	336105	336729
147897at5125	336730	337437
147904at5125	337438	337856
147934at5125	337857	338059
147945at5125	338060	338509
147947at5125	338510	338919
147952at5125	338920	339091
147969at5125	339092	339349
147974at5125	339350	339755
147983at5125	339756	340251
147987at5125	340252	340777
147989at5125	340778	340998
147995at5125	340999	342092
148025at5125	342093	342489
148036at5125	342490	342869
148057at5125	342870	343914
148071at5125	343915	344608
148089at5125	344609	344899
148094at5125	344900	346341
148115at5125	346342	346586
148128at5125	346587	347126
148132at5125	347127	347619
148139at5125	347620	348025
148145at5125	348026	348225
148163at5125	348226	348530
148171at5125	348531	349001
148206at5125	349002	349634
148214at5125	349635	350306
148218at5125	350307	350715
148238at5125	350716	350871
148243at5125	350872	351302
148251at5125	351303	352004
148253at5125	352005	352285
148254at5125	352286	352731
148294at5125	352732	353628
148308at5125	353629	354041
148328at5125	354042	354385
148364at5125	354386	354482
148373at5125	354483	355183
148406at5125	355184	355784
148432at5125	355785	356454
148434at5125	356455	356592
148450at5125	356593	357895
148482at5125	357896	358112
148496at5125	358113	358662
148537at5125	358663	358871
148544at5125	358872	359851
148585at5125	359852	360830
148586at5125	360831	361513
148589at5125	361514	362099
148595at5125	362100	362821
148624at5125	362822	363675
148633at5125	363676	364218
148651at5125	364219	364372
148656at5125	364373	365060
148661at5125	365061	365280
148665at5125	365281	365567
148683at5125	365568	366472
148703at5125	366473	367574
148712at5125	367575	368118
148742at5125	368119	368471
148749at5125	368472	368871
148759at5125	368872	369178
148773at5125	369179	369428
148781at5125	369429	371186
148804at5125	371187	371825
148818at5125	371826	373049
148833at5125	373050	373533
148850at5125	373534	375021
148862at5125	375022	376245
148868at5125	376246	376527
148876at5125	376528	376986
148880at5125	376987	378677
148888at5125	378678	379244
148893at5125	379245	379629
148896at5125	379630	380286
148904at5125	380287	381045
148915at5125	381046	381375
148928at5125	381376	382011
148932at5125	382012	382970
148955at5125	382971	383758
148956at5125	383759	384183
148968at5125	384184	385262
148972at5125	385263	386459
148990at5125	386460	387761
148993at5125	387762	388021
148998at5125	388022	388617
149001at5125	388618	390119
149002at5125	390120	390496
149006at5125	390497	390977
149010at5125	390978	394968
149043at5125	394969	396725
149053at5125	396726	397019
149063at5125	397020	397400
149072at5125	397401	397661
149080at5125	397662	398242
149083at5125	398243	398726
14908at5125	398727	399250
149099at5125	399251	400699
149103at5125	400700	402036
149105at5125	402037	402704
149114at5125	402705	403172
149125at5125	403173	403472
149138at5125	403473	403686
149142at5125	403687	404156
149160at5125	404157	404359
149188at5125	404360	405491
149211at5125	405492	406272
149223at5125	406273	406611
149224at5125	406612	407527
149236at5125	407528	407846
149240at5125	407847	408772
149243at5125	408773	409466
149296at5125	409467	409912
149312at5125	409913	410256
149338at5125	410257	410802
149343at5125	410803	411794
149354at5125	411795	412603
149362at5125	412604	413235
149376at5125	413236	413863
149403at5125	413864	414285
149444at5125	414286	415107
149469at5125	415108	416492
149473at5125	416493	417395
149477at5125	417396	419172
149481at5125	419173	419576
149483at5125	419577	420098
149512at5125	420099	420587
149655at5125	420588	421135
149664at5125	421136	421607
149674at5125	421608	422712
149675at5125	422713	423657
149680at5125	423658	424042
149736at5125	424043	424883
149746at5125	424884	426187
149785at5125	426188	426445
14979at5125	426446	426644
149809at5125	426645	427300
149841at5125	427301	427995
149845at5125	427996	428244
149853at5125	428245	428642
149858at5125	428643	429644
149862at5125	429645	430853
149885at5125	430854	431129
149888at5125	431130	431425
149901at5125	431426	432408
149932at5125	432409	432696
149946at5125	432697	433037
149950at5125	433038	434954
149958at5125	434955	435749
149976at5125	435750	436173
149988at5125	436174	437062
149991at5125	437063	437832
149996at5125	437833	438326
150004at5125	438327	438946
150019at5125	438947	440309
150028at5125	440310	440706
150032at5125	440707	441501
150037at5125	441502	442310
150038at5125	442311	442491
150047at5125	442492	443319
150050at5125	443320	443839
150051at5125	443840	444078
150080at5125	444079	444365
150085at5125	444366	445243
150091at5125	445244	445638
150103at5125	445639	446711
150104at5125	446712	447151
150120at5125	447152	447438
150127at5125	447439	447938
150159at5125	447939	448091
150166at5125	448092	449441
150171at5125	449442	449871
150187at5125	449872	450084
150192at5125	450085	450867
150195at5125	450868	451244
150197at5125	451245	452147
150210at5125	452148	452671
150217at5125	452672	453040
150220at5125	453041	453484
150227at5125	453485	453981
150228at5125	453982	454325
150236at5125	454326	454723
150240at5125	454724	454963
150271at5125	454964	455767
150279at5125	455768	457312
150308at5125	457313	459732
150311at5125	459733	460511
150335at5125	460512	460712
150346at5125	460713	461700
150363at5125	461701	462475
150373at5125	462476	462820
150382at5125	462821	463837
150395at5125	463838	464168
150399at5125	464169	464373
150406at5125	464374	465162
150438at5125	465163	465689
150456at5125	465690	466864
150457at5125	466865	467919
150461at5125	467920	468997
150465at5125	468998	469316
150481at5125	469317	469602
150497at5125	469603	469950
150509at5125	469951	470186
150523at5125	470187	470884
150576at5125	470885	471069
150600at5125	471070	472306
150670at5125	472307	472912
150671at5125	472913	473102
150672at5125	473103	473450
150680at5125	473451	473592
150689at5125	473593	474768
150694at5125	474769	476354
150701at5125	476355	476772
150703at5125	476773	476852
150721at5125	476853	477275
150726at5125	477276	477436
150733at5125	477437	477629
150751at5125	477630	478985
150756at5125	478986	479456
150768at5125	479457	479874
150783at5125	479875	480909
150796at5125	480910	481893
150806at5125	481894	483644
150808at5125	483645	484430
150815at5125	484431	485292
150827at5125	485293	486145
150843at5125	486146	486583
150867at5125	486584	487261
150883at5125	487262	487506
150884at5125	487507	488191
150938at5125	488192	488474
150957at5125	488475	489076
151009at5125	489077	490209
151015at5125	490210	491570
151020at5125	491571	491828
151028at5125	491829	493117
151056at5125	493118	494057
151058at5125	494058	494478
151069at5125	494479	494778
151086at5125	494779	495186
151093at5125	495187	496110
151095at5125	496111	496829
151104at5125	496830	497212
151105at5125	497213	498171
151118at5125	498172	499315
15111at5125	499316	499555
151120at5125	499556	500008
151123at5125	500009	500705
151131at5125	500706	501434
151132at5125	501435	501780
151151at5125	501781	502406
151158at5125	502407	502739
151166at5125	502740	503313
151185at5125	503314	503453
151213at5125	503454	503609
151218at5125	503610	504751
151232at5125	504752	505894
151237at5125	505895	507365
151273at5125	507366	507618
151285at5125	507619	508270
151305at5125	508271	510253
151310at5125	510254	510525
151321at5125	510526	511008
151327at5125	511009	511447
151342at5125	511448	512426
151350at5125	512427	512790
151354at5125	512791	513438
151360at5125	513439	513612
151371at5125	513613	513765
151378at5125	513766	513867
151383at5125	513868	514323
151413at5125	514324	515129
151417at5125	515130	515566
151426at5125	515567	515999
151438at5125	516000	516142
151448at5125	516143	516596
151449at5125	516597	517202
151457at5125	517203	518700
151470at5125	518701	518868
151471at5125	518869	519747
151483at5125	519748	520324
151512at5125	520325	521372
151520at5125	521373	522289
151526at5125	522290	523058
151536at5125	523059	523334
151538at5125	523335	523684
151541at5125	523685	524153
151570at5125	524154	524287
151574at5125	524288	524525
151581at5125	524526	524710
151611at5125	524711	525447
151617at5125	525448	525614
151627at5125	525615	526553
151655at5125	526554	526657
151656at5125	526658	526920
151663at5125	526921	527655
151672at5125	527656	528001
151680at5125	528002	528144
151697at5125	528145	528716
151699at5125	528717	528848
151701at5125	528849	529179
151703at5125	529180	529760
151704at5125	529761	530164
151705at5125	530165	530876
151716at5125	530877	530972
151725at5125	530973	531636
151756at5125	531637	532258
151764at5125	532259	532481
151769at5125	532482	532776
151779at5125	532777	533069
151787at5125	533070	533249
151789at5125	533250	533511
151794at5125	533512	534444
151800at5125	534445	534576
151818at5125	534577	534730
151837at5125	534731	535128
151841at5125	535129	535246
151854at5125	535247	535812
151859at5125	535813	536002
151867at5125	536003	536471
151883at5125	536472	537081
151886at5125	537082	537199
151896at5125	537200	537551
151899at5125	537552	537745
151933at5125	537746	538152
151998at5125	538153	538277
152000at5125	538278	538700
152006at5125	538701	539093
152012at5125	539094	539485
152023at5125	539486	540521
152034at5125	540522	540900
152046at5125	540901	542402
152057at5125	542403	542800
152071at5125	542801	543344
152081at5125	543345	544492
152092at5125	544493	544657
152107at5125	544658	544937
152116at5125	544938	545813
152125at5125	545814	546465
152161at5125	546466	546813
152172at5125	546814	547620
152179at5125	547621	548030
152195at5125	548031	548808
152196at5125	548809	549072
152202at5125	549073	550570
152211at5125	550571	551145
152222at5125	551146	551560
152227at5125	551561	551941
152242at5125	551942	553082
152244at5125	553083	553336
152260at5125	553337	553630
152261at5125	553631	554382
152266at5125	554383	554959
152289at5125	554960	555348
152322at5125	555349	555892
152327at5125	555893	556266
152343at5125	556267	556576
152348at5125	556577	556867
152349at5125	556868	557250
152352at5125	557251	557559
152373at5125	557560	558215
152393at5125	558216	558648
152397at5125	558649	558880
152424at5125	558881	559544
152438at5125	559545	559933
152454at5125	559934	560042
152456at5125	560043	560433
152467at5125	560434	560751
152523at5125	560752	560962
152551at5125	560963	561072
152555at5125	561073	561384
152589at5125	561385	561863
152595at5125	561864	562701
152649at5125	562702	562993
152659at5125	562994	563390
152690at5125	563391	563620
15273at5125	563621	565988
152758at5125	565989	566552
1531at5125	566553	566776
153258at5125	566777	567682
154892at5125	567683	567792
154938at5125	567793	567895
154949at5125	567896	568216
155010at5125	568217	568288
155052at5125	568289	568448
155071at5125	568449	568857
155075at5125	568858	569028
155084at5125	569029	569218
155115at5125	569219	569794
155151at5125	569795	569969
155176at5125	569970	570345
155231at5125	570346	570763
155322at5125	570764	571067
155349at5125	571068	571349
155402at5125	571350	571470
155438at5125	571471	571992
155446at5125	571993	572139
155453at5125	572140	572372
155476at5125	572373	572541
155530at5125	572542	572766
155682at5125	572767	573111
155744at5125	573112	573321
155745at5125	573322	573488
155764at5125	573489	573680
155846at5125	573681	573791
155853at5125	573792	574239
155934at5125	574240	574509
155969at5125	574510	574917
155994at5125	574918	575006
155998at5125	575007	575563
156019at5125	575564	575920
156042at5125	575921	576095
156052at5125	576096	576283
156063at5125	576284	576824
156070at5125	576825	577272
15613at5125	577273	577516
156142at5125	577517	577698
156263at5125	577699	577902
156336at5125	577903	578411
156353at5125	578412	578608
156424at5125	578609	578759
156446at5125	578760	579235
156448at5125	579236	579577
156459at5125	579578	579838
156460at5125	579839	580322
156487at5125	580323	580627
156493at5125	580628	580819
156506at5125	580820	581130
156541at5125	581131	581750
156580at5125	581751	582047
156597at5125	582048	583026
156601at5125	583027	583210
156607at5125	583211	583416
156648at5125	583417	584559
156680at5125	584560	584901
156754at5125	584902	585314
156767at5125	585315	585633
156795at5125	585634	586318
156876at5125	586319	586817
156919at5125	586818	587441
157037at5125	587442	587617
157079at5125	587618	587821
157088at5125	587822	588425
157125at5125	588426	588612
157168at5125	588613	588720
157199at5125	588721	589617
157200at5125	589618	590153
157214at5125	590154	590772
157308at5125	590773	591038
157320at5125	591039	591377
157326at5125	591378	591577
157343at5125	591578	591740
157348at5125	591741	592143
157356at5125	592144	592433
157399at5125	592434	592687
157425at5125	592688	593303
157510at5125	593304	593742
157540at5125	593743	593917
157566at5125	593918	594313
157567at5125	594314	594850
157569at5125	594851	595544
157586at5125	595545	596520
157650at5125	596521	596782
157655at5125	596783	597100
157662at5125	597101	597599
157705at5125	597600	598523
157724at5125	598524	599685
157969at5125	599686	600328
158013at5125	600329	600844
158038at5125	600845	603905
158146at5125	603906	604917
158150at5125	604918	605235
158153at5125	605236	605345
158169at5125	605346	605554
158172at5125	605555	606036
158184at5125	606037	606155
158191at5125	606156	606448
158279at5125	606449	606947
158308at5125	606948	607165
158369at5125	607166	607334
158376at5125	607335	607596
158397at5125	607597	608068
158495at5125	608069	608555
158575at5125	608556	609791
158635at5125	609792	610546
158676at5125	610547	611026
158696at5125	611027	611582
158729at5125	611583	612783
158755at5125	612784	613468
158919at5125	613469	613896
158971at5125	613897	616107
159034at5125	616108	616932
159074at5125	616933	617438
159093at5125	617439	618490
159129at5125	618491	618949
159220at5125	618950	619871
159240at5125	619872	621031
159254at5125	621032	621214
159413at5125	621215	621527
159414at5125	621528	622697
159419at5125	622698	623332
159434at5125	623333	624291
159464at5125	624292	624492
159568at5125	624493	624963
159586at5125	624964	625488
159599at5125	625489	626061
159608at5125	626062	626269
159659at5125	626270	627258
159675at5125	627259	627598
159725at5125	627599	627850
159775at5125	627851	628422
159779at5125	628423	630202
159795at5125	630203	631727
159847at5125	631728	632501
159849at5125	632502	632980
159893at5125	632981	633363
159947at5125	633364	634303
159977at5125	634304	635041
160054at5125	635042	635822
160084at5125	635823	636082
160146at5125	636083	636483
160150at5125	636484	637061
160252at5125	637062	637249
160254at5125	637250	637894
160288at5125	637895	638256
160311at5125	638257	638644
160363at5125	638645	639080
160402at5125	639081	639586
160416at5125	639587	639932
160430at5125	639933	640336
160481at5125	640337	640560
160515at5125	640561	641040
160549at5125	641041	641827
160558at5125	641828	641912
160590at5125	641913	642686
160649at5125	642687	643156
160656at5125	643157	645254
160794at5125	645255	645818
160829at5125	645819	646490
160886at5125	646491	647529
160944at5125	647530	648472
160997at5125	648473	648908
161002at5125	648909	649446
161011at5125	649447	650283
161030at5125	650284	650821
161032at5125	650822	651494
161067at5125	651495	652073
161079at5125	652074	652474
161093at5125	652475	652636
161105at5125	652637	652846
161125at5125	652847	653996
161133at5125	653997	654247
161150at5125	654248	655061
161183at5125	655062	655249
161216at5125	655250	655861
161227at5125	655862	656172
161246at5125	656173	656706
161328at5125	656707	657223
161391at5125	657224	657982
161397at5125	657983	658458
161429at5125	658459	659254
161480at5125	659255	659997
161490at5125	659998	660818
161503at5125	660819	661349
161523at5125	661350	661858
161527at5125	661859	662155
161531at5125	662156	662478
161548at5125	662479	663266
161642at5125	663267	664014
161710at5125	664015	664543
161824at5125	664544	664902
161946at5125	664903	665456
161951at5125	665457	665954
162051at5125	665955	666786
162075at5125	666787	667346
162144at5125	667347	667862
162201at5125	667863	668320
162224at5125	668321	669035
162236at5125	669036	669582
162248at5125	669583	670186
162354at5125	670187	670540
162355at5125	670541	670920
162375at5125	670921	672121
162432at5125	672122	672419
162479at5125	672420	672900
162488at5125	672901	673135
162501at5125	673136	673882
162504at5125	673883	674334
162562at5125	674335	675089
162575at5125	675090	675518
162618at5125	675519	676070
162624at5125	676071	676881
162678at5125	676882	678850
162679at5125	678851	680011
162696at5125	680012	680631
162702at5125	680632	681116
162724at5125	681117	682496
162765at5125	682497	683112
162780at5125	683113	684040
162790at5125	684041	684271
162796at5125	684272	685630
16289at5125	685631	686421
162917at5125	686422	687339
163016at5125	687340	688497
163041at5125	688498	689512
163068at5125	689513	689900
163085at5125	689901	690381
163087at5125	690382	690704
163259at5125	690705	691347
163274at5125	691348	692309
163287at5125	692310	693096
163290at5125	693097	694877
163311at5125	694878	695301
163351at5125	695302	695794
163352at5125	695795	696250
163395at5125	696251	696396
163439at5125	696397	696889
163469at5125	696890	698744
163474at5125	698745	699379
16347at5125	699380	699640
163535at5125	699641	699795
163602at5125	699796	700870
163631at5125	700871	701482
163663at5125	701483	701827
163684at5125	701828	702448
163789at5125	702449	703047
163803at5125	703048	703799
163818at5125	703800	704372
163824at5125	704373	704682
163848at5125	704683	705175
163863at5125	705176	705727
164029at5125	705728	706219
164031at5125	706220	706555
164071at5125	706556	707094
164119at5125	707095	707790
164130at5125	707791	708133
164134at5125	708134	709619
164188at5125	709620	710093
164199at5125	710094	710767
164200at5125	710768	711442
164218at5125	711443	713124
164221at5125	713125	713708
164226at5125	713709	714151
164238at5125	714152	716259
164296at5125	716260	716807
164437at5125	716808	717304
164522at5125	717305	718334
164556at5125	718335	718669
164705at5125	718670	719008
164715at5125	719009	720223
164835at5125	720224	721279
164881at5125	721280	721936
164904at5125	721937	722898
164914at5125	722899	723381
164921at5125	723382	723596
164922at5125	723597	724320
164929at5125	724321	724702
164949at5125	724703	724958
164952at5125	724959	725421
164959at5125	725422	725995
164965at5125	725996	726473
165013at5125	726474	726921
165014at5125	726922	727301
165064at5125	727302	727608
165113at5125	727609	728491
165144at5125	728492	728922
165187at5125	728923	729654
165211at5125	729655	729806
165230at5125	729807	730497
165246at5125	730498	730864
165247at5125	730865	731143
165282at5125	731144	731563
165325at5125	731564	731716
165342at5125	731717	732378
165431at5125	732379	733829
165485at5125	733830	734261
165493at5125	734262	734661
165595at5125	734662	735132
165599at5125	735133	735527
165659at5125	735528	736266
165660at5125	736267	736732
165698at5125	736733	737281
165703at5125	737282	737961
165709at5125	737962	739233
165768at5125	739234	740855
165808at5125	740856	741376
165862at5125	741377	741547
165878at5125	741548	741850
165916at5125	741851	742677
165951at5125	742678	744188
165969at5125	744189	744649
165977at5125	744650	745863
165983at5125	745864	747106
166182at5125	747107	747878
166209at5125	747879	748621
166238at5125	748622	748917
166245at5125	748918	749403
166248at5125	749404	749825
166250at5125	749826	750062
166288at5125	750063	751108
166322at5125	751109	751351
166371at5125	751352	752051
166384at5125	752052	752855
166414at5125	752856	753168
166423at5125	753169	753884
166485at5125	753885	754328
166533at5125	754329	755461
166537at5125	755462	755797
166549at5125	755798	756043
166587at5125	756044	756506
166628at5125	756507	756829
166753at5125	756830	757451
166761at5125	757452	757576
166762at5125	757577	758455
166766at5125	758456	758864
166798at5125	758865	760638
1667at5125	760639	760796
166802at5125	760797	761166
166815at5125	761167	762735
166819at5125	762736	765939
166847at5125	765940	766258
166969at5125	766259	767036
166980at5125	767037	767365
166982at5125	767366	768204
167022at5125	768205	768699
167056at5125	768700	769042
167093at5125	769043	769671
167122at5125	769672	771030
167188at5125	771031	771376
167197at5125	771377	772025
167295at5125	772026	772246
167343at5125	772247	772596
167364at5125	772597	773051
167407at5125	773052	773974
167423at5125	773975	774611
167438at5125	774612	774995
167458at5125	774996	776839
167468at5125	776840	779387
167501at5125	779388	780323
167575at5125	780324	780981
167616at5125	780982	782732
167635at5125	782733	783430
167651at5125	783431	784881
167682at5125	784882	785616
167715at5125	785617	786148
167742at5125	786149	787012
167802at5125	787013	788517
167858at5125	788518	789021
167865at5125	789022	789861
167888at5125	789862	790746
167949at5125	790747	791361
16795at5125	791362	791941
168018at5125	791942	792737
168073at5125	792738	793249
168120at5125	793250	794215
168133at5125	794216	794488
168155at5125	794489	795352
168213at5125	795353	796549
168222at5125	796550	797762
168224at5125	797763	799111
168254at5125	799112	799422
168294at5125	799423	799696
168384at5125	799697	799936
168410at5125	799937	802817
168429at5125	802818	803782
168442at5125	803783	804088
168447at5125	804089	804785
168579at5125	804786	805437
168616at5125	805438	805978
168621at5125	805979	807010
168688at5125	807011	807146
168712at5125	807147	807763
168749at5125	807764	809077
168782at5125	809078	810289
168804at5125	810290	811368
168819at5125	811369	811692
168857at5125	811693	813228
168897at5125	813229	813501
168910at5125	813502	814259
168983at5125	814260	814675
168990at5125	814676	814891
169002at5125	814892	815554
169162at5125	815555	816027
169205at5125	816028	816204
169207at5125	816205	816326
169282at5125	816327	816892
169411at5125	816893	817141
169418at5125	817142	818044
169465at5125	818045	818307
169475at5125	818308	818585
169487at5125	818586	819123
169530at5125	819124	819767
169582at5125	819768	820906
169629at5125	820907	821191
169669at5125	821192	821694
169678at5125	821695	822437
169680at5125	822438	822807
169685at5125	822808	823073
169723at5125	823074	823741
169814at5125	823742	824860
169905at5125	824861	825561
169970at5125	825562	825956
169976at5125	825957	826538
169978at5125	826539	830416
169985at5125	830417	831803
170037at5125	831804	832242
170050at5125	832243	832594
170089at5125	832595	834192
170120at5125	834193	834633
170121at5125	834634	835271
170131at5125	835272	836240
170132at5125	836241	837148
170143at5125	837149	839218
170147at5125	839219	839443
170149at5125	839444	842324
170199at5125	842325	843380
170211at5125	843381	844304
170226at5125	844305	845515
170249at5125	845516	846168
170297at5125	846169	846952
170366at5125	846953	848373
170372at5125	848374	849694
170435at5125	849695	850292
170488at5125	850293	851315
170530at5125	851316	851860
170560at5125	851861	852983
170573at5125	852984	853499
170581at5125	853500	853945
170594at5125	853946	854307
170607at5125	854308	855036
170630at5125	855037	855771
170639at5125	855772	855897
170661at5125	855898	856207
170683at5125	856208	856553
170704at5125	856554	856899
170726at5125	856900	857768
170742at5125	857769	858540
170827at5125	858541	859579
170842at5125	859580	860070
170843at5125	860071	860554
170867at5125	860555	861187
170879at5125	861188	862969
170909at5125	862970	863619
170956at5125	863620	864047
170967at5125	864048	865547
170975at5125	865548	866369
171001at5125	866370	867185
171040at5125	867186	867688
171080at5125	867689	868348
171105at5125	868349	868733
171114at5125	868734	871217
171217at5125	871218	871402
171222at5125	871403	871893
171237at5125	871894	872415
171239at5125	872416	873468
171242at5125	873469	873924
171267at5125	873925	874534
171303at5125	874535	875171
171324at5125	875172	875767
171343at5125	875768	876749
171374at5125	876750	876955
171431at5125	876956	877210
171475at5125	877211	877946
171538at5125	877947	878307
171553at5125	878308	879319
171555at5125	879320	879815
171556at5125	879816	880508
171558at5125	880509	881007
171567at5125	881008	882164
171602at5125	882165	882905
171619at5125	882906	883671
171648at5125	883672	883975
171651at5125	883976	884353
171676at5125	884354	884697
171683at5125	884698	886144
171700at5125	886145	886368
171763at5125	886369	886785
171815at5125	886786	887184
171887at5125	887185	888150
171971at5125	888151	889047
171989at5125	889048	890104
172016at5125	890105	891230
172037at5125	891231	891514
172069at5125	891515	892538
172099at5125	892539	892686
172153at5125	892687	893589
172166at5125	893590	894163
172183at5125	894164	894911
172219at5125	894912	895319
172250at5125	895320	895677
172292at5125	895678	896292
172332at5125	896293	896995
172371at5125	896996	897322
172379at5125	897323	897533
172393at5125	897534	898171
172395at5125	898172	898985
172407at5125	898986	899752
172443at5125	899753	900062
172445at5125	900063	900384
172478at5125	900385	900584
172493at5125	900585	901146
172496at5125	901147	901647
172525at5125	901648	902168
172569at5125	902169	903760
172585at5125	903761	904974
172616at5125	904975	905622
172619at5125	905623	906755
172679at5125	906756	907185
172680at5125	907186	907521
172691at5125	907522	907902
172728at5125	907903	909357
172742at5125	909358	910170
172757at5125	910171	910718
172843at5125	910719	912238
172848at5125	912239	913135
172851at5125	913136	913558
172878at5125	913559	914033
172891at5125	914034	915963
172896at5125	915964	916154
172946at5125	916155	916444
172978at5125	916445	917029
172981at5125	917030	917274
173042at5125	917275	917649
173046at5125	917650	918083
173074at5125	918084	918612
173080at5125	918613	919761
173197at5125	919762	920192
173242at5125	920193	920617
17326at5125	920618	921013
173277at5125	921014	921654
173307at5125	921655	922732
173315at5125	922733	923711
173335at5125	923712	923881
173344at5125	923882	924344
173363at5125	924345	925039
173373at5125	925040	925370
173416at5125	925371	925643
173430at5125	925644	926726
173436at5125	926727	927950
173461at5125	927951	928163
173466at5125	928164	928577
173487at5125	928578	929483
173562at5125	929484	930437
173587at5125	930438	931051
173599at5125	931052	932403
173613at5125	932404	933111
173625at5125	933112	933758
173636at5125	933759	934074
173688at5125	934075	934843
173731at5125	934844	935094
173737at5125	935095	935431
173785at5125	935432	935748
173794at5125	935749	936271
173817at5125	936272	936891
173819at5125	936892	937614
173843at5125	937615	937843
173863at5125	937844	938474
173880at5125	938475	938959
173888at5125	938960	940569
173893at5125	940570	941188
173896at5125	941189	941704
173898at5125	941705	942360
173929at5125	942361	942628
173947at5125	942629	943146
173960at5125	943147	943995
173964at5125	943996	944344
173992at5125	944345	944494
174000at5125	944495	944757
174012at5125	944758	945237
174046at5125	945238	945937
174060at5125	945938	948893
174062at5125	948894	949481
174106at5125	949482	950998
174130at5125	950999	951185
174131at5125	951186	951681
174146at5125	951682	951856
174148at5125	951857	952226
174261at5125	952227	953169
174291at5125	953170	953577
174305at5125	953578	954144
174321at5125	954145	954693
174344at5125	954694	955457
174382at5125	955458	956053
174415at5125	956054	956854
174421at5125	956855	957568
174457at5125	957569	958904
174527at5125	958905	959751
174539at5125	959752	960053
174550at5125	960054	960307
174557at5125	960308	960579
174559at5125	960580	961127
174576at5125	961128	961936
174678at5125	961937	962440
174696at5125	962441	963325
174700at5125	963326	964331
174722at5125	964332	965020
174745at5125	965021	965579
174774at5125	965580	965846
174795at5125	965847	966586
174806at5125	966587	966868
174815at5125	966869	967602
174883at5125	967603	967856
174884at5125	967857	968775
174963at5125	968776	969012
175003at5125	969013	969331
175062at5125	969332	969736
175064at5125	969737	972230
175088at5125	972231	972751
175093at5125	972752	973923
175097at5125	973924	974505
175136at5125	974506	974984
175161at5125	974985	975500
175175at5125	975501	975895
175206at5125	975896	977001
175215at5125	977002	977908
175228at5125	977909	979391
17522at5125	979392	980114
175253at5125	980115	980446
175267at5125	980447	980519
175320at5125	980520	981684
175352at5125	981685	982630
175362at5125	982631	982952
175370at5125	982953	983066
175381at5125	983067	983404
175414at5125	983405	983840
175417at5125	983841	984096
175475at5125	984097	984877
175492at5125	984878	985317
175516at5125	985318	986264
175525at5125	986265	986493
175600at5125	986494	987915
175610at5125	987916	989596
175651at5125	989597	991054
175726at5125	991055	991450
175737at5125	991451	992162
175785at5125	992163	992506
175786at5125	992507	993152
175799at5125	993153	994364
175802at5125	994365	995080
175820at5125	995081	996239
175828at5125	996240	997279
175857at5125	997280	998477
175878at5125	998478	998654
175921at5125	998655	999986
175922at5125	999987	1000658
175924at5125	1000659	1001381
175946at5125	1001382	1001682
175948at5125	1001683	1002247
175949at5125	1002248	1002905
175985at5125	1002906	1003721
175987at5125	1003722	1004089
176029at5125	1004090	1005261
176038at5125	1005262	1005917
176054at5125	1005918	1006112
176071at5125	1006113	1006527
176156at5125	1006528	1007500
176172at5125	1007501	1007719
176182at5125	1007720	1007791
176249at5125	1007792	1008581
176258at5125	1008582	1009857
176259at5125	1009858	1010677
176272at5125	1010678	1011191
176307at5125	1011192	1012072
176311at5125	1012073	1012233
176322at5125	1012234	1012428
176443at5125	1012429	1013165
176471at5125	1013166	1013888
176491at5125	1013889	1014194
176503at5125	1014195	1016379
176507at5125	1016380	1016824
176520at5125	1016825	1017001
176523at5125	1017002	1017505
176599at5125	1017506	1018271
176646at5125	1018272	1019188
176713at5125	1019189	1020193
176723at5125	1020194	1020562
176741at5125	1020563	1021016
176762at5125	1021017	1022920
176785at5125	1022921	1023697
176788at5125	1023698	1023985
176799at5125	1023986	1024674
17680at5125	1024675	1025109
176811at5125	1025110	1026209
176871at5125	1026210	1026713
176904at5125	1026714	1027455
176948at5125	1027456	1027665
176961at5125	1027666	1027845
176993at5125	1027846	1028705
177036at5125	1028706	1028866
177039at5125	1028867	1029767
177122at5125	1029768	1030396
177147at5125	1030397	1031006
177183at5125	1031007	1031236
177189at5125	1031237	1031567
177222at5125	1031568	1031885
177230at5125	1031886	1032086
177231at5125	1032087	1033175
177232at5125	1033176	1033662
177241at5125	1033663	1033965
177259at5125	1033966	1034412
177278at5125	1034413	1034705
177290at5125	1034706	1035272
177342at5125	1035273	1036211
177353at5125	1036212	1036949
177371at5125	1036950	1037561
177415at5125	1037562	1038298
177426at5125	1038299	1038989
177444at5125	1038990	1039897
177455at5125	1039898	1041277
177457at5125	1041278	1041964
177544at5125	1041965	1042435
177559at5125	1042436	1042883
177564at5125	1042884	1043286
177567at5125	1043287	1043505
177586at5125	1043506	1043646
177630at5125	1043647	1044055
177728at5125	1044056	1044217
177762at5125	1044218	1045177
177766at5125	1045178	1047107
177767at5125	1047108	1047908
177818at5125	1047909	1049323
177827at5125	1049324	1049905
177853at5125	1049906	1050324
177863at5125	1050325	1050538
177880at5125	1050539	1051562
177906at5125	1051563	1052604
177916at5125	1052605	1053343
177931at5125	1053344	1054014
177942at5125	1054015	1054905
177945at5125	1054906	1055139
177959at5125	1055140	1055638
177981at5125	1055639	1056895
178012at5125	1056896	1057949
178040at5125	1057950	1058454
178061at5125	1058455	1059558
178094at5125	1059559	1060141
178097at5125	1060142	1060325
178105at5125	1060326	1060757
178119at5125	1060758	1062360
178137at5125	1062361	1062904
178139at5125	1062905	1063737
178155at5125	1063738	1064830
178166at5125	1064831	1065566
178227at5125	1065567	1066314
178240at5125	1066315	1067884
178276at5125	1067885	1068054
178324at5125	1068055	1068852
178327at5125	1068853	1069082
178344at5125	1069083	1069494
178361at5125	1069495	1069892
178375at5125	1069893	1070509
178441at5125	1070510	1071288
178476at5125	1071289	1072526
178523at5125	1072527	1073424
178535at5125	1073425	1073734
178576at5125	1073735	1073907
178597at5125	1073908	1074319
178606at5125	1074320	1074450
178610at5125	1074451	1075990
178650at5125	1075991	1076340
178718at5125	1076341	1077686
178764at5125	1077687	1078342
178804at5125	1078343	1078798
178886at5125	1078799	1079825
178921at5125	1079826	1080228
178923at5125	1080229	1080474
178941at5125	1080475	1080888
178944at5125	1080889	1081025
179026at5125	1081026	1081654
179037at5125	1081655	1082562
179097at5125	1082563	1083116
179134at5125	1083117	1083987
179152at5125	1083988	1084871
179153at5125	1084872	1085410
179174at5125	1085411	1085653
179189at5125	1085654	1087506
179206at5125	1087507	1087772
179223at5125	1087773	1088126
179304at5125	1088127	1088598
179322at5125	1088599	1089503
179382at5125	1089504	1090316
179401at5125	1090317	1090594
179413at5125	1090595	1091818
179419at5125	1091819	1092174
179428at5125	1092175	1093708
179459at5125	1093709	1093867
179505at5125	1093868	1094132
179554at5125	1094133	1094614
179587at5125	1094615	1094826
179591at5125	1094827	1095580
179593at5125	1095581	1095790
179610at5125	1095791	1095924
179628at5125	1095925	1096127
179633at5125	1096128	1096319
179675at5125	1096320	1096551
179756at5125	1096552	1096818
179758at5125	1096819	1097172
179762at5125	1097173	1098299
179871at5125	1098300	1098885
179888at5125	1098886	1099270
179962at5125	1099271	1099375
179971at5125	1099376	1100842
179973at5125	1100843	1101415
179990at5125	1101416	1102145
180025at5125	1102146	1102669
180064at5125	1102670	1103086
180078at5125	1103087	1103618
180082at5125	1103619	1103879
18011at5125	1103880	1104569
180124at5125	1104570	1104886
180143at5125	1104887	1105333
180173at5125	1105334	1105995
180249at5125	1105996	1106606
180250at5125	1106607	1106919
180318at5125	1106920	1108132
180376at5125	1108133	1108326
180445at5125	1108327	1108877
180530at5125	1108878	1109089
180553at5125	1109090	1109256
180576at5125	1109257	1109404
180624at5125	1109405	1109678
180666at5125	1109679	1109797
180822at5125	1109798	1110599
180908at5125	1110600	1111267
181030at5125	1111268	1111568
181220at5125	1111569	1111863
182804at5125	1111864	1112697
182897at5125	1112698	1113027
182918at5125	1113028	1113192
182989at5125	1113193	1113279
182999at5125	1113280	1113481
183061at5125	1113482	1113865
183164at5125	1113866	1114677
183168at5125	1114678	1114861
183171at5125	1114862	1115186
183175at5125	1115187	1115552
183377at5125	1115553	1116292
183457at5125	1116293	1116905
183521at5125	1116906	1117355
183561at5125	1117356	1117766
183614at5125	1117767	1118148
183626at5125	1118149	1118293
183782at5125	1118294	1118834
183796at5125	1118835	1119335
183819at5125	1119336	1119700
183865at5125	1119701	1120449
183897at5125	1120450	1120718
183976at5125	1120719	1121010
184069at5125	1121011	1121242
184193at5125	1121243	1122012
184197at5125	1122013	1122333
184229at5125	1122334	1122685
184300at5125	1122686	1123033
184393at5125	1123034	1123548
184476at5125	1123549	1123939
184484at5125	1123940	1125896
184544at5125	1125897	1126667
184561at5125	1126668	1127102
184612at5125	1127103	1127545
184693at5125	1127546	1127760
18472at5125	1127761	1128519
184752at5125	1128520	1128896
184768at5125	1128897	1129194
184994at5125	1129195	1129451
185058at5125	1129452	1129883
185075at5125	1129884	1130458
185107at5125	1130459	1130969
185156at5125	1130970	1131196
185264at5125	1131197	1132095
185313at5125	1132096	1133092
185317at5125	1133093	1133272
185362at5125	1133273	1134002
185388at5125	1134003	1134944
185394at5125	1134945	1135508
185410at5125	1135509	1135927
185567at5125	1135928	1136154
185583at5125	1136155	1136456
185656at5125	1136457	1136905
185840at5125	1136906	1137329
185894at5125	1137330	1137646
185977at5125	1137647	1138821
186030at5125	1138822	1139193
186048at5125	1139194	1140016
186270at5125	1140017	1140550
186273at5125	1140551	1140981
186300at5125	1140982	1141148
186342at5125	1141149	1141595
186387at5125	1141596	1142143
186393at5125	1142144	1142661
186423at5125	1142662	1142886
186434at5125	1142887	1145075
186484at5125	1145076	1145531
186540at5125	1145532	1145726
186697at5125	1145727	1145927
186777at5125	1145928	1146308
186797at5125	1146309	1147032
186889at5125	1147033	1147645
186956at5125	1147646	1148022
187114at5125	1148023	1148916
187129at5125	1148917	1149857
187205at5125	1149858	1150705
187222at5125	1150706	1151065
187285at5125	1151066	1155056
187298at5125	1155057	1155579
187359at5125	1155580	1156153
187461at5125	1156154	1156374
187480at5125	1156375	1156888
187488at5125	1156889	1157153
187504at5125	1157154	1157980
187533at5125	1157981	1158255
187543at5125	1158256	1159037
187547at5125	1159038	1159379
187568at5125	1159380	1160044
187581at5125	1160045	1160895
187641at5125	1160896	1161525
187755at5125	1161526	1161756
187776at5125	1161757	1162293
187793at5125	1162294	1162440
187806at5125	1162441	1163261
187890at5125	1163262	1164077
187892at5125	1164078	1164458
187913at5125	1164459	1164664
188033at5125	1164665	1164752
188140at5125	1164753	1165237
188143at5125	1165238	1165480
188183at5125	1165481	1165843
188207at5125	1165844	1166446
188286at5125	1166447	1166668
188305at5125	1166669	1167159
188349at5125	1167160	1167743
188376at5125	1167744	1168214
188560at5125	1168215	1168975
188596at5125	1168976	1169570
188618at5125	1169571	1170261
188661at5125	1170262	1170783
188731at5125	1170784	1171460
188763at5125	1171461	1172040
188849at5125	1172041	1172582
188901at5125	1172583	1172936
188926at5125	1172937	1173218
188935at5125	1173219	1174573
188976at5125	1174574	1174905
189044at5125	1174906	1175422
189094at5125	1175423	1175625
189222at5125	1175626	1176280
189293at5125	1176281	1176992
189299at5125	1176993	1178833
189332at5125	1178834	1179601
189507at5125	1179602	1179868
189623at5125	1179869	1180595
189659at5125	1180596	1182422
189660at5125	1182423	1182809
189770at5125	1182810	1183114
189810at5125	1183115	1183503
189951at5125	1183504	1183642
190097at5125	1183643	1184684
190124at5125	1184685	1185622
190197at5125	1185623	1185960
190296at5125	1185961	1186588
190298at5125	1186589	1186875
190325at5125	1186876	1187384
190395at5125	1187385	1187590
190580at5125	1187591	1188480
190666at5125	1188481	1189312
190669at5125	1189313	1189685
190696at5125	1189686	1189816
190736at5125	1189817	1190358
190757at5125	1190359	1190691
190838at5125	1190692	1191152
191124at5125	1191153	1191454
191165at5125	1191455	1191613
191183at5125	1191614	1191965
191249at5125	1191966	1192895
191303at5125	1192896	1193195
191407at5125	1193196	1193835
191408at5125	1193836	1194297
191486at5125	1194298	1194844
191618at5125	1194845	1196008
191625at5125	1196009	1196573
191739at5125	1196574	1197694
191745at5125	1197695	1198166
191786at5125	1198167	1198434
191871at5125	1198435	1198740
191891at5125	1198741	1199220
191962at5125	1199221	1199597
191986at5125	1199598	1199831
191987at5125	1199832	1200022
192027at5125	1200023	1200155
192042at5125	1200156	1200686
192089at5125	1200687	1200859
192132at5125	1200860	1200964
192205at5125	1200965	1201567
192256at5125	1201568	1201999
192292at5125	1202000	1203021
192395at5125	1203022	1205416
192649at5125	1205417	1205990
192713at5125	1205991	1206454
192816at5125	1206455	1206689
192857at5125	1206690	1207361
192877at5125	1207362	1207926
192893at5125	1207927	1208616
192949at5125	1208617	1209519
192965at5125	1209520	1209802
192988at5125	1209803	1210295
193073at5125	1210296	1210854
193166at5125	1210855	1212014
193301at5125	1212015	1213518
193406at5125	1213519	1214041
193407at5125	1214042	1214305
193439at5125	1214306	1214564
193485at5125	1214565	1214972
193587at5125	1214973	1215511
193628at5125	1215512	1216392
193637at5125	1216393	1217042
193711at5125	1217043	1219302
193733at5125	1219303	1220727
193853at5125	1220728	1221440
193985at5125	1221441	1221799
194051at5125	1221800	1222407
194080at5125	1222408	1222687
194124at5125	1222688	1223031
194148at5125	1223032	1223562
194254at5125	1223563	1223760
194361at5125	1223761	1226966
194382at5125	1226967	1227555
194397at5125	1227556	1228129
194414at5125	1228130	1228556
194467at5125	1228557	1228928
194553at5125	1228929	1229232
194568at5125	1229233	1229883
194652at5125	1229884	1230080
194740at5125	1230081	1230301
194757at5125	1230302	1230678
194785at5125	1230679	1231237
194836at5125	1231238	1231526
194854at5125	1231527	1231675
194873at5125	1231676	1232156
194952at5125	1232157	1232582
194997at5125	1232583	1232818
195037at5125	1232819	1233563
195101at5125	1233564	1234226
195152at5125	1234227	1235264
195164at5125	1235265	1235686
195203at5125	1235687	1236013
195205at5125	1236014	1236273
195281at5125	1236274	1236588
195426at5125	1236589	1236963
195452at5125	1236964	1237649
195540at5125	1237650	1238021
195627at5125	1238022	1238150
195716at5125	1238151	1239423
195719at5125	1239424	1239817
195958at5125	1239818	1241374
196071at5125	1241375	1242107
196091at5125	1242108	1242757
196158at5125	1242758	1243349
196178at5125	1243350	1244360
196194at5125	1244361	1245651
196217at5125	1245652	1246500
196387at5125	1246501	1246760
196389at5125	1246761	1247106
196603at5125	1247107	1247202
196686at5125	1247203	1249126
196710at5125	1249127	1249313
196715at5125	1249314	1249661
196727at5125	1249662	1250515
196731at5125	1250516	1250848
196761at5125	1250849	1251300
196794at5125	1251301	1251788
196877at5125	1251789	1251995
196906at5125	1251996	1252917
196943at5125	1252918	1253144
196979at5125	1253145	1253853
196998at5125	1253854	1254271
196999at5125	1254272	1254726
197053at5125	1254727	1255108
197068at5125	1255109	1256090
197120at5125	1256091	1256646
197129at5125	1256647	1257247
197145at5125	1257248	1257717
197173at5125	1257718	1258951
197178at5125	1258952	1259329
197253at5125	1259330	1261421
197264at5125	1261422	1262125
197313at5125	1262126	1262655
197337at5125	1262656	1263204
197398at5125	1263205	1264416
197462at5125	1264417	1264888
197479at5125	1264889	1265024
197491at5125	1265025	1266187
197523at5125	1266188	1267309
197636at5125	1267310	1268266
197658at5125	1268267	1270360
197724at5125	1270361	1271012
197725at5125	1271013	1271558
197746at5125	1271559	1271649
197771at5125	1271650	1271888
197780at5125	1271889	1272207
197782at5125	1272208	1273093
197849at5125	1273094	1273869
197899at5125	1273870	1274317
197921at5125	1274318	1275997
197963at5125	1275998	1276570
197968at5125	1276571	1276905
197982at5125	1276906	1277823
198052at5125	1277824	1278273
198159at5125	1278274	1278705
198224at5125	1278706	1279114
198257at5125	1279115	1279433
198259at5125	1279434	1279941
198310at5125	1279942	1280078
198345at5125	1280079	1281295
198376at5125	1281296	1282023
198636at5125	1282024	1282412
198788at5125	1282413	1282724
198823at5125	1282725	1283222
198862at5125	1283223	1284101
198909at5125	1284102	1284745
198921at5125	1284746	1285261
199009at5125	1285262	1286998
199079at5125	1286999	1287485
199186at5125	1287486	1287594
199233at5125	1287595	1288335
199312at5125	1288336	1289011
199372at5125	1289012	1289439
199382at5125	1289440	1289622
199419at5125	1289623	1290026
199456at5125	1290027	1290281
199593at5125	1290282	1290951
199674at5125	1290952	1291482
199724at5125	1291483	1291956
199879at5125	1291957	1292188
199899at5125	1292189	1292724
199971at5125	1292725	1293419
200010at5125	1293420	1293564
200142at5125	1293565	1293926
200164at5125	1293927	1294123
200235at5125	1294124	1294520
200242at5125	1294521	1294938
200245at5125	1294939	1295461
20040at5125	1295462	1295793
200518at5125	1295794	1296511
200559at5125	1296512	1296678
200612at5125	1296679	1296922
200628at5125	1296923	1297457
200645at5125	1297458	1297994
200697at5125	1297995	1298925
200751at5125	1298926	1299058
200782at5125	1299059	1299639
200910at5125	1299640	1299842
201116at5125	1299843	1300141
201225at5125	1300142	1300693
201266at5125	1300694	1301231
201302at5125	1301232	1301939
201323at5125	1301940	1302279
201351at5125	1302280	1302718
201363at5125	1302719	1304576
201373at5125	1304577	1305089
201402at5125	1305090	1306124
201436at5125	1306125	1307077
201447at5125	1307078	1307835
201452at5125	1307836	1308024
20148at5125	1308025	1308352
201505at5125	1308353	1309030
201747at5125	1309031	1309388
201831at5125	1309389	1309722
201917at5125	1309723	1310032
201961at5125	1310033	1310430
201993at5125	1310431	1310695
2019at5125	1310696	1311267
202036at5125	1311268	1312286
202087at5125	1312287	1312576
202097at5125	1312577	1312934
202111at5125	1312935	1313998
202131at5125	1313999	1314786
202148at5125	1314787	1315330
202245at5125	1315331	1316662
202256at5125	1316663	1316867
202299at5125	1316868	1317484
202406at5125	1317485	1317962
202460at5125	1317963	1318143
202461at5125	1318144	1318402
202491at5125	1318403	1318791
202556at5125	1318792	1319270
202566at5125	1319271	1319691
202672at5125	1319692	1320111
202743at5125	1320112	1320504
202792at5125	1320505	1320811
202829at5125	1320812	1321120
202921at5125	1321121	1321466
202944at5125	1321467	1322540
202954at5125	1322541	1322671
202998at5125	1322672	1324005
203025at5125	1324006	1324394
203145at5125	1324395	1325271
203184at5125	1325272	1326666
203204at5125	1326667	1327037
203210at5125	1327038	1327290
203469at5125	1327291	1327695
203508at5125	1327696	1328811
203516at5125	1328812	1330354
203550at5125	1330355	1330789
203639at5125	1330790	1331309
203657at5125	1331310	1332318
203712at5125	1332319	1332774
203716at5125	1332775	1333062
203775at5125	1333063	1333349
203828at5125	1333350	1335177
203829at5125	1335178	1335778
203914at5125	1335779	1337180
204015at5125	1337181	1338037
204017at5125	1338038	1339251
204030at5125	1339252	1339691
204130at5125	1339692	1340087
204165at5125	1340088	1340704
204247at5125	1340705	1341114
204298at5125	1341115	1341792
204319at5125	1341793	1342155
204327at5125	1342156	1343687
204387at5125	1343688	1344125
204532at5125	1344126	1344547
204606at5125	1344548	1344892
204685at5125	1344893	1345178
204852at5125	1345179	1346034
204874at5125	1346035	1346949
204967at5125	1346950	1347665
204990at5125	1347666	1348443
204996at5125	1348444	1348750
205056at5125	1348751	1349221
205087at5125	1349222	1349509
205088at5125	1349510	1350190
205135at5125	1350191	1350386
205197at5125	1350387	1350690
205212at5125	1350691	1351515
205257at5125	1351516	1351858
205272at5125	1351859	1352714
205321at5125	1352715	1352954
205416at5125	1352955	1353253
205640at5125	1353254	1353799
205747at5125	1353800	1354081
205757at5125	1354082	1354279
205809at5125	1354280	1355087
205851at5125	1355088	1356314
205972at5125	1356315	1356821
205981at5125	1356822	1357203
206043at5125	1357204	1357970
206089at5125	1357971	1358331
206104at5125	1358332	1358729
206196at5125	1358730	1359242
206609at5125	1359243	1359396
206702at5125	1359397	1359578
206952at5125	1359579	1360078
206982at5125	1360079	1360529
206999at5125	1360530	1360771
207067at5125	1360772	1361135
207293at5125	1361136	1361492
207296at5125	1361493	1362038
207350at5125	1362039	1362199
207356at5125	1362200	1362679
207372at5125	1362680	1363046
207378at5125	1363047	1364214
207475at5125	1364215	1364850
207527at5125	1364851	1365141
209086at5125	1365142	1365841
20908at5125	1365842	1366283
209555at5125	1366284	1366629
210173at5125	1366630	1366831
210838at5125	1366832	1368052
210919at5125	1368053	1368185
210931at5125	1368186	1368274
210958at5125	1368275	1368372
210978at5125	1368373	1368554
210997at5125	1368555	1368769
211003at5125	1368770	1369044
211005at5125	1369045	1369574
211008at5125	1369575	1370063
211045at5125	1370064	1370513
211046at5125	1370514	1370798
211063at5125	1370799	1371035
211074at5125	1371036	1371343
211082at5125	1371344	1371480
211089at5125	1371481	1372208
211096at5125	1372209	1372335
211097at5125	1372336	1372807
211131at5125	1372808	1372933
211148at5125	1372934	1373168
211165at5125	1373169	1374068
211193at5125	1374069	1374462
211196at5125	1374463	1374643
211199at5125	1374644	1374753
211214at5125	1374754	1375143
211217at5125	1375144	1375610
211238at5125	1375611	1375772
211269at5125	1375773	1376224
211277at5125	1376225	1376695
211278at5125	1376696	1376999
211294at5125	1377000	1377471
211308at5125	1377472	1377927
211312at5125	1377928	1378321
211319at5125	1378322	1379553
211339at5125	1379554	1379683
211343at5125	1379684	1380029
211349at5125	1380030	1380485
211361at5125	1380486	1380612
211367at5125	1380613	1380848
211374at5125	1380849	1381375
211400at5125	1381376	1382630
211429at5125	1382631	1383327
211434at5125	1383328	1383524
211442at5125	1383525	1383623
211465at5125	1383624	1383793
211468at5125	1383794	1384104
211479at5125	1384105	1384618
211484at5125	1384619	1384997
211492at5125	1384998	1386136
211530at5125	1386137	1386296
211548at5125	1386297	1386825
211587at5125	1386826	1387247
211601at5125	1387248	1387776
211620at5125	1387777	1388216
211636at5125	1388217	1388422
211655at5125	1388423	1388882
211690at5125	1388883	1389439
211711at5125	1389440	1389654
211716at5125	1389655	1389882
211720at5125	1389883	1390537
211723at5125	1390538	1390789
211726at5125	1390790	1391287
211743at5125	1391288	1391605
211744at5125	1391606	1391878
211747at5125	1391879	1391998
211748at5125	1391999	1393486
211771at5125	1393487	1393681
211780at5125	1393682	1394438
211782at5125	1394439	1394576
211785at5125	1394577	1395680
211798at5125	1395681	1395834
211801at5125	1395835	1396120
211803at5125	1396121	1396933
211817at5125	1396934	1397908
211830at5125	1397909	1398031
211911at5125	1398032	1398291
211916at5125	1398292	1402638
211934at5125	1402639	1403105
211944at5125	1403106	1403339
211948at5125	1403340	1403743
211952at5125	1403744	1403887
211957at5125	1403888	1404639
211964at5125	1404640	1404766
211977at5125	1404767	1405030
211978at5125	1405031	1405529
211980at5125	1405530	1406181
211983at5125	1406182	1406714
211999at5125	1406715	1406951
212007at5125	1406952	1407506
212016at5125	1407507	1407941
212056at5125	1407942	1408291
212065at5125	1408292	1408442
21210at5125	1408443	1408819
212114at5125	1408820	1409278
212115at5125	1409279	1409348
212144at5125	1409349	1409520
212154at5125	1409521	1409672
212171at5125	1409673	1410107
212202at5125	1410108	1410360
212211at5125	1410361	1410619
212277at5125	1410620	1410754
212285at5125	1410755	1411645
212314at5125	1411646	1412027
212332at5125	1412028	1412207
212341at5125	1412208	1412652
212343at5125	1412653	1413053
212368at5125	1413054	1413326
212387at5125	1413327	1414047
212388at5125	1414048	1414431
212401at5125	1414432	1415235
212402at5125	1415236	1415683
212406at5125	1415684	1415831
212467at5125	1415832	1416311
212486at5125	1416312	1416708
212490at5125	1416709	1417024
212492at5125	1417025	1417477
212495at5125	1417478	1417591
212510at5125	1417592	1418623
212517at5125	1418624	1419067
212522at5125	1419068	1420227
212534at5125	1420228	1420712
212549at5125	1420713	1420943
212574at5125	1420944	1421121
212591at5125	1421122	1422015
212598at5125	1422016	1422845
212645at5125	1422846	1423259
212651at5125	1423260	1423464
212682at5125	1423465	1424274
212684at5125	1424275	1424914
212691at5125	1424915	1425318
212703at5125	1425319	1425936
212736at5125	1425937	1427015
212739at5125	1427016	1427370
212741at5125	1427371	1427666
212749at5125	1427667	1428652
212768at5125	1428653	1429115
212788at5125	1429116	1429567
212797at5125	1429568	1431068
212806at5125	1431069	1431646
212829at5125	1431647	1432347
212830at5125	1432348	1432735
212831at5125	1432736	1433297
212849at5125	1433298	1433941
212874at5125	1433942	1434556
212877at5125	1434557	1434794
212885at5125	1434795	1435404
212892at5125	1435405	1435820
212920at5125	1435821	1436339
212942at5125	1436340	1436948
212957at5125	1436949	1437413
212964at5125	1437414	1438427
212965at5125	1438428	1438713
212969at5125	1438714	1439038
212983at5125	1439039	1439399
212986at5125	1439400	1439632
213004at5125	1439633	1440077
213007at5125	1440078	1440711
213018at5125	1440712	1441242
213023at5125	1441243	1441637
213058at5125	1441638	1442051
213060at5125	1442052	1442197
213080at5125	1442198	1442556
213089at5125	1442557	1442896
213123at5125	1442897	1442978
213145at5125	1442979	1443458
213167at5125	1443459	1443855
213183at5125	1443856	1444360
213184at5125	1444361	1444669
213215at5125	1444670	1444999
213225at5125	1445000	1446096
213251at5125	1446097	1446808
213269at5125	1446809	1447229
213275at5125	1447230	1447739
213279at5125	1447740	1448202
213305at5125	1448203	1449166
213358at5125	1449167	1449420
213370at5125	1449421	1449835
213372at5125	1449836	1450448
213392at5125	1450449	1451141
213393at5125	1451142	1451874
213396at5125	1451875	1452143
213405at5125	1452144	1452453
213411at5125	1452454	1452643
213421at5125	1452644	1453568
213424at5125	1453569	1454287
213450at5125	1454288	1454623
213453at5125	1454624	1455173
213464at5125	1455174	1455593
213510at5125	1455594	1456066
213515at5125	1456067	1457068
213534at5125	1457069	1457736
213546at5125	1457737	1457983
213555at5125	1457984	1458471
213570at5125	1458472	1458955
213589at5125	1458956	1459464
213609at5125	1459465	1459838
213611at5125	1459839	1460193
213616at5125	1460194	1460736
213624at5125	1460737	1461315
213636at5125	1461316	1462031
213644at5125	1462032	1462209
213695at5125	1462210	1462542
213715at5125	1462543	1463442
213719at5125	1463443	1463975
213721at5125	1463976	1465548
213746at5125	1465549	1466186
213747at5125	1466187	1467157
213754at5125	1467158	1467360
213755at5125	1467361	1468570
213760at5125	1468571	1468684
213762at5125	1468685	1469043
213766at5125	1469044	1469388
213773at5125	1469389	1469708
213780at5125	1469709	1471172
213782at5125	1471173	1471466
213792at5125	1471467	1472016
213803at5125	1472017	1472264
213806at5125	1472265	1472821
213834at5125	1472822	1473599
213854at5125	1473600	1473841
213869at5125	1473842	1474701
213870at5125	1474702	1474948
213889at5125	1474949	1475425
213920at5125	1475426	1475759
213926at5125	1475760	1476140
213931at5125	1476141	1476424
213934at5125	1476425	1478375
213947at5125	1478376	1478957
213968at5125	1478958	1479743
213974at5125	1479744	1480235
213979at5125	1480236	1480949
214002at5125	1480950	1481865
214010at5125	1481866	1482352
214015at5125	1482353	1483124
214020at5125	1483125	1483744
214040at5125	1483745	1484239
214066at5125	1484240	1485393
214067at5125	1485394	1486095
214073at5125	1486096	1486376
214076at5125	1486377	1487403
214081at5125	1487404	1487590
214095at5125	1487591	1488087
214134at5125	1488088	1488272
214164at5125	1488273	1488842
214167at5125	1488843	1489530
214178at5125	1489531	1489884
214228at5125	1489885	1490546
214292at5125	1490547	1490891
214347at5125	1490892	1491243
214387at5125	1491244	1491600
214388at5125	1491601	1492304
214395at5125	1492305	1492670
214414at5125	1492671	1492841
214425at5125	1492842	1493252
214448at5125	1493253	1494107
214450at5125	1494108	1494249
214451at5125	1494250	1494644
214463at5125	1494645	1494869
214502at5125	1494870	1494961
214507at5125	1494962	1495621
214514at5125	1495622	1496581
214520at5125	1496582	1497191
214533at5125	1497192	1497923
214541at5125	1497924	1498530
214547at5125	1498531	1498887
214563at5125	1498888	1499234
214566at5125	1499235	1499525
214580at5125	1499526	1499748
214583at5125	1499749	1500609
214615at5125	1500610	1501315
214626at5125	1501316	1502608
214647at5125	1502609	1503901
214653at5125	1503902	1504296
214697at5125	1504297	1504692
214698at5125	1504693	1505689
214705at5125	1505690	1506268
214720at5125	1506269	1507722
214735at5125	1507723	1509125
214738at5125	1509126	1510029
214766at5125	1510030	1511094
214770at5125	1511095	1511518
214800at5125	1511519	1512746
214831at5125	1512747	1513251
214839at5125	1513252	1513909
214844at5125	1513910	1514618
214850at5125	1514619	1514883
214865at5125	1514884	1515867
214866at5125	1515868	1516280
214889at5125	1516281	1516872
214893at5125	1516873	1517531
214912at5125	1517532	1518411
214932at5125	1518412	1518583
214952at5125	1518584	1518953
214983at5125	1518954	1519290
214991at5125	1519291	1519684
215013at5125	1519685	1520189
215025at5125	1520190	1521570
215043at5125	1521571	1521882
215060at5125	1521883	1522411
215062at5125	1522412	1522699
215093at5125	1522700	1523138
215106at5125	1523139	1524209
215108at5125	1524210	1524459
215109at5125	1524460	1525180
215120at5125	1525181	1525448
215144at5125	1525449	1528248
215152at5125	1528249	1528392
215188at5125	1528393	1528587
215213at5125	1528588	1533435
215218at5125	1533436	1534232
215222at5125	1534233	1534922
215236at5125	1534923	1535349
215237at5125	1535350	1535717
215254at5125	1535718	1536343
215257at5125	1536344	1536948
215259at5125	1536949	1537374
215272at5125	1537375	1538196
215279at5125	1538197	1538465
215288at5125	1538466	1538854
215387at5125	1538855	1539914
215399at5125	1539915	1540411
215403at5125	1540412	1540662
215415at5125	1540663	1540949
215417at5125	1540950	1542246
215422at5125	1542247	1543052
215430at5125	1543053	1543282
215431at5125	1543283	1543777
215451at5125	1543778	1544824
215501at5125	1544825	1545189
215508at5125	1545190	1545679
215516at5125	1545680	1545864
215529at5125	1545865	1546168
215545at5125	1546169	1547273
215547at5125	1547274	1547402
215549at5125	1547403	1547826
215564at5125	1547827	1548294
215570at5125	1548295	1548910
215577at5125	1548911	1549165
215582at5125	1549166	1549923
215607at5125	1549924	1551133
215623at5125	1551134	1551625
215632at5125	1551626	1552071
215633at5125	1552072	1552488
215637at5125	1552489	1552634
215664at5125	1552635	1553111
215669at5125	1553112	1554162
215685at5125	1554163	1554400
215697at5125	1554401	1554879
215702at5125	1554880	1555548
215709at5125	1555549	1555844
215713at5125	1555845	1556244
215722at5125	1556245	1556573
215730at5125	1556574	1556894
215733at5125	1556895	1557322
215744at5125	1557323	1557938
215749at5125	1557939	1558330
215768at5125	1558331	1558654
215780at5125	1558655	1559120
215781at5125	1559121	1559283
215782at5125	1559284	1560722
215788at5125	1560723	1561348
215799at5125	1561349	1561856
215813at5125	1561857	1562874
215824at5125	1562875	1563416
215826at5125	1563417	1564512
215833at5125	1564513	1564731
215839at5125	1564732	1565269
215856at5125	1565270	1565917
215861at5125	1565918	1566307
215883at5125	1566308	1566868
215917at5125	1566869	1567235
215928at5125	1567236	1567689
215950at5125	1567690	1568623
215967at5125	1568624	1568964
215968at5125	1568965	1569587
215991at5125	1569588	1570383
215999at5125	1570384	1571423
216020at5125	1571424	1572018
216029at5125	1572019	1573298
216040at5125	1573299	1573829
216045at5125	1573830	1574747
216053at5125	1574748	1575955
216055at5125	1575956	1576328
216091at5125	1576329	1576925
216095at5125	1576926	1577587
216153at5125	1577588	1578578
216156at5125	1578579	1578732
216159at5125	1578733	1579481
216166at5125	1579482	1580045
216194at5125	1580046	1580646
216204at5125	1580647	1581057
216210at5125	1581058	1581652
216230at5125	1581653	1582488
216233at5125	1582489	1582841
216247at5125	1582842	1583489
216264at5125	1583490	1583769
216266at5125	1583770	1584329
216293at5125	1584330	1584628
216294at5125	1584629	1584775
216296at5125	1584776	1585706
216319at5125	1585707	1586239
216326at5125	1586240	1586613
216333at5125	1586614	1586995
216343at5125	1586996	1587347
216345at5125	1587348	1588012
216348at5125	1588013	1588538
216354at5125	1588539	1589864
216358at5125	1589865	1590337
216361at5125	1590338	1590533
216377at5125	1590534	1591150
216385at5125	1591151	1591545
216386at5125	1591546	1591868
216427at5125	1591869	1592714
216449at5125	1592715	1592870
216482at5125	1592871	1593569
216507at5125	1593570	1594283
216508at5125	1594284	1594502
216518at5125	1594503	1595454
216519at5125	1595455	1596701
216527at5125	1596702	1598008
216539at5125	1598009	1598674
216541at5125	1598675	1599380
216551at5125	1599381	1599722
216581at5125	1599723	1600404
216603at5125	1600405	1600632
216658at5125	1600633	1601195
216679at5125	1601196	1601910
216683at5125	1601911	1602932
216684at5125	1602933	1603392
216685at5125	1603393	1604324
216704at5125	1604325	1604706
216716at5125	1604707	1605636
216717at5125	1605637	1605955
216718at5125	1605956	1606618
216741at5125	1606619	1607423
216762at5125	1607424	1607678
216779at5125	1607679	1607885
216804at5125	1607886	1608518
216810at5125	1608519	1609019
216819at5125	1609020	1609601
216833at5125	1609602	1610228
216843at5125	1610229	1611004
216855at5125	1611005	1611947
216887at5125	1611948	1612190
216906at5125	1612191	1612426
216908at5125	1612427	1612742
216914at5125	1612743	1613248
216919at5125	1613249	1614409
216925at5125	1614410	1614930
216956at5125	1614931	1615607
216966at5125	1615608	1616052
216977at5125	1616053	1616191
216985at5125	1616192	1616647
217017at5125	1616648	1616968
217018at5125	1616969	1618188
217021at5125	1618189	1618604
217057at5125	1618605	1618922
217060at5125	1618923	1619192
217088at5125	1619193	1619979
217120at5125	1619980	1620239
217123at5125	1620240	1620437
217140at5125	1620438	1620864
217156at5125	1620865	1621733
217172at5125	1621734	1622263
217186at5125	1622264	1622565
217207at5125	1622566	1623087
217212at5125	1623088	1624150
217223at5125	1624151	1624591
217239at5125	1624592	1625143
217259at5125	1625144	1625554
217264at5125	1625555	1625798
217277at5125	1625799	1626266
217302at5125	1626267	1627627
217318at5125	1627628	1628279
217322at5125	1628280	1628620
217330at5125	1628621	1628995
217363at5125	1628996	1629419
217381at5125	1629420	1630168
217390at5125	1630169	1631377
217432at5125	1631378	1631822
217435at5125	1631823	1632357
217441at5125	1632358	1632705
217454at5125	1632706	1633331
217471at5125	1633332	1633721
217472at5125	1633722	1633915
217525at5125	1633916	1634587
217571at5125	1634588	1637140
217582at5125	1637141	1637337
217586at5125	1637338	1638068
217626at5125	1638069	1638786
217661at5125	1638787	1639193
217662at5125	1639194	1639814
217678at5125	1639815	1640448
217693at5125	1640449	1641305
217701at5125	1641306	1642141
217711at5125	1642142	1642559
217713at5125	1642560	1643096
217730at5125	1643097	1643859
217747at5125	1643860	1644426
217750at5125	1644427	1645252
217757at5125	1645253	1645491
217781at5125	1645492	1646019
217793at5125	1646020	1646595
217799at5125	1646596	1646855
217804at5125	1646856	1647324
217827at5125	1647325	1648069
217861at5125	1648070	1648554
217889at5125	1648555	1649014
217918at5125	1649015	1649838
217927at5125	1649839	1650559
217928at5125	1650560	1651363
217978at5125	1651364	1652066
217982at5125	1652067	1652705
217996at5125	1652706	1653915
217998at5125	1653916	1654422
217999at5125	1654423	1654787
218002at5125	1654788	1655287
218010at5125	1655288	1655930
218019at5125	1655931	1656844
218024at5125	1656845	1657428
218056at5125	1657429	1657809
218057at5125	1657810	1658081
218076at5125	1658082	1658483
218079at5125	1658484	1659301
218086at5125	1659302	1659607
218090at5125	1659608	1660159
218102at5125	1660160	1661251
218104at5125	1661252	1662509
218109at5125	1662510	1664098
218115at5125	1664099	1664817
218118at5125	1664818	1664962
218128at5125	1664963	1665971
218132at5125	1665972	1666139
218136at5125	1666140	1666858
218137at5125	1666859	1667109
218142at5125	1667110	1667658
218145at5125	1667659	1668006
218149at5125	1668007	1668514
218153at5125	1668515	1668889
218197at5125	1668890	1670043
218206at5125	1670044	1670245
218230at5125	1670246	1670680
218234at5125	1670681	1671253
218240at5125	1671254	1671628
218326at5125	1671629	1672230
218337at5125	1672231	1673692
218384at5125	1673693	1674410
218388at5125	1674411	1674540
218390at5125	1674541	1675475
218401at5125	1675476	1675567
218440at5125	1675568	1676481
218454at5125	1676482	1676893
218472at5125	1676894	1677125
218486at5125	1677126	1677603
218488at5125	1677604	1678234
218490at5125	1678235	1679105
218498at5125	1679106	1680178
218521at5125	1680179	1680818
218523at5125	1680819	1681397
218525at5125	1681398	1682834
218567at5125	1682835	1683889
218582at5125	1683890	1684152
218583at5125	1684153	1684967
218596at5125	1684968	1685744
218627at5125	1685745	1686852
218638at5125	1686853	1687938
218647at5125	1687939	1688771
218664at5125	1688772	1689175
218689at5125	1689176	1689808
218694at5125	1689809	1690685
218706at5125	1690686	1691329
218731at5125	1691330	1691550
218732at5125	1691551	1692223
218739at5125	1692224	1692512
218777at5125	1692513	1693110
218786at5125	1693111	1693651
218809at5125	1693652	1694614
218813at5125	1694615	1695082
218836at5125	1695083	1695284
218850at5125	1695285	1695776
218852at5125	1695777	1696838
218856at5125	1696839	1697280
218895at5125	1697281	1697763
218915at5125	1697764	1698994
218963at5125	1698995	1699315
218964at5125	1699316	1699566
218984at5125	1699567	1700577
219052at5125	1700578	1701130
219068at5125	1701131	1701445
219087at5125	1701446	1702107
21908at5125	1702108	1702440
219101at5125	1702441	1702647
219104at5125	1702648	1702788
219117at5125	1702789	1703155
219119at5125	1703156	1704271
219123at5125	1704272	1704805
219181at5125	1704806	1705057
219203at5125	1705058	1705835
219209at5125	1705836	1706338
219235at5125	1706339	1706874
219245at5125	1706875	1707501
219266at5125	1707502	1707631
21926at5125	1707632	1707998
219282at5125	1707999	1708369
219284at5125	1708370	1709222
219299at5125	1709223	1709594
219306at5125	1709595	1710182
219337at5125	1710183	1710404
219348at5125	1710405	1710911
219355at5125	1710912	1711395
219360at5125	1711396	1711824
219361at5125	1711825	1712496
219367at5125	1712497	1713076
219412at5125	1713077	1713412
219414at5125	1713413	1714230
219418at5125	1714231	1714642
219426at5125	1714643	1715407
219512at5125	1715408	1715967
219516at5125	1715968	1716443
219532at5125	1716444	1716683
219567at5125	1716684	1717490
219573at5125	1717491	1717950
219574at5125	1717951	1718485
219582at5125	1718486	1718907
219583at5125	1718908	1719580
219600at5125	1719581	1719834
219604at5125	1719835	1721015
219607at5125	1721016	1721694
219622at5125	1721695	1721809
219651at5125	1721810	1722953
219653at5125	1722954	1723928
219655at5125	1723929	1724634
219675at5125	1724635	1725830
219692at5125	1725831	1726330
219696at5125	1726331	1727005
219703at5125	1727006	1728173
219707at5125	1728174	1728407
219721at5125	1728408	1728824
219762at5125	1728825	1729516
219780at5125	1729517	1729768
219787at5125	1729769	1730252
219796at5125	1730253	1730467
219801at5125	1730468	1730784
219809at5125	1730785	1731044
219812at5125	1731045	1731700
219833at5125	1731701	1732229
219867at5125	1732230	1732364
219871at5125	1732365	1732876
219892at5125	1732877	1733598
219898at5125	1733599	1733783
219940at5125	1733784	1734287
219977at5125	1734288	1734684
219981at5125	1734685	1735349
219983at5125	1735350	1736038
220009at5125	1736039	1736256
220034at5125	1736257	1736569
220045at5125	1736570	1737145
220052at5125	1737146	1737681
220055at5125	1737682	1737887
220097at5125	1737888	1738525
220141at5125	1738526	1738970
220145at5125	1738971	1739611
220146at5125	1739612	1739865
220164at5125	1739866	1740529
220180at5125	1740530	1741084
220205at5125	1741085	1741485
220206at5125	1741486	1742014
220211at5125	1742015	1742631
220224at5125	1742632	1743245
220227at5125	1743246	1743841
220234at5125	1743842	1744149
220241at5125	1744150	1744833
220242at5125	1744834	1745454
220250at5125	1745455	1745796
220255at5125	1745797	1746262
220263at5125	1746263	1746706
220292at5125	1746707	1747043
220339at5125	1747044	1747263
220340at5125	1747264	1747904
220356at5125	1747905	1748439
220363at5125	1748440	1749025
220366at5125	1749026	1749496
220372at5125	1749497	1750019
220376at5125	1750020	1750678
220397at5125	1750679	1751205
220414at5125	1751206	1751928
220419at5125	1751929	1752274
220435at5125	1752275	1752617
220452at5125	1752618	1752998
220456at5125	1752999	1753675
220486at5125	1753676	1754279
220496at5125	1754280	1755519
220511at5125	1755520	1755991
220516at5125	1755992	1756614
220517at5125	1756615	1758248
220524at5125	1758249	1758813
220529at5125	1758814	1759303
220530at5125	1759304	1759529
220551at5125	1759530	1759725
220572at5125	1759726	1760258
220581at5125	1760259	1760589
220592at5125	1760590	1760848
220597at5125	1760849	1762621
220599at5125	1762622	1762950
220612at5125	1762951	1763594
220646at5125	1763595	1763734
220715at5125	1763735	1764278
220723at5125	1764279	1764847
220724at5125	1764848	1765000
220732at5125	1765001	1766367
220759at5125	1766368	1766749
220769at5125	1766750	1767295
220785at5125	1767296	1769595
220786at5125	1769596	1770021
220821at5125	1770022	1770249
220823at5125	1770250	1770387
220838at5125	1770388	1770657
220842at5125	1770658	1771014
220850at5125	1771015	1771932
220877at5125	1771933	1772715
220890at5125	1772716	1773128
220968at5125	1773129	1773276
220985at5125	1773277	1774005
221004at5125	1774006	1774627
221018at5125	1774628	1775192
221021at5125	1775193	1775683
221038at5125	1775684	1775958
221042at5125	1775959	1776651
221047at5125	1776652	1777829
221060at5125	1777830	1778495
221075at5125	1778496	1778853
221089at5125	1778854	1779169
221103at5125	1779170	1779564
221106at5125	1779565	1780429
221116at5125	1780430	1780901
221138at5125	1780902	1781234
221141at5125	1781235	1781503
221158at5125	1781504	1781822
221182at5125	1781823	1782188
221212at5125	1782189	1782763
221222at5125	1782764	1783448
221228at5125	1783449	1784329
221239at5125	1784330	1784425
221247at5125	1784426	1785513
221278at5125	1785514	1785890
221279at5125	1785891	1786534
221281at5125	1786535	1786751
221282at5125	1786752	1787113
221300at5125	1787114	1788025
221315at5125	1788026	1788482
221322at5125	1788483	1789067
221332at5125	1789068	1789322
221345at5125	1789323	1789491
221352at5125	1789492	1790000
221361at5125	1790001	1790205
221369at5125	1790206	1790607
221389at5125	1790608	1791263
221393at5125	1791264	1791494
221395at5125	1791495	1792502
221396at5125	1792503	1793048
221415at5125	1793049	1793899
221466at5125	1793900	1794414
221470at5125	1794415	1794733
221476at5125	1794734	1795416
221492at5125	1795417	1795927
221501at5125	1795928	1796321
221516at5125	1796322	1796589
221525at5125	1796590	1797043
221527at5125	1797044	1798500
221533at5125	1798501	1799067
221549at5125	1799068	1799506
221560at5125	1799507	1799659
221582at5125	1799660	1800104
221593at5125	1800105	1800317
221607at5125	1800318	1800650
221608at5125	1800651	1800958
221610at5125	1800959	1801204
221615at5125	1801205	1801587
221622at5125	1801588	1801824
221637at5125	1801825	1802489
221645at5125	1802490	1802769
221648at5125	1802770	1803060
221670at5125	1803061	1803611
221680at5125	1803612	1804470
221689at5125	1804471	1806192
221698at5125	1806193	1806616
221758at5125	1806617	1808317
221810at5125	1808318	1808769
221813at5125	1808770	1809185
221831at5125	1809186	1809693
221852at5125	1809694	1809944
221866at5125	1809945	1810294
221873at5125	1810295	1810473
221879at5125	1810474	1810939
221913at5125	1810940	1811392
221926at5125	1811393	1812016
221929at5125	1812017	1812567
221953at5125	1812568	1812844
221985at5125	1812845	1813212
221997at5125	1813213	1813546
222003at5125	1813547	1813749
222052at5125	1813750	1814344
222072at5125	1814345	1814803
222092at5125	1814804	1815030
222094at5125	1815031	1815161
222153at5125	1815162	1815716
222159at5125	1815717	1816092
222173at5125	1816093	1816365
222174at5125	1816366	1816776
222177at5125	1816777	1817240
222182at5125	1817241	1817472
222198at5125	1817473	1817750
222206at5125	1817751	1818227
222216at5125	1818228	1818690
222227at5125	1818691	1818842
222280at5125	1818843	1819366
222281at5125	1819367	1819663
222284at5125	1819664	1820025
222287at5125	1820026	1820335
222290at5125	1820336	1821008
222341at5125	1821009	1821742
222352at5125	1821743	1822022
222374at5125	1822023	1822602
222376at5125	1822603	1822898
222384at5125	1822899	1823617
222418at5125	1823618	1824021
222430at5125	1824022	1824511
222441at5125	1824512	1824913
222445at5125	1824914	1825219
222485at5125	1825220	1825558
222491at5125	1825559	1825965
222528at5125	1825966	1826783
222546at5125	1826784	1826978
22255at5125	1826979	1827404
222567at5125	1827405	1828362
222574at5125	1828363	1828790
222624at5125	1828791	1828938
222629at5125	1828939	1829125
222634at5125	1829126	1829420
222646at5125	1829421	1829657
222663at5125	1829658	1829857
222665at5125	1829858	1830634
22269at5125	1830635	1831022
222704at5125	1831023	1831429
222715at5125	1831430	1831501
222729at5125	1831502	1831901
222753at5125	1831902	1832957
222763at5125	1832958	1833275
222766at5125	1833276	1833959
222776at5125	1833960	1834290
222812at5125	1834291	1834712
222814at5125	1834713	1835067
222843at5125	1835068	1835586
222853at5125	1835587	1835783
222863at5125	1835784	1836539
222901at5125	1836540	1836828
222908at5125	1836829	1837091
222933at5125	1837092	1837320
222951at5125	1837321	1837669
222954at5125	1837670	1838052
222999at5125	1838053	1838341
223015at5125	1838342	1838937
223067at5125	1838938	1839551
223090at5125	1839552	1840053
223102at5125	1840054	1840549
223114at5125	1840550	1840730
223115at5125	1840731	1840949
223138at5125	1840950	1841558
223144at5125	1841559	1841759
223166at5125	1841760	1842416
223179at5125	1842417	1843029
223181at5125	1843030	1843440
223184at5125	1843441	1843667
223190at5125	1843668	1844358
223198at5125	1844359	1845206
223225at5125	1845207	1845562
223242at5125	1845563	1845758
223246at5125	1845759	1846132
223268at5125	1846133	1846729
223340at5125	1846730	1847182
223351at5125	1847183	1847658
223386at5125	1847659	1847963
223392at5125	1847964	1848878
223398at5125	1848879	1849078
223421at5125	1849079	1849785
223434at5125	1849786	1850282
223466at5125	1850283	1850824
223468at5125	1850825	1851206
223470at5125	1851207	1852067
223499at5125	1852068	1852405
223509at5125	1852406	1852660
223512at5125	1852661	1853790
223534at5125	1853791	1854031
223543at5125	1854032	1855324
223556at5125	1855325	1855843
223567at5125	1855844	1856044
223592at5125	1856045	1856296
223602at5125	1856297	1856502
223622at5125	1856503	1856752
223645at5125	1856753	1856947
223673at5125	1856948	1857235
223681at5125	1857236	1857858
223707at5125	1857859	1858060
223737at5125	1858061	1858152
223741at5125	1858153	1858599
223745at5125	1858600	1858732
223769at5125	1858733	1859348
223785at5125	1859349	1859477
223797at5125	1859478	1859841
223799at5125	1859842	1860063
223807at5125	1860064	1860210
223819at5125	1860211	1861119
223820at5125	1861120	1861539
223824at5125	1861540	1861823
223893at5125	1861824	1862139
223898at5125	1862140	1862421
223908at5125	1862422	1862887
223909at5125	1862888	1863197
223920at5125	1863198	1863591
224042at5125	1863592	1863937
224044at5125	1863938	1864359
224050at5125	1864360	1864785
224052at5125	1864786	1865057
224058at5125	1865058	1865792
224080at5125	1865793	1866192
224085at5125	1866193	1866473
224092at5125	1866474	1866815
224144at5125	1866816	1867391
224150at5125	1867392	1867797
224170at5125	1867798	1868180
224210at5125	1868181	1868349
224257at5125	1868350	1868525
224350at5125	1868526	1868778
224389at5125	1868779	1869328
224422at5125	1869329	1869417
224443at5125	1869418	1869832
224454at5125	1869833	1870230
224473at5125	1870231	1870550
224488at5125	1870551	1871045
224494at5125	1871046	1871605
224507at5125	1871606	1871953
224534at5125	1871954	1872368
224557at5125	1872369	1872831
224575at5125	1872832	1873295
224629at5125	1873296	1873528
226417at5125	1873529	1873810
226951at5125	1873811	1874650
226966at5125	1874651	1874876
227019at5125	1874877	1874993
227050at5125	1874994	1875276
227295at5125	1875277	1875772
227300at5125	1875773	1876140
227331at5125	1876141	1876863
227452at5125	1876864	1877488
22746at5125	1877489	1877822
227519at5125	1877823	1878082
227528at5125	1878083	1879436
227644at5125	1879437	1879785
227791at5125	1879786	1880201
227932at5125	1880202	1882128
228044at5125	1882129	1882777
228045at5125	1882778	1883097
228275at5125	1883098	1883623
23119at5125	1883624	1883769
23161at5125	1883770	1883901
23233at5125	1883902	1884610
23412at5125	1884611	1884770
23533at5125	1884771	1885158
23667at5125	1885159	1885928
25334at5125	1885929	1886975
25341at5125	1886976	1887249
25373at5125	1887250	1887975
25837at5125	1887976	1888465
25927at5125	1888466	1889543
25989at5125	1889544	1889841
27800at5125	1889842	1890478
27835at5125	1890479	1890807
28081at5125	1890808	1891323
2810at5125	1891324	1891410
28608at5125	1891411	1891803
2860at5125	1891804	1892473
28628at5125	1892474	1892745
28680at5125	1892746	1892928
28761at5125	1892929	1893014
29110at5125	1893015	1893594
29239at5125	1893595	1893967
29332at5125	1893968	1894486
29445at5125	1894487	1894977
29491at5125	1894978	1895361
29617at5125	1895362	1895911
29683at5125	1895912	1896357
30317at5125	1896358	1897581
30405at5125	1897582	1898029
30923at5125	1898030	1898158
31012at5125	1898159	1898515
31075at5125	1898516	1899439
31179at5125	1899440	1899887
31314at5125	1899888	1900847
31343at5125	1900848	1901542
31619at5125	1901543	1902812
31696at5125	1902813	1903667
31753at5125	1903668	1903773
32145at5125	1903774	1904460
32284at5125	1904461	1905533
32666at5125	1905534	1905906
32730at5125	1905907	1906377
32748at5125	1906378	1906740
33012at5125	1906741	1907310
33101at5125	1907311	1907889
33226at5125	1907890	1908265
33299at5125	1908266	1908615
33840at5125	1908616	1909586
33926at5125	1909587	1909725
33953at5125	1909726	1909895
34096at5125	1909896	1910426
34574at5125	1910427	1910879
35216at5125	1910880	1911951
35308at5125	1911952	1912937
35570at5125	1912938	1913312
35630at5125	1913313	1913595
35744at5125	1913596	1914367
35964at5125	1914368	1915155
36308at5125	1915156	1916375
3723at5125	1916376	1916741
38498at5125	1916742	1916933
39102at5125	1916934	1917707
39179at5125	1917708	1918063
3927at5125	1918064	1918388
39338at5125	1918389	1918953
39398at5125	1918954	1919364
39467at5125	1919365	1919715
39772at5125	1919716	1920341
40012at5125	1920342	1920597
40335at5125	1920598	1921134
40402at5125	1921135	1921749
40614at5125	1921750	1922096
41003at5125	1922097	1922672
41048at5125	1922673	1923532
41182at5125	1923533	1923999
41504at5125	1924000	1924390
41551at5125	1924391	1925031
41934at5125	1925032	1925440
42080at5125	1925441	1925693
42205at5125	1925694	1926041
4250at5125	1926042	1926131
43025at5125	1926132	1926564
43081at5125	1926565	1927928
43840at5125	1927929	1928498
44251at5125	1928499	1929063
44326at5125	1929064	1929908
44525at5125	1929909	1930412
44554at5125	1930413	1930828
44703at5125	1930829	1931201
44919at5125	1931202	1931444
45226at5125	1931445	1931577
45437at5125	1931578	1931756
45442at5125	1931757	1932314
45760at5125	1932315	1932926
45902at5125	1932927	1933126
46219at5125	1933127	1933560
46325at5125	1933561	1933682
46331at5125	1933683	1934544
46589at5125	1934545	1934824
46939at5125	1934825	1935557
46946at5125	1935558	1936539
47007at5125	1936540	1936939
47141at5125	1936940	1937367
47364at5125	1937368	1937657
47502at5125	1937658	1938186
47657at5125	1938187	1938299
48014at5125	1938300	1938620
48049at5125	1938621	1939144
48063at5125	1939145	1939411
48091at5125	1939412	1939545
481at5125	1939546	1939725
4866at5125	1939726	1939946
48777at5125	1939947	1940435
49025at5125	1940436	1940951
49263at5125	1940952	1941556
49280at5125	1941557	1942172
49463at5125	1942173	1942438
49865at5125	1942439	1942913
50124at5125	1942914	1944363
50655at5125	1944364	1945119
50750at5125	1945120	1945541
51549at5125	1945542	1946102
52787at5125	1946103	1946335
5292at5125	1946336	1946556
52936at5125	1946557	1947095
52986at5125	1947096	1947770
53093at5125	1947771	1948294
53485at5125	1948295	1948434
53733at5125	1948435	1949313
53840at5125	1949314	1949732
54472at5125	1949733	1950758
55190at5125	1950759	1951212
55284at5125	1951213	1951765
55702at5125	1951766	1952384
55966at5125	1952385	1952831
56002at5125	1952832	1953225
56082at5125	1953226	1953391
56725at5125	1953392	1953868
56866at5125	1953869	1954069
57446at5125	1954070	1954175
57925at5125	1954176	1954677
58060at5125	1954678	1955137
58194at5125	1955138	1955996
58559at5125	1955997	1956569
58621at5125	1956570	1957220
58722at5125	1957221	1957631
58942at5125	1957632	1958170
59126at5125	1958171	1960039
60029at5125	1960040	1960263
60382at5125	1960264	1961684
60519at5125	1961685	1962152
60521at5125	1962153	1962701
60771at5125	1962702	1964222
60997at5125	1964223	1964638
61008at5125	1964639	1964754
61042at5125	1964755	1966448
61166at5125	1966449	1966670
61376at5125	1966671	1967329
61402at5125	1967330	1967493
62238at5125	1967494	1967836
62445at5125	1967837	1968136
62516at5125	1968137	1968975
62738at5125	1968976	1969494
62809at5125	1969495	1969989
62876at5125	1969990	1971098
62918at5125	1971099	1971970
63103at5125	1971971	1972669
63492at5125	1972670	1974476
63495at5125	1974477	1975346
63745at5125	1975347	1975553
63761at5125	1975554	1976011
63896at5125	1976012	1976226
63917at5125	1976227	1977171
64092at5125	1977172	1977584
64106at5125	1977585	1978405
64271at5125	1978406	1978665
6464at5125	1978666	1978787
64677at5125	1978788	1979290
65121at5125	1979291	1979589
65274at5125	1979590	1980148
6563at5125	1980149	1980323
65810at5125	1980324	1982693
66128at5125	1982694	1983122
66398at5125	1983123	1983688
66551at5125	1983689	1984363
66782at5125	1984364	1984660
66899at5125	1984661	1984832
66960at5125	1984833	1985662
67164at5125	1985663	1987520
67190at5125	1987521	1988109
67210at5125	1988110	1988491
67232at5125	1988492	1988860
67240at5125	1988861	1989963
67275at5125	1989964	1990637
67291at5125	1990638	1991484
67406at5125	1991485	1992852
67605at5125	1992853	1993099
68189at5125	1993100	1993707
68698at5125	1993708	1994053
68913at5125	1994054	1994557
68921at5125	1994558	1995086
69044at5125	1995087	1995375
69204at5125	1995376	1995759
69233at5125	1995760	1996142
69386at5125	1996143	1996495
69391at5125	1996496	1996683
69552at5125	1996684	1997194
6957at5125	1997195	1997648
70050at5125	1997649	1998040
70218at5125	1998041	1998309
70418at5125	1998310	1998462
70457at5125	1998463	1998584
70498at5125	1998585	1999474
70516at5125	1999475	2001106
70552at5125	2001107	2001574
70613at5125	2001575	2002300
70797at5125	2002301	2002845
71030at5125	2002846	2003476
71043at5125	2003477	2003768
71324at5125	2003769	2005463
71452at5125	2005464	2006075
71475at5125	2006076	2007691
71779at5125	2007692	2008131
72119at5125	2008132	2008609
72371at5125	2008610	2009096
72413at5125	2009097	2010911
72609at5125	2010912	2011764
72719at5125	2011765	2012081
72725at5125	2012082	2013569
72837at5125	2013570	2013986
72947at5125	2013987	2014411
73333at5125	2014412	2015177
73549at5125	2015178	2015460
73781at5125	2015461	2015677
74061at5125	2015678	2017567
74166at5125	2017568	2017829
74509at5125	2017830	2018310
74793at5125	2018311	2018606
74795at5125	2018607	2019365
74829at5125	2019366	2020328
74950at5125	2020329	2022161
7497at5125	2022162	2022747
75182at5125	2022748	2023155
76505at5125	2023156	2024048
76858at5125	2024049	2024233
77032at5125	2024234	2024607
77314at5125	2024608	2025867
77340at5125	2025868	2026197
77682at5125	2026198	2027120
77888at5125	2027121	2027531
77951at5125	2027532	2027647
7819at5125	2027648	2027872
78330at5125	2027873	2028898
78381at5125	2028899	2029339
78405at5125	2029340	2029577
78454at5125	2029578	2030109
78486at5125	2030110	2031425
78553at5125	2031426	2032388
78683at5125	2032389	2032883
78896at5125	2032884	2033749
79364at5125	2033750	2034919
79423at5125	2034920	2035126
79478at5125	2035127	2035874
79488at5125	2035875	2036566
79557at5125	2036567	2036709
79655at5125	2036710	2037095
79708at5125	2037096	2037376
79767at5125	2037377	2038115
79853at5125	2038116	2038729
80265at5125	2038730	2039328
80347at5125	2039329	2040080
80487at5125	2040081	2040671
80840at5125	2040672	2040848
80945at5125	2040849	2041145
81015at5125	2041146	2041425
81061at5125	2041426	2041693
81170at5125	2041694	2042909
81416at5125	2042910	2043427
81611at5125	2043428	2044073
81721at5125	2044074	2045344
81735at5125	2045345	2045812
82110at5125	2045813	2047143
82295at5125	2047144	2047844
82463at5125	2047845	2048897
82577at5125	2048898	2050256
82852at5125	2050257	2050813
82854at5125	2050814	2051343
82942at5125	2051344	2051559
83007at5125	2051560	2052165
83280at5125	2052166	2053664
83415at5125	2053665	2053986
83427at5125	2053987	2054812
83530at5125	2054813	2055189
83590at5125	2055190	2056069
83615at5125	2056070	2057024
83818at5125	2057025	2057361
83939at5125	2057362	2057773
83952at5125	2057774	2058695
83961at5125	2058696	2058937
84108at5125	2058938	2059408
84420at5125	2059409	2059801
84814at5125	2059802	2060856
85307at5125	2060857	2061559
85340at5125	2061560	2061672
85382at5125	2061673	2062076
85513at5125	2062077	2062223
85573at5125	2062224	2064158
85694at5125	2064159	2065432
85714at5125	2065433	2066248
85958at5125	2066249	2067017
85971at5125	2067018	2068515
85979at5125	2068516	2068946
85984at5125	2068947	2069754
86087at5125	2069755	2070291
86374at5125	2070292	2071518
86559at5125	2071519	2072017
86668at5125	2072018	2072298
86761at5125	2072299	2072903
86770at5125	2072904	2073210
86949at5125	2073211	2073902
87578at5125	2073903	2075785
87642at5125	2075786	2076302
87718at5125	2076303	2076691
88002at5125	2076692	2077005
88040at5125	2077006	2078013
88294at5125	2078014	2078388
88557at5125	2078389	2079243
88773at5125	2079244	2079420
88795at5125	2079421	2079880
88809at5125	2079881	2080175
88833at5125	2080176	2081291
88938at5125	2081292	2081406
88977at5125	2081407	2081869
89075at5125	2081870	2082157
89742at5125	2082158	2083337
89990at5125	2083338	2084011
90032at5125	2084012	2084307
90167at5125	2084308	2084894
90279at5125	2084895	2085413
90358at5125	2085414	2085583
90405at5125	2085584	2086114
90769at5125	2086115	2086304
91097at5125	2086305	2087241
91104at5125	2087242	2087702
91138at5125	2087703	2088457
91167at5125	2088458	2089122
91178at5125	2089123	2089607
91187at5125	2089608	2090152
9118at5125	2090153	2090782
91191at5125	2090783	2091227
91215at5125	2091228	2091303
91374at5125	2091304	2091642
91532at5125	2091643	2092140
91640at5125	2092141	2092409
91733at5125	2092410	2093201
91926at5125	2093202	2093614
92070at5125	2093615	2094128
92364at5125	2094129	2095051
92482at5125	2095052	2095590
92516at5125	2095591	2096027
92520at5125	2096028	2096460
92661at5125	2096461	2096877
93089at5125	2096878	2097300
93093at5125	2097301	2098389
93172at5125	2098390	2099070
93590at5125	2099071	2099604
94166at5125	2099605	2100431
94224at5125	2100432	2101140
94482at5125	2101141	2101262
94683at5125	2101263	2101744
94851at5125	2101745	2101872
94917at5125	2101873	2102334
95055at5125	2102335	2103339
95110at5125	2103340	2103778
95147at5125	2103779	2104007
95185at5125	2104008	2104252
95411at5125	2104253	2104533
95427at5125	2104534	2105096
95447at5125	2105097	2105615
95574at5125	2105616	2106318
95759at5125	2106319	2107071
95890at5125	2107072	2107444
95965at5125	2107445	2108115
95990at5125	2108116	2108234
96009at5125	2108235	2108701
96036at5125	2108702	2109479
96059at5125	2109480	2110013
96196at5125	2110014	2110226
96220at5125	2110227	2111207
96359at5125	2111208	2111770
96684at5125	2111771	2112605
96733at5125	2112606	2113697
96764at5125	2113698	2114412
96805at5125	2114413	2115927
96869at5125	2115928	2116601
97035at5125	2116602	2117122
97056at5125	2117123	2117758
97123at5125	2117759	2118293
97185at5125	2118294	2118900
97356at5125	2118901	2119729
97750at5125	2119730	2120360
97858at5125	2120361	2120706
98063at5125	2120707	2121371
98133at5125	2121372	2121525
98559at5125	2121526	2121937
98617at5125	2121938	2124002
98801at5125	2124003	2124748
98873at5125	2124749	2126750
98956at5125	2126751	2127536
99199at5125	2127537	2128634
99321at5125	2128635	2128992
99363at5125	2128993	2129300
99397at5125	2129301	2129478
99494at5125	2129479	2129940
99497at5125	2129941	2130246
99767at5125	2130247	2130498
