IQ-TREE multicore version 2.0.7 for Linux 64-bit built Apr  1 2024
Developed by Bui Quang Minh, Nguyen Lam Tung, Olga Chernomor,
Heiko Schmidt, Dominik Schrempf, Michael Woodhams.

Host:    Dell (AVX512, FMA3, 5 GB RAM)
Command: iqtree2 -s results/core_genome_markers/core_genome_supermatrix.fasta -p results/core_genome_markers/core_genome_partitions.txt -m MFP -B 1000 -T AUTO --seed 12345 --prefix results/core_genome_tree/core_genome_tree
Seed:    12345 (Using SPRNG - Scalable Parallel Random Number Generator)
Time:    Thu Sep 24 20:00:37 2026
Kernel:  AVX+FMA - auto-detect threads (8 CPU cores detected)

Reading partition model file results/core_genome_markers/core_genome_partitions.txt ...
Reading alignment file results/core_genome_markers/core_genome_supermatrix.fasta ... Fasta format detected
Alignment most likely contains protein sequences
Alignment has 6 sequences with 2130498 columns, 6086 distinct patterns
12713 parsimony-informative, 16638 singleton sites, 2101147 constant sites
                 Gap/Ambiguity  Composition  p-value
   1  GCA_003315725.1    0.08%    passed    100.00%
   2  GCA_013085055.1    0.07%    passed    100.00%
   3  GCA_003615085.1    0.05%    passed    100.00%
   4  GCA_049306905.1    0.13%    passed    100.00%
   5  GCA_053754965.2    0.17%    passed    100.00%
   6  GCA_055944325.1    0.14%    passed    100.00%
****  TOTAL              0.11%  0 sequences failed composition chi2 test (p-value<5%; df=19)

Partition file is not in NEXUS format, assuming RAxML-style partition file...
Subset	Type	Seqs	Sites	Infor	Invar	Model	Name
1	AA	6	395	2	392	AA	100016at5125
2	AA	6	272	2	267	AA	100134at5125
3	AA	6	479	5	445	AA	100193at5125
4	AA	6	475	1	474	AA	100369at5125
5	AA	6	517	9	507	AA	100543at5125
6	AA	6	1189	5	1177	AA	100591at5125
7	AA	6	601	4	595	AA	100890at5125
8	AA	6	1821	5	1810	AA	100912at5125
9	AA	6	5145	38	5066	AA	100938at5125
10	AA	6	281	26	226	AA	101132at5125
11	AA	6	172	0	172	AA	101349at5125
WARNING: No variant sites in partition 101349at5125
12	AA	6	899	5	892	AA	101626at5125
13	AA	6	356	1	354	AA	101923at5125
14	AA	6	1164	1	1162	AA	10195at5125
15	AA	6	341	1	333	AA	102187at5125
16	AA	6	784	0	779	AA	102371at5125
WARNING: No parsimony-informative sites in partition 102371at5125
17	AA	6	227	2	225	AA	102376at5125
18	AA	6	1021	5	955	AA	102380at5125
19	AA	6	879	9	859	AA	102469at5125
20	AA	6	364	5	358	AA	102495at5125
21	AA	6	887	9	874	AA	102712at5125
22	AA	6	297	3	292	AA	102973at5125
23	AA	6	1719	12	1697	AA	102991at5125
24	AA	6	779	6	766	AA	102999at5125
25	AA	6	515	3	510	AA	103079at5125
26	AA	6	823	5	792	AA	103246at5125
27	AA	6	963	3	958	AA	103389at5125
28	AA	6	302	1	299	AA	103464at5125
29	AA	6	78	0	78	AA	103501at5125
WARNING: No variant sites in partition 103501at5125
30	AA	6	394	2	390	AA	103560at5125
31	AA	6	182	1	180	AA	103732at5125
32	AA	6	486	2	482	AA	103841at5125
33	AA	6	402	3	395	AA	103916at5125
34	AA	6	655	1	649	AA	104084at5125
35	AA	6	257	2	253	AA	104111at5125
36	AA	6	585	6	574	AA	104173at5125
37	AA	6	695	8	682	AA	104238at5125
38	AA	6	160	1	159	AA	104262at5125
39	AA	6	1864	7	1852	AA	104269at5125
40	AA	6	702	4	697	AA	104466at5125
41	AA	6	899	4	890	AA	104538at5125
42	AA	6	324	0	323	AA	104742at5125
WARNING: No parsimony-informative sites in partition 104742at5125
43	AA	6	725	90	634	AA	104766at5125
44	AA	6	529	0	525	AA	104768at5125
WARNING: No parsimony-informative sites in partition 104768at5125
45	AA	6	246	0	246	AA	104968at5125
WARNING: No variant sites in partition 104968at5125
46	AA	6	396	1	391	AA	105138at5125
47	AA	6	1009	3	1000	AA	105180at5125
48	AA	6	593	3	586	AA	105225at5125
49	AA	6	1037	3	1026	AA	105299at5125
50	AA	6	204	0	204	AA	105489at5125
WARNING: No variant sites in partition 105489at5125
51	AA	6	1112	4	1100	AA	105530at5125
52	AA	6	558	4	549	AA	105580at5125
53	AA	6	319	2	314	AA	105614at5125
54	AA	6	149	1	148	AA	105654at5125
55	AA	6	696	3	692	AA	105695at5125
56	AA	6	577	1	576	AA	105776at5125
57	AA	6	599	1	598	AA	105939at5125
58	AA	6	999	3	991	AA	106128at5125
59	AA	6	1199	2	1193	AA	106152at5125
60	AA	6	795	4	788	AA	106221at5125
61	AA	6	2224	35	2168	AA	106310at5125
62	AA	6	652	3	644	AA	106359at5125
63	AA	6	528	2	523	AA	106422at5125
64	AA	6	521	3	512	AA	106494at5125
65	AA	6	588	4	582	AA	106566at5125
66	AA	6	536	2	532	AA	106728at5125
67	AA	6	1827	6	1808	AA	106881at5125
68	AA	6	469	0	465	AA	106933at5125
WARNING: No parsimony-informative sites in partition 106933at5125
69	AA	6	2225	8	2212	AA	106941at5125
70	AA	6	158	0	157	AA	106967at5125
WARNING: No parsimony-informative sites in partition 106967at5125
71	AA	6	1044	4	1035	AA	107077at5125
72	AA	6	663	1	658	AA	107152at5125
73	AA	6	133	3	126	AA	107223at5125
74	AA	6	420	2	418	AA	107275at5125
75	AA	6	901	32	867	AA	107302at5125
76	AA	6	152	1	151	AA	10731at5125
77	AA	6	738	7	726	AA	107397at5125
78	AA	6	534	0	526	AA	107412at5125
WARNING: No parsimony-informative sites in partition 107412at5125
79	AA	6	876	2	866	AA	107539at5125
80	AA	6	350	3	345	AA	107762at5125
81	AA	6	893	3	890	AA	107805at5125
82	AA	6	530	2	521	AA	107837at5125
83	AA	6	310	7	299	AA	107842at5125
84	AA	6	322	0	319	AA	107962at5125
WARNING: No parsimony-informative sites in partition 107962at5125
85	AA	6	367	1	364	AA	108018at5125
86	AA	6	283	2	280	AA	108043at5125
87	AA	6	784	8	772	AA	108096at5125
88	AA	6	306	1	300	AA	108323at5125
89	AA	6	168	0	168	AA	108705at5125
WARNING: No variant sites in partition 108705at5125
90	AA	6	972	5	961	AA	108906at5125
91	AA	6	875	4	867	AA	108912at5125
92	AA	6	645	4	641	AA	109234at5125
93	AA	6	508	1	498	AA	109291at5125
94	AA	6	392	1	390	AA	109388at5125
95	AA	6	499	0	496	AA	109405at5125
WARNING: No parsimony-informative sites in partition 109405at5125
96	AA	6	626	2	620	AA	109489at5125
97	AA	6	323	0	323	AA	109622at5125
WARNING: No variant sites in partition 109622at5125
98	AA	6	821	8	796	AA	109683at5125
99	AA	6	352	4	345	AA	109748at5125
100	AA	6	444	6	434	AA	109749at5125
101	AA	6	380	5	369	AA	109787at5125
102	AA	6	762	0	758	AA	109995at5125
WARNING: No parsimony-informative sites in partition 109995at5125
103	AA	6	372	1	370	AA	110213at5125
104	AA	6	356	2	352	AA	110350at5125
105	AA	6	228	2	226	AA	110477at5125
106	AA	6	381	0	381	AA	110553at5125
WARNING: No variant sites in partition 110553at5125
107	AA	6	1020	6	1005	AA	110607at5125
108	AA	6	243	1	241	AA	110706at5125
109	AA	6	798	1	796	AA	110760at5125
110	AA	6	527	1	524	AA	111006at5125
111	AA	6	150	2	146	AA	111022at5125
112	AA	6	386	0	386	AA	111121at5125
WARNING: No variant sites in partition 111121at5125
113	AA	6	157	1	155	AA	111141at5125
114	AA	6	255	2	249	AA	111250at5125
115	AA	6	824	5	813	AA	111256at5125
116	AA	6	708	1	705	AA	111448at5125
117	AA	6	136	1	135	AA	111472at5125
118	AA	6	421	4	412	AA	111633at5125
119	AA	6	1511	7	1497	AA	111745at5125
120	AA	6	279	2	276	AA	111793at5125
121	AA	6	182	2	155	AA	111814at5125
122	AA	6	532	0	532	AA	111824at5125
WARNING: No variant sites in partition 111824at5125
123	AA	6	249	1	246	AA	111974at5125
124	AA	6	330	1	328	AA	112361at5125
125	AA	6	389	13	375	AA	112495at5125
126	AA	6	104	0	104	AA	1126at5125
WARNING: No variant sites in partition 1126at5125
127	AA	6	434	0	434	AA	112759at5125
WARNING: No variant sites in partition 112759at5125
128	AA	6	688	18	665	AA	112857at5125
129	AA	6	299	2	292	AA	113297at5125
130	AA	6	1078	4	1071	AA	113478at5125
131	AA	6	2520	6	2498	AA	113652at5125
132	AA	6	612	29	582	AA	113708at5125
133	AA	6	527	0	525	AA	113918at5125
WARNING: No parsimony-informative sites in partition 113918at5125
134	AA	6	349	3	346	AA	113996at5125
135	AA	6	277	0	273	AA	114075at5125
WARNING: No parsimony-informative sites in partition 114075at5125
136	AA	6	742	3	733	AA	114290at5125
137	AA	6	504	3	480	AA	114765at5125
138	AA	6	593	2	588	AA	114818at5125
139	AA	6	203	2	200	AA	114988at5125
140	AA	6	250	0	250	AA	11508at5125
WARNING: No variant sites in partition 11508at5125
141	AA	6	322	0	321	AA	115096at5125
WARNING: No parsimony-informative sites in partition 115096at5125
142	AA	6	735	5	718	AA	115231at5125
143	AA	6	516	3	511	AA	115232at5125
144	AA	6	348	2	345	AA	115704at5125
145	AA	6	515	2	509	AA	115723at5125
146	AA	6	359	1	354	AA	115821at5125
147	AA	6	680	0	674	AA	116059at5125
WARNING: No parsimony-informative sites in partition 116059at5125
148	AA	6	1053	3	1047	AA	116160at5125
149	AA	6	633	12	605	AA	116354at5125
150	AA	6	657	2	652	AA	116362at5125
151	AA	6	508	3	500	AA	116774at5125
152	AA	6	572	55	510	AA	116802at5125
153	AA	6	645	4	637	AA	116813at5125
154	AA	6	646	6	635	AA	116853at5125
155	AA	6	878	1	873	AA	116889at5125
156	AA	6	566	2	560	AA	116909at5125
157	AA	6	845	1	835	AA	117043at5125
158	AA	6	426	9	417	AA	117138at5125
159	AA	6	134	0	134	AA	117213at5125
WARNING: No variant sites in partition 117213at5125
160	AA	6	753	1	749	AA	117246at5125
161	AA	6	724	0	722	AA	117310at5125
WARNING: No parsimony-informative sites in partition 117310at5125
162	AA	6	385	2	381	AA	117335at5125
163	AA	6	263	1	258	AA	117461at5125
164	AA	6	456	6	449	AA	117522at5125
165	AA	6	389	2	384	AA	117651at5125
166	AA	6	833	8	817	AA	117708at5125
167	AA	6	374	4	364	AA	117713at5125
168	AA	6	692	6	679	AA	117758at5125
169	AA	6	642	17	575	AA	117851at5125
170	AA	6	315	3	311	AA	117933at5125
171	AA	6	401	3	395	AA	117967at5125
172	AA	6	336	2	334	AA	118152at5125
173	AA	6	412	1	404	AA	118180at5125
174	AA	6	321	1	314	AA	118228at5125
175	AA	6	295	0	292	AA	118240at5125
WARNING: No parsimony-informative sites in partition 118240at5125
176	AA	6	723	0	711	AA	118246at5125
WARNING: No parsimony-informative sites in partition 118246at5125
177	AA	6	314	3	309	AA	118253at5125
178	AA	6	1822	27	1714	AA	118267at5125
179	AA	6	527	2	525	AA	118271at5125
180	AA	6	1067	6	1055	AA	118331at5125
181	AA	6	973	6	963	AA	118348at5125
182	AA	6	349	0	349	AA	118429at5125
WARNING: No variant sites in partition 118429at5125
183	AA	6	93	0	92	AA	118641at5125
WARNING: No parsimony-informative sites in partition 118641at5125
184	AA	6	1114	2	1108	AA	118684at5125
185	AA	6	410	0	410	AA	118692at5125
WARNING: No variant sites in partition 118692at5125
186	AA	6	929	1	921	AA	118702at5125
187	AA	6	539	1	536	AA	118861at5125
188	AA	6	853	1	848	AA	118862at5125
189	AA	6	1279	3	1268	AA	118905at5125
190	AA	6	338	0	332	AA	118929at5125
WARNING: No parsimony-informative sites in partition 118929at5125
191	AA	6	637	2	633	AA	119185at5125
192	AA	6	459	1	453	AA	119210at5125
193	AA	6	426	1	424	AA	119486at5125
194	AA	6	906	46	856	AA	119545at5125
195	AA	6	589	2	586	AA	119604at5125
196	AA	6	577	0	576	AA	119667at5125
WARNING: No parsimony-informative sites in partition 119667at5125
197	AA	6	338	3	334	AA	119948at5125
198	AA	6	581	30	541	AA	120005at5125
199	AA	6	216	17	198	AA	120027at5125
200	AA	6	355	5	350	AA	120029at5125
201	AA	6	1549	16	1524	AA	120169at5125
202	AA	6	651	3	641	AA	120211at5125
203	AA	6	303	5	295	AA	120257at5125
204	AA	6	1166	7	1148	AA	120267at5125
205	AA	6	1037	2	1031	AA	120738at5125
206	AA	6	338	0	334	AA	120864at5125
WARNING: No parsimony-informative sites in partition 120864at5125
207	AA	6	190	0	189	AA	120923at5125
WARNING: No parsimony-informative sites in partition 120923at5125
208	AA	6	689	27	650	AA	120978at5125
209	AA	6	192	1	189	AA	121194at5125
210	AA	6	698	53	597	AA	121248at5125
211	AA	6	174	2	171	AA	121296at5125
212	AA	6	265	0	263	AA	121343at5125
WARNING: No parsimony-informative sites in partition 121343at5125
213	AA	6	674	2	664	AA	121374at5125
214	AA	6	179	0	179	AA	121394at5125
WARNING: No variant sites in partition 121394at5125
215	AA	6	908	11	889	AA	121522at5125
216	AA	6	419	2	412	AA	121723at5125
217	AA	6	163	13	147	AA	121996at5125
218	AA	6	835	2	828	AA	122130at5125
219	AA	6	1054	1	1051	AA	122213at5125
220	AA	6	1209	0	1207	AA	122476at5125
WARNING: No parsimony-informative sites in partition 122476at5125
221	AA	6	430	4	425	AA	122625at5125
222	AA	6	363	2	357	AA	122644at5125
223	AA	6	563	3	558	AA	122741at5125
224	AA	6	258	1	256	AA	122746at5125
225	AA	6	195	1	193	AA	122783at5125
226	AA	6	586	0	584	AA	123028at5125
WARNING: No parsimony-informative sites in partition 123028at5125
227	AA	6	682	8	665	AA	123209at5125
228	AA	6	989	6	975	AA	123402at5125
229	AA	6	235	1	234	AA	123445at5125
230	AA	6	679	3	673	AA	123602at5125
231	AA	6	551	3	546	AA	123654at5125
232	AA	6	505	0	495	AA	123677at5125
WARNING: No parsimony-informative sites in partition 123677at5125
233	AA	6	634	20	604	AA	123797at5125
234	AA	6	302	0	301	AA	123931at5125
WARNING: No parsimony-informative sites in partition 123931at5125
235	AA	6	224	0	223	AA	124050at5125
WARNING: No parsimony-informative sites in partition 124050at5125
236	AA	6	741	2	734	AA	124218at5125
237	AA	6	303	1	299	AA	124265at5125
238	AA	6	170	0	170	AA	124274at5125
WARNING: No variant sites in partition 124274at5125
239	AA	6	564	32	514	AA	124375at5125
240	AA	6	885	7	871	AA	124478at5125
241	AA	6	718	2	714	AA	124584at5125
242	AA	6	529	1	519	AA	124677at5125
243	AA	6	114	1	112	AA	124784at5125
244	AA	6	1130	12	1103	AA	124800at5125
245	AA	6	1480	11	1456	AA	124854at5125
246	AA	6	495	7	481	AA	124897at5125
247	AA	6	822	8	801	AA	125149at5125
248	AA	6	2670	49	2382	AA	125215at5125
249	AA	6	273	2	271	AA	125236at5125
250	AA	6	1076	9	1057	AA	125329at5125
251	AA	6	869	1	858	AA	125872at5125
252	AA	6	234	0	234	AA	126424at5125
WARNING: No variant sites in partition 126424at5125
253	AA	6	372	8	362	AA	126537at5125
254	AA	6	472	0	469	AA	126820at5125
WARNING: No parsimony-informative sites in partition 126820at5125
255	AA	6	786	4	771	AA	126821at5125
256	AA	6	897	1	895	AA	126981at5125
257	AA	6	224	4	211	AA	127075at5125
258	AA	6	370	2	366	AA	127259at5125
259	AA	6	177	0	177	AA	127293at5125
WARNING: No variant sites in partition 127293at5125
260	AA	6	193	0	193	AA	127395at5125
WARNING: No variant sites in partition 127395at5125
261	AA	6	535	3	525	AA	127405at5125
262	AA	6	694	1	689	AA	127455at5125
263	AA	6	827	3	822	AA	127620at5125
264	AA	6	772	4	764	AA	127853at5125
265	AA	6	240	5	234	AA	128056at5125
266	AA	6	135	0	135	AA	128161at5125
WARNING: No variant sites in partition 128161at5125
267	AA	6	258	0	256	AA	128629at5125
WARNING: No parsimony-informative sites in partition 128629at5125
268	AA	6	220	0	213	AA	128686at5125
WARNING: No parsimony-informative sites in partition 128686at5125
269	AA	6	391	2	386	AA	128844at5125
270	AA	6	343	0	339	AA	129146at5125
WARNING: No parsimony-informative sites in partition 129146at5125
271	AA	6	1156	2	1146	AA	129299at5125
272	AA	6	555	2	547	AA	129422at5125
273	AA	6	655	11	638	AA	129579at5125
274	AA	6	274	1	271	AA	129627at5125
275	AA	6	219	1	217	AA	130113at5125
276	AA	6	2281	23	2211	AA	130228at5125
277	AA	6	1207	6	1193	AA	130446at5125
278	AA	6	377	2	371	AA	130464at5125
279	AA	6	416	0	416	AA	130491at5125
WARNING: No variant sites in partition 130491at5125
280	AA	6	532	6	516	AA	130536at5125
281	AA	6	687	1	682	AA	131341at5125
282	AA	6	314	2	311	AA	131466at5125
283	AA	6	278	2	264	AA	131496at5125
284	AA	6	675	9	634	AA	131823at5125
285	AA	6	542	1	540	AA	132232at5125
286	AA	6	346	0	346	AA	132328at5125
WARNING: No variant sites in partition 132328at5125
287	AA	6	601	2	596	AA	132392at5125
288	AA	6	360	3	353	AA	132508at5125
289	AA	6	539	1	533	AA	132518at5125
290	AA	6	385	2	383	AA	132519at5125
291	AA	6	430	9	410	AA	132532at5125
292	AA	6	251	14	235	AA	132557at5125
293	AA	6	496	2	492	AA	132837at5125
294	AA	6	361	2	353	AA	132861at5125
295	AA	6	1234	8	1213	AA	132880at5125
296	AA	6	398	2	390	AA	133074at5125
297	AA	6	340	2	335	AA	133284at5125
298	AA	6	338	1	335	AA	13332at5125
299	AA	6	224	7	217	AA	133736at5125
300	AA	6	310	2	306	AA	133765at5125
301	AA	6	397	3	389	AA	133785at5125
302	AA	6	583	0	578	AA	134188at5125
WARNING: No parsimony-informative sites in partition 134188at5125
303	AA	6	526	1	525	AA	134459at5125
304	AA	6	306	6	296	AA	134497at5125
305	AA	6	441	5	432	AA	134824at5125
306	AA	6	838	0	838	AA	135314at5125
WARNING: No variant sites in partition 135314at5125
307	AA	6	655	4	648	AA	136016at5125
308	AA	6	495	2	489	AA	136066at5125
309	AA	6	233	1	232	AA	136151at5125
310	AA	6	921	12	904	AA	136161at5125
311	AA	6	543	0	543	AA	13666at5125
WARNING: No variant sites in partition 13666at5125
312	AA	6	182	0	182	AA	1368at5125
WARNING: No variant sites in partition 1368at5125
313	AA	6	277	0	277	AA	137651at5125
WARNING: No variant sites in partition 137651at5125
314	AA	6	320	1	315	AA	13873at5125
315	AA	6	1102	1	1096	AA	140216at5125
316	AA	6	361	0	361	AA	140657at5125
WARNING: No variant sites in partition 140657at5125
317	AA	6	702	2	698	AA	14224at5125
318	AA	6	236	0	234	AA	142605at5125
WARNING: No parsimony-informative sites in partition 142605at5125
319	AA	6	335	0	335	AA	142614at5125
WARNING: No variant sites in partition 142614at5125
320	AA	6	317	27	287	AA	142659at5125
321	AA	6	690	0	674	AA	142711at5125
WARNING: No parsimony-informative sites in partition 142711at5125
322	AA	6	552	1	550	AA	142717at5125
323	AA	6	264	0	263	AA	142744at5125
WARNING: No parsimony-informative sites in partition 142744at5125
324	AA	6	187	0	186	AA	142753at5125
WARNING: No parsimony-informative sites in partition 142753at5125
325	AA	6	612	3	581	AA	142762at5125
326	AA	6	242	0	238	AA	142765at5125
WARNING: No parsimony-informative sites in partition 142765at5125
327	AA	6	190	0	190	AA	142774at5125
WARNING: No variant sites in partition 142774at5125
328	AA	6	399	2	395	AA	142792at5125
329	AA	6	254	2	247	AA	142796at5125
330	AA	6	362	2	357	AA	142810at5125
331	AA	6	300	1	298	AA	142866at5125
332	AA	6	398	0	397	AA	142896at5125
WARNING: No parsimony-informative sites in partition 142896at5125
333	AA	6	123	0	123	AA	142908at5125
WARNING: No variant sites in partition 142908at5125
334	AA	6	240	0	238	AA	142988at5125
WARNING: No parsimony-informative sites in partition 142988at5125
335	AA	6	213	0	213	AA	143020at5125
WARNING: No variant sites in partition 143020at5125
336	AA	6	303	0	302	AA	143113at5125
WARNING: No parsimony-informative sites in partition 143113at5125
337	AA	6	94	0	93	AA	143133at5125
WARNING: No parsimony-informative sites in partition 143133at5125
338	AA	6	378	3	371	AA	143201at5125
339	AA	6	1516	5	1501	AA	143274at5125
340	AA	6	285	1	284	AA	143279at5125
341	AA	6	783	0	782	AA	143328at5125
WARNING: No parsimony-informative sites in partition 143328at5125
342	AA	6	791	7	777	AA	143343at5125
343	AA	6	608	1	605	AA	143401at5125
344	AA	6	198	0	194	AA	143419at5125
WARNING: No parsimony-informative sites in partition 143419at5125
345	AA	6	541	3	533	AA	143435at5125
346	AA	6	224	2	219	AA	143455at5125
347	AA	6	641	5	626	AA	143458at5125
348	AA	6	1023	8	1003	AA	143494at5125
349	AA	6	461	0	461	AA	143525at5125
WARNING: No variant sites in partition 143525at5125
350	AA	6	160	0	159	AA	143569at5125
WARNING: No parsimony-informative sites in partition 143569at5125
351	AA	6	504	1	502	AA	143572at5125
352	AA	6	333	2	326	AA	143612at5125
353	AA	6	641	1	640	AA	143650at5125
354	AA	6	510	1	507	AA	143670at5125
355	AA	6	187	0	187	AA	143695at5125
WARNING: No variant sites in partition 143695at5125
356	AA	6	479	2	476	AA	143708at5125
357	AA	6	464	1	462	AA	143732at5125
358	AA	6	515	3	510	AA	143736at5125
359	AA	6	477	0	474	AA	143746at5125
WARNING: No parsimony-informative sites in partition 143746at5125
360	AA	6	638	1	635	AA	143748at5125
361	AA	6	331	3	324	AA	143758at5125
362	AA	6	452	0	451	AA	143788at5125
WARNING: No parsimony-informative sites in partition 143788at5125
363	AA	6	456	11	441	AA	143798at5125
364	AA	6	386	0	385	AA	143800at5125
WARNING: No parsimony-informative sites in partition 143800at5125
365	AA	6	822	3	816	AA	143850at5125
366	AA	6	126	0	125	AA	143872at5125
WARNING: No parsimony-informative sites in partition 143872at5125
367	AA	6	327	4	318	AA	143886at5125
368	AA	6	180	1	178	AA	143897at5125
369	AA	6	255	0	254	AA	143904at5125
WARNING: No parsimony-informative sites in partition 143904at5125
370	AA	6	801	1	797	AA	143964at5125
371	AA	6	600	1	595	AA	143977at5125
372	AA	6	203	0	202	AA	144046at5125
WARNING: No parsimony-informative sites in partition 144046at5125
373	AA	6	1130	5	1122	AA	144059at5125
374	AA	6	367	1	365	AA	144088at5125
375	AA	6	462	0	461	AA	144097at5125
WARNING: No parsimony-informative sites in partition 144097at5125
376	AA	6	205	0	205	AA	144112at5125
WARNING: No variant sites in partition 144112at5125
377	AA	6	213	2	207	AA	144123at5125
378	AA	6	462	1	461	AA	144186at5125
379	AA	6	1556	3	1550	AA	144225at5125
380	AA	6	136	0	136	AA	144228at5125
WARNING: No variant sites in partition 144228at5125
381	AA	6	150	0	150	AA	144267at5125
WARNING: No variant sites in partition 144267at5125
382	AA	6	410	0	410	AA	144297at5125
WARNING: No variant sites in partition 144297at5125
383	AA	6	723	5	713	AA	144298at5125
384	AA	6	634	6	625	AA	144311at5125
385	AA	6	345	0	344	AA	144313at5125
WARNING: No parsimony-informative sites in partition 144313at5125
386	AA	6	294	8	284	AA	144326at5125
387	AA	6	674	0	673	AA	144360at5125
WARNING: No parsimony-informative sites in partition 144360at5125
388	AA	6	133	0	133	AA	144367at5125
WARNING: No variant sites in partition 144367at5125
389	AA	6	259	0	259	AA	144375at5125
WARNING: No variant sites in partition 144375at5125
390	AA	6	328	12	310	AA	144383at5125
391	AA	6	637	1	633	AA	144401at5125
392	AA	6	357	4	350	AA	144467at5125
393	AA	6	164	2	161	AA	144512at5125
394	AA	6	370	4	362	AA	144516at5125
395	AA	6	194	0	194	AA	144517at5125
WARNING: No variant sites in partition 144517at5125
396	AA	6	514	1	512	AA	144522at5125
397	AA	6	503	7	495	AA	144552at5125
398	AA	6	1399	34	1361	AA	144576at5125
399	AA	6	413	1	407	AA	144600at5125
400	AA	6	339	0	337	AA	144670at5125
WARNING: No parsimony-informative sites in partition 144670at5125
401	AA	6	388	1	386	AA	144726at5125
402	AA	6	494	4	488	AA	144753at5125
403	AA	6	314	2	311	AA	144773at5125
404	AA	6	407	0	403	AA	144785at5125
WARNING: No parsimony-informative sites in partition 144785at5125
405	AA	6	120	0	120	AA	144815at5125
WARNING: No variant sites in partition 144815at5125
406	AA	6	176	0	175	AA	144840at5125
WARNING: No parsimony-informative sites in partition 144840at5125
407	AA	6	358	1	357	AA	144864at5125
408	AA	6	553	0	552	AA	144920at5125
WARNING: No parsimony-informative sites in partition 144920at5125
409	AA	6	291	1	290	AA	144922at5125
410	AA	6	97	0	96	AA	144945at5125
WARNING: No parsimony-informative sites in partition 144945at5125
411	AA	6	923	1	919	AA	144967at5125
412	AA	6	1683	1	1679	AA	144971at5125
413	AA	6	307	0	299	AA	144984at5125
WARNING: No parsimony-informative sites in partition 144984at5125
414	AA	6	310	0	310	AA	145013at5125
WARNING: No variant sites in partition 145013at5125
415	AA	6	818	8	802	AA	145064at5125
416	AA	6	133	0	131	AA	145125at5125
WARNING: No parsimony-informative sites in partition 145125at5125
417	AA	6	331	1	329	AA	145156at5125
418	AA	6	621	2	618	AA	145191at5125
419	AA	6	260	1	257	AA	145275at5125
420	AA	6	1375	18	1338	AA	145282at5125
421	AA	6	1888	0	1888	AA	145312at5125
WARNING: No variant sites in partition 145312at5125
422	AA	6	1124	2	1114	AA	145316at5125
423	AA	6	484	1	481	AA	145359at5125
424	AA	6	263	2	258	AA	145386at5125
425	AA	6	213	5	205	AA	145393at5125
426	AA	6	360	6	354	AA	145444at5125
427	AA	6	762	3	752	AA	145447at5125
428	AA	6	449	2	444	AA	145460at5125
429	AA	6	335	3	330	AA	14550at5125
430	AA	6	197	4	192	AA	145513at5125
431	AA	6	634	0	634	AA	145527at5125
WARNING: No variant sites in partition 145527at5125
432	AA	6	312	2	304	AA	145576at5125
433	AA	6	898	4	891	AA	145577at5125
434	AA	6	381	0	380	AA	145586at5125
WARNING: No parsimony-informative sites in partition 145586at5125
435	AA	6	779	2	773	AA	145590at5125
436	AA	6	305	3	298	AA	145619at5125
437	AA	6	356	2	352	AA	145636at5125
438	AA	6	260	0	259	AA	145686at5125
WARNING: No parsimony-informative sites in partition 145686at5125
439	AA	6	1680	9	1669	AA	145704at5125
440	AA	6	175	1	172	AA	145724at5125
441	AA	6	1344	8	1334	AA	145732at5125
442	AA	6	229	0	229	AA	145737at5125
WARNING: No variant sites in partition 145737at5125
443	AA	6	1179	2	1175	AA	145748at5125
444	AA	6	852	1	850	AA	145765at5125
445	AA	6	937	2	929	AA	145767at5125
446	AA	6	943	0	942	AA	145777at5125
WARNING: No parsimony-informative sites in partition 145777at5125
447	AA	6	371	1	367	AA	145779at5125
448	AA	6	647	49	594	AA	145780at5125
449	AA	6	351	5	344	AA	145787at5125
450	AA	6	911	0	908	AA	145825at5125
WARNING: No parsimony-informative sites in partition 145825at5125
451	AA	6	671	3	667	AA	145843at5125
452	AA	6	695	0	688	AA	145874at5125
WARNING: No parsimony-informative sites in partition 145874at5125
453	AA	6	1164	5	1153	AA	145875at5125
454	AA	6	307	4	298	AA	145877at5125
455	AA	6	364	4	360	AA	145887at5125
456	AA	6	410	4	404	AA	145901at5125
457	AA	6	327	7	312	AA	145948at5125
458	AA	6	1533	7	1499	AA	145968at5125
459	AA	6	476	0	476	AA	145983at5125
WARNING: No variant sites in partition 145983at5125
460	AA	6	215	1	213	AA	145990at5125
461	AA	6	196	2	191	AA	146029at5125
462	AA	6	388	5	375	AA	146108at5125
463	AA	6	269	0	269	AA	146113at5125
WARNING: No variant sites in partition 146113at5125
464	AA	6	2367	18	2318	AA	146159at5125
465	AA	6	675	0	674	AA	146193at5125
WARNING: No parsimony-informative sites in partition 146193at5125
466	AA	6	405	0	404	AA	146195at5125
WARNING: No parsimony-informative sites in partition 146195at5125
467	AA	6	966	12	952	AA	146210at5125
468	AA	6	205	0	205	AA	146225at5125
WARNING: No variant sites in partition 146225at5125
469	AA	6	825	3	820	AA	146260at5125
470	AA	6	341	0	341	AA	146304at5125
WARNING: No variant sites in partition 146304at5125
471	AA	6	741	4	731	AA	146305at5125
472	AA	6	291	1	287	AA	146308at5125
473	AA	6	482	1	477	AA	146354at5125
474	AA	6	354	1	352	AA	146365at5125
475	AA	6	596	2	588	AA	146373at5125
476	AA	6	1254	6	1229	AA	146407at5125
477	AA	6	854	9	841	AA	146454at5125
478	AA	6	312	0	312	AA	146464at5125
WARNING: No variant sites in partition 146464at5125
479	AA	6	475	4	461	AA	146492at5125
480	AA	6	741	2	738	AA	146527at5125
481	AA	6	741	1	733	AA	146584at5125
482	AA	6	459	0	456	AA	146592at5125
WARNING: No parsimony-informative sites in partition 146592at5125
483	AA	6	762	4	756	AA	146599at5125
484	AA	6	255	1	254	AA	146609at5125
485	AA	6	590	4	580	AA	146614at5125
486	AA	6	1183	0	1180	AA	146620at5125
WARNING: No parsimony-informative sites in partition 146620at5125
487	AA	6	320	5	311	AA	146650at5125
488	AA	6	508	1	504	AA	146684at5125
489	AA	6	527	1	523	AA	146710at5125
490	AA	6	640	1	637	AA	146713at5125
491	AA	6	378	1	375	AA	146718at5125
492	AA	6	279	1	278	AA	146797at5125
493	AA	6	515	3	511	AA	146812at5125
494	AA	6	603	3	590	AA	146835at5125
495	AA	6	259	0	258	AA	146838at5125
WARNING: No parsimony-informative sites in partition 146838at5125
496	AA	6	983	2	981	AA	146852at5125
497	AA	6	508	2	503	AA	146866at5125
498	AA	6	766	1	761	AA	146886at5125
499	AA	6	891	0	890	AA	146904at5125
WARNING: No parsimony-informative sites in partition 146904at5125
500	AA	6	561	1	557	AA	146944at5125
501	AA	6	356	2	333	AA	146949at5125
502	AA	6	890	7	882	AA	146956at5125
503	AA	6	718	1	713	AA	146958at5125
504	AA	6	1516	0	1504	AA	146966at5125
WARNING: No parsimony-informative sites in partition 146966at5125
505	AA	6	432	2	428	AA	146969at5125
506	AA	6	581	6	571	AA	146977at5125
507	AA	6	296	0	295	AA	146989at5125
WARNING: No parsimony-informative sites in partition 146989at5125
508	AA	6	778	3	768	AA	146990at5125
509	AA	6	1110	0	1110	AA	147012at5125
WARNING: No variant sites in partition 147012at5125
510	AA	6	618	0	618	AA	147014at5125
WARNING: No variant sites in partition 147014at5125
511	AA	6	209	0	209	AA	147023at5125
WARNING: No variant sites in partition 147023at5125
512	AA	6	1332	3	1320	AA	147050at5125
513	AA	6	879	2	872	AA	147056at5125
514	AA	6	1604	1	1600	AA	147070at5125
515	AA	6	424	0	424	AA	147089at5125
WARNING: No variant sites in partition 147089at5125
516	AA	6	243	3	239	AA	147097at5125
517	AA	6	356	0	356	AA	147100at5125
WARNING: No variant sites in partition 147100at5125
518	AA	6	573	9	556	AA	147105at5125
519	AA	6	1236	5	1223	AA	147122at5125
520	AA	6	332	0	328	AA	147132at5125
WARNING: No parsimony-informative sites in partition 147132at5125
521	AA	6	533	0	523	AA	147139at5125
WARNING: No parsimony-informative sites in partition 147139at5125
522	AA	6	604	4	597	AA	147165at5125
523	AA	6	757	1	751	AA	147187at5125
524	AA	6	512	3	502	AA	147196at5125
525	AA	6	638	9	624	AA	147197at5125
526	AA	6	411	2	407	AA	147226at5125
527	AA	6	355	0	355	AA	147233at5125
WARNING: No variant sites in partition 147233at5125
528	AA	6	118	1	114	AA	147258at5125
529	AA	6	436	0	436	AA	147291at5125
WARNING: No variant sites in partition 147291at5125
530	AA	6	394	5	386	AA	147307at5125
531	AA	6	243	0	242	AA	147312at5125
WARNING: No parsimony-informative sites in partition 147312at5125
532	AA	6	510	1	498	AA	147317at5125
533	AA	6	1059	14	1039	AA	147328at5125
534	AA	6	779	0	779	AA	147339at5125
WARNING: No variant sites in partition 147339at5125
535	AA	6	833	0	831	AA	147351at5125
WARNING: No parsimony-informative sites in partition 147351at5125
536	AA	6	1028	7	1011	AA	147370at5125
537	AA	6	692	0	654	AA	147373at5125
WARNING: No parsimony-informative sites in partition 147373at5125
538	AA	6	341	1	339	AA	147384at5125
539	AA	6	422	9	409	AA	147386at5125
540	AA	6	403	4	391	AA	147388at5125
541	AA	6	210	2	205	AA	147390at5125
542	AA	6	819	6	811	AA	147407at5125
543	AA	6	1056	1	1051	AA	147411at5125
544	AA	6	713	2	709	AA	147417at5125
545	AA	6	1596	9	1580	AA	147418at5125
546	AA	6	304	1	302	AA	147421at5125
547	AA	6	591	32	558	AA	147429at5125
548	AA	6	259	4	238	AA	147430at5125
549	AA	6	1418	7	1406	AA	147436at5125
550	AA	6	290	0	290	AA	147440at5125
WARNING: No variant sites in partition 147440at5125
551	AA	6	240	2	231	AA	147464at5125
552	AA	6	478	1	472	AA	147480at5125
553	AA	6	687	1	684	AA	147482at5125
554	AA	6	196	0	194	AA	147491at5125
WARNING: No parsimony-informative sites in partition 147491at5125
555	AA	6	1066	0	1064	AA	147496at5125
WARNING: No parsimony-informative sites in partition 147496at5125
556	AA	6	193	0	193	AA	147509at5125
WARNING: No variant sites in partition 147509at5125
557	AA	6	231	0	231	AA	147526at5125
WARNING: No variant sites in partition 147526at5125
558	AA	6	309	2	302	AA	147534at5125
559	AA	6	1009	7	999	AA	147572at5125
560	AA	6	840	23	807	AA	147594at5125
561	AA	6	610	5	594	AA	147604at5125
562	AA	6	2058	6	2047	AA	147615at5125
563	AA	6	302	1	299	AA	147629at5125
564	AA	6	1156	2	1151	AA	147679at5125
565	AA	6	189	0	189	AA	147704at5125
WARNING: No variant sites in partition 147704at5125
566	AA	6	729	3	724	AA	147706at5125
567	AA	6	354	0	352	AA	147709at5125
WARNING: No parsimony-informative sites in partition 147709at5125
568	AA	6	541	2	539	AA	147729at5125
569	AA	6	485	3	481	AA	147732at5125
570	AA	6	222	1	220	AA	147780at5125
571	AA	6	546	3	539	AA	147785at5125
572	AA	6	1004	10	942	AA	147791at5125
573	AA	6	1288	10	1262	AA	147798at5125
574	AA	6	625	2	601	AA	147870at5125
575	AA	6	708	38	667	AA	147897at5125
576	AA	6	419	1	417	AA	147904at5125
577	AA	6	203	3	200	AA	147934at5125
578	AA	6	450	9	424	AA	147945at5125
579	AA	6	410	57	351	AA	147947at5125
580	AA	6	172	0	172	AA	147952at5125
WARNING: No variant sites in partition 147952at5125
581	AA	6	258	3	251	AA	147969at5125
582	AA	6	406	2	401	AA	147974at5125
583	AA	6	496	6	486	AA	147983at5125
584	AA	6	526	0	524	AA	147987at5125
WARNING: No parsimony-informative sites in partition 147987at5125
585	AA	6	221	1	219	AA	147989at5125
586	AA	6	1094	3	1089	AA	147995at5125
587	AA	6	397	2	391	AA	148025at5125
588	AA	6	380	0	376	AA	148036at5125
WARNING: No parsimony-informative sites in partition 148036at5125
589	AA	6	1045	1	1041	AA	148057at5125
590	AA	6	694	2	689	AA	148071at5125
591	AA	6	291	0	289	AA	148089at5125
WARNING: No parsimony-informative sites in partition 148089at5125
592	AA	6	1442	2	1438	AA	148094at5125
593	AA	6	245	0	245	AA	148115at5125
WARNING: No variant sites in partition 148115at5125
594	AA	6	540	1	535	AA	148128at5125
595	AA	6	493	0	491	AA	148132at5125
WARNING: No parsimony-informative sites in partition 148132at5125
596	AA	6	406	0	406	AA	148139at5125
WARNING: No variant sites in partition 148139at5125
597	AA	6	200	1	199	AA	148145at5125
598	AA	6	305	0	302	AA	148163at5125
WARNING: No parsimony-informative sites in partition 148163at5125
599	AA	6	471	0	469	AA	148171at5125
WARNING: No parsimony-informative sites in partition 148171at5125
600	AA	6	633	0	631	AA	148206at5125
WARNING: No parsimony-informative sites in partition 148206at5125
601	AA	6	672	2	669	AA	148214at5125
602	AA	6	409	2	406	AA	148218at5125
603	AA	6	156	11	145	AA	148238at5125
604	AA	6	431	6	418	AA	148243at5125
605	AA	6	702	2	695	AA	148251at5125
606	AA	6	281	0	280	AA	148253at5125
WARNING: No parsimony-informative sites in partition 148253at5125
607	AA	6	446	2	442	AA	148254at5125
608	AA	6	897	5	889	AA	148294at5125
609	AA	6	413	1	412	AA	148308at5125
610	AA	6	344	1	339	AA	148328at5125
611	AA	6	97	0	97	AA	148364at5125
WARNING: No variant sites in partition 148364at5125
612	AA	6	701	0	699	AA	148373at5125
WARNING: No parsimony-informative sites in partition 148373at5125
613	AA	6	601	4	588	AA	148406at5125
614	AA	6	670	3	644	AA	148432at5125
615	AA	6	138	0	138	AA	148434at5125
WARNING: No variant sites in partition 148434at5125
616	AA	6	1303	1	1292	AA	148450at5125
617	AA	6	217	1	215	AA	148482at5125
618	AA	6	550	6	539	AA	148496at5125
619	AA	6	209	3	204	AA	148537at5125
620	AA	6	980	6	966	AA	148544at5125
621	AA	6	979	7	966	AA	148585at5125
622	AA	6	683	1	678	AA	148586at5125
623	AA	6	586	2	582	AA	148589at5125
624	AA	6	722	0	721	AA	148595at5125
WARNING: No parsimony-informative sites in partition 148595at5125
625	AA	6	854	8	842	AA	148624at5125
626	AA	6	543	0	540	AA	148633at5125
WARNING: No parsimony-informative sites in partition 148633at5125
627	AA	6	154	0	154	AA	148651at5125
WARNING: No variant sites in partition 148651at5125
628	AA	6	688	5	677	AA	148656at5125
629	AA	6	220	0	218	AA	148661at5125
WARNING: No parsimony-informative sites in partition 148661at5125
630	AA	6	287	0	287	AA	148665at5125
WARNING: No variant sites in partition 148665at5125
631	AA	6	905	3	902	AA	148683at5125
632	AA	6	1102	11	1083	AA	148703at5125
633	AA	6	544	11	529	AA	148712at5125
634	AA	6	353	1	349	AA	148742at5125
635	AA	6	400	1	398	AA	148749at5125
636	AA	6	307	1	304	AA	148759at5125
637	AA	6	250	1	247	AA	148773at5125
638	AA	6	1758	1	1755	AA	148781at5125
639	AA	6	639	4	630	AA	148804at5125
640	AA	6	1224	9	1204	AA	148818at5125
641	AA	6	484	0	481	AA	148833at5125
WARNING: No parsimony-informative sites in partition 148833at5125
642	AA	6	1488	10	1468	AA	148850at5125
643	AA	6	1224	3	1218	AA	148862at5125
644	AA	6	282	4	277	AA	148868at5125
645	AA	6	459	7	448	AA	148876at5125
646	AA	6	1691	5	1677	AA	148880at5125
647	AA	6	567	5	557	AA	148888at5125
648	AA	6	385	2	383	AA	148893at5125
649	AA	6	657	0	655	AA	148896at5125
WARNING: No parsimony-informative sites in partition 148896at5125
650	AA	6	759	29	708	AA	148904at5125
651	AA	6	330	5	321	AA	148915at5125
652	AA	6	636	2	625	AA	148928at5125
653	AA	6	959	3	952	AA	148932at5125
654	AA	6	788	1	786	AA	148955at5125
655	AA	6	425	18	400	AA	148956at5125
656	AA	6	1079	5	1065	AA	148968at5125
657	AA	6	1197	2	1193	AA	148972at5125
658	AA	6	1302	7	1275	AA	148990at5125
659	AA	6	260	0	260	AA	148993at5125
WARNING: No variant sites in partition 148993at5125
660	AA	6	596	1	593	AA	148998at5125
661	AA	6	1502	10	1346	AA	149001at5125
662	AA	6	377	0	377	AA	149002at5125
WARNING: No variant sites in partition 149002at5125
663	AA	6	481	1	478	AA	149006at5125
664	AA	6	3991	10	3966	AA	149010at5125
665	AA	6	1757	3	1749	AA	149043at5125
666	AA	6	294	1	293	AA	149053at5125
667	AA	6	381	0	380	AA	149063at5125
WARNING: No parsimony-informative sites in partition 149063at5125
668	AA	6	261	0	261	AA	149072at5125
WARNING: No variant sites in partition 149072at5125
669	AA	6	581	5	571	AA	149080at5125
670	AA	6	484	0	482	AA	149083at5125
WARNING: No parsimony-informative sites in partition 149083at5125
671	AA	6	524	0	522	AA	14908at5125
WARNING: No parsimony-informative sites in partition 14908at5125
672	AA	6	1449	7	1430	AA	149099at5125
673	AA	6	1337	3	1326	AA	149103at5125
674	AA	6	668	2	663	AA	149105at5125
675	AA	6	468	2	462	AA	149114at5125
676	AA	6	300	0	299	AA	149125at5125
WARNING: No parsimony-informative sites in partition 149125at5125
677	AA	6	214	1	207	AA	149138at5125
678	AA	6	470	0	469	AA	149142at5125
WARNING: No parsimony-informative sites in partition 149142at5125
679	AA	6	203	0	203	AA	149160at5125
WARNING: No variant sites in partition 149160at5125
680	AA	6	1132	9	1114	AA	149188at5125
681	AA	6	781	0	781	AA	149211at5125
WARNING: No variant sites in partition 149211at5125
682	AA	6	339	3	335	AA	149223at5125
683	AA	6	916	8	900	AA	149224at5125
684	AA	6	319	0	319	AA	149236at5125
WARNING: No variant sites in partition 149236at5125
685	AA	6	926	9	912	AA	149240at5125
686	AA	6	694	0	689	AA	149243at5125
WARNING: No parsimony-informative sites in partition 149243at5125
687	AA	6	446	0	446	AA	149296at5125
WARNING: No variant sites in partition 149296at5125
688	AA	6	344	1	341	AA	149312at5125
689	AA	6	546	1	545	AA	149338at5125
690	AA	6	992	2	986	AA	149343at5125
691	AA	6	809	4	804	AA	149354at5125
692	AA	6	632	2	624	AA	149362at5125
693	AA	6	628	7	617	AA	149376at5125
694	AA	6	422	1	417	AA	149403at5125
695	AA	6	822	5	809	AA	149444at5125
696	AA	6	1385	24	1358	AA	149469at5125
697	AA	6	903	1	899	AA	149473at5125
698	AA	6	1777	6	1766	AA	149477at5125
699	AA	6	404	1	401	AA	149481at5125
700	AA	6	522	0	521	AA	149483at5125
WARNING: No parsimony-informative sites in partition 149483at5125
701	AA	6	489	4	455	AA	149512at5125
702	AA	6	548	8	534	AA	149655at5125
703	AA	6	472	3	466	AA	149664at5125
704	AA	6	1105	13	1073	AA	149674at5125
705	AA	6	945	0	944	AA	149675at5125
WARNING: No parsimony-informative sites in partition 149675at5125
706	AA	6	385	2	382	AA	149680at5125
707	AA	6	841	1	836	AA	149736at5125
708	AA	6	1304	5	1282	AA	149746at5125
709	AA	6	258	0	257	AA	149785at5125
WARNING: No parsimony-informative sites in partition 149785at5125
710	AA	6	199	1	198	AA	14979at5125
711	AA	6	656	1	619	AA	149809at5125
712	AA	6	695	12	671	AA	149841at5125
713	AA	6	249	0	247	AA	149845at5125
WARNING: No parsimony-informative sites in partition 149845at5125
714	AA	6	398	1	395	AA	149853at5125
715	AA	6	1002	4	961	AA	149858at5125
716	AA	6	1209	2	1193	AA	149862at5125
717	AA	6	276	1	275	AA	149885at5125
718	AA	6	296	0	292	AA	149888at5125
WARNING: No parsimony-informative sites in partition 149888at5125
719	AA	6	983	2	976	AA	149901at5125
720	AA	6	288	1	286	AA	149932at5125
721	AA	6	341	3	335	AA	149946at5125
722	AA	6	1917	9	1905	AA	149950at5125
723	AA	6	795	7	778	AA	149958at5125
724	AA	6	424	3	420	AA	149976at5125
725	AA	6	889	3	873	AA	149988at5125
726	AA	6	770	2	766	AA	149991at5125
727	AA	6	494	1	490	AA	149996at5125
728	AA	6	620	0	619	AA	150004at5125
WARNING: No parsimony-informative sites in partition 150004at5125
729	AA	6	1363	5	1351	AA	150019at5125
730	AA	6	397	5	388	AA	150028at5125
731	AA	6	795	2	790	AA	150032at5125
732	AA	6	809	2	802	AA	150037at5125
733	AA	6	181	1	180	AA	150038at5125
734	AA	6	828	7	813	AA	150047at5125
735	AA	6	520	1	519	AA	150050at5125
736	AA	6	239	2	234	AA	150051at5125
737	AA	6	287	1	283	AA	150080at5125
738	AA	6	878	5	825	AA	150085at5125
739	AA	6	395	3	391	AA	150091at5125
740	AA	6	1073	10	1057	AA	150103at5125
741	AA	6	440	0	440	AA	150104at5125
WARNING: No variant sites in partition 150104at5125
742	AA	6	287	1	286	AA	150120at5125
743	AA	6	500	30	466	AA	150127at5125
744	AA	6	153	0	151	AA	150159at5125
WARNING: No parsimony-informative sites in partition 150159at5125
745	AA	6	1350	27	1311	AA	150166at5125
746	AA	6	430	41	386	AA	150171at5125
747	AA	6	213	1	212	AA	150187at5125
748	AA	6	783	10	753	AA	150192at5125
749	AA	6	377	0	375	AA	150195at5125
WARNING: No parsimony-informative sites in partition 150195at5125
750	AA	6	903	1	901	AA	150197at5125
751	AA	6	524	4	517	AA	150210at5125
752	AA	6	369	0	369	AA	150217at5125
WARNING: No variant sites in partition 150217at5125
753	AA	6	444	16	426	AA	150220at5125
754	AA	6	497	3	489	AA	150227at5125
755	AA	6	344	0	343	AA	150228at5125
WARNING: No parsimony-informative sites in partition 150228at5125
756	AA	6	398	1	392	AA	150236at5125
757	AA	6	240	1	239	AA	150240at5125
758	AA	6	804	8	791	AA	150271at5125
759	AA	6	1545	5	1535	AA	150279at5125
760	AA	6	2420	8	2405	AA	150308at5125
761	AA	6	779	4	768	AA	150311at5125
762	AA	6	201	1	199	AA	150335at5125
763	AA	6	988	13	966	AA	150346at5125
764	AA	6	775	1	770	AA	150363at5125
765	AA	6	345	5	337	AA	150373at5125
766	AA	6	1017	2	1013	AA	150382at5125
767	AA	6	331	1	327	AA	150395at5125
768	AA	6	205	2	202	AA	150399at5125
769	AA	6	789	2	784	AA	150406at5125
770	AA	6	527	4	515	AA	150438at5125
771	AA	6	1175	4	1159	AA	150456at5125
772	AA	6	1055	3	1046	AA	150457at5125
773	AA	6	1078	5	1060	AA	150461at5125
774	AA	6	319	0	318	AA	150465at5125
WARNING: No parsimony-informative sites in partition 150465at5125
775	AA	6	286	2	275	AA	150481at5125
776	AA	6	348	0	346	AA	150497at5125
WARNING: No parsimony-informative sites in partition 150497at5125
777	AA	6	236	4	231	AA	150509at5125
778	AA	6	698	2	692	AA	150523at5125
779	AA	6	185	1	182	AA	150576at5125
780	AA	6	1237	5	1226	AA	150600at5125
781	AA	6	606	5	599	AA	150670at5125
782	AA	6	190	1	187	AA	150671at5125
783	AA	6	348	3	340	AA	150672at5125
784	AA	6	142	1	140	AA	150680at5125
785	AA	6	1176	20	1152	AA	150689at5125
786	AA	6	1586	7	1571	AA	150694at5125
787	AA	6	418	1	416	AA	150701at5125
788	AA	6	80	0	80	AA	150703at5125
WARNING: No variant sites in partition 150703at5125
789	AA	6	423	0	421	AA	150721at5125
WARNING: No parsimony-informative sites in partition 150721at5125
790	AA	6	161	0	160	AA	150726at5125
WARNING: No parsimony-informative sites in partition 150726at5125
791	AA	6	193	0	192	AA	150733at5125
WARNING: No parsimony-informative sites in partition 150733at5125
792	AA	6	1356	28	1317	AA	150751at5125
793	AA	6	471	2	467	AA	150756at5125
794	AA	6	418	1	412	AA	150768at5125
795	AA	6	1035	2	1004	AA	150783at5125
796	AA	6	984	3	956	AA	150796at5125
797	AA	6	1751	0	1749	AA	150806at5125
WARNING: No parsimony-informative sites in partition 150806at5125
798	AA	6	786	0	785	AA	150808at5125
WARNING: No parsimony-informative sites in partition 150808at5125
799	AA	6	862	14	833	AA	150815at5125
800	AA	6	853	7	840	AA	150827at5125
801	AA	6	438	3	434	AA	150843at5125
802	AA	6	678	7	663	AA	150867at5125
803	AA	6	245	1	244	AA	150883at5125
804	AA	6	685	35	641	AA	150884at5125
805	AA	6	283	1	275	AA	150938at5125
806	AA	6	602	2	594	AA	150957at5125
807	AA	6	1133	4	1122	AA	151009at5125
808	AA	6	1361	0	1356	AA	151015at5125
WARNING: No parsimony-informative sites in partition 151015at5125
809	AA	6	258	1	257	AA	151020at5125
810	AA	6	1289	8	1270	AA	151028at5125
811	AA	6	940	1	935	AA	151056at5125
812	AA	6	421	1	418	AA	151058at5125
813	AA	6	300	1	298	AA	151069at5125
814	AA	6	408	0	407	AA	151086at5125
WARNING: No parsimony-informative sites in partition 151086at5125
815	AA	6	924	25	877	AA	151093at5125
816	AA	6	719	2	711	AA	151095at5125
817	AA	6	383	1	379	AA	151104at5125
818	AA	6	959	1	955	AA	151105at5125
819	AA	6	1144	5	1131	AA	151118at5125
820	AA	6	240	0	240	AA	15111at5125
WARNING: No variant sites in partition 15111at5125
821	AA	6	453	2	445	AA	151120at5125
822	AA	6	697	11	614	AA	151123at5125
823	AA	6	729	4	720	AA	151131at5125
824	AA	6	346	2	344	AA	151132at5125
825	AA	6	626	3	621	AA	151151at5125
826	AA	6	333	1	331	AA	151158at5125
827	AA	6	574	0	572	AA	151166at5125
WARNING: No parsimony-informative sites in partition 151166at5125
828	AA	6	140	0	126	AA	151185at5125
WARNING: No parsimony-informative sites in partition 151185at5125
829	AA	6	156	0	156	AA	151213at5125
WARNING: No variant sites in partition 151213at5125
830	AA	6	1142	7	1129	AA	151218at5125
831	AA	6	1143	2	1135	AA	151232at5125
832	AA	6	1471	8	1449	AA	151237at5125
833	AA	6	253	1	251	AA	151273at5125
834	AA	6	652	3	622	AA	151285at5125
835	AA	6	1983	13	1925	AA	151305at5125
836	AA	6	272	1	268	AA	151310at5125
837	AA	6	483	3	444	AA	151321at5125
838	AA	6	439	1	436	AA	151327at5125
839	AA	6	979	109	868	AA	151342at5125
840	AA	6	364	2	362	AA	151350at5125
841	AA	6	648	6	637	AA	151354at5125
842	AA	6	174	0	174	AA	151360at5125
WARNING: No variant sites in partition 151360at5125
843	AA	6	153	1	152	AA	151371at5125
844	AA	6	102	0	102	AA	151378at5125
WARNING: No variant sites in partition 151378at5125
845	AA	6	456	0	452	AA	151383at5125
WARNING: No parsimony-informative sites in partition 151383at5125
846	AA	6	806	3	799	AA	151413at5125
847	AA	6	437	0	435	AA	151417at5125
WARNING: No parsimony-informative sites in partition 151417at5125
848	AA	6	433	2	413	AA	151426at5125
849	AA	6	143	0	143	AA	151438at5125
WARNING: No variant sites in partition 151438at5125
850	AA	6	454	1	448	AA	151448at5125
851	AA	6	606	5	587	AA	151449at5125
852	AA	6	1498	10	1480	AA	151457at5125
853	AA	6	168	2	157	AA	151470at5125
854	AA	6	879	7	868	AA	151471at5125
855	AA	6	577	1	575	AA	151483at5125
856	AA	6	1048	0	1047	AA	151512at5125
WARNING: No parsimony-informative sites in partition 151512at5125
857	AA	6	917	6	904	AA	151520at5125
858	AA	6	769	25	740	AA	151526at5125
859	AA	6	276	3	271	AA	151536at5125
860	AA	6	350	2	347	AA	151538at5125
861	AA	6	469	1	460	AA	151541at5125
862	AA	6	134	0	132	AA	151570at5125
WARNING: No parsimony-informative sites in partition 151570at5125
863	AA	6	238	0	238	AA	151574at5125
WARNING: No variant sites in partition 151574at5125
864	AA	6	185	3	182	AA	151581at5125
865	AA	6	737	3	728	AA	151611at5125
866	AA	6	167	0	167	AA	151617at5125
WARNING: No variant sites in partition 151617at5125
867	AA	6	939	9	919	AA	151627at5125
868	AA	6	104	1	103	AA	151655at5125
869	AA	6	263	1	260	AA	151656at5125
870	AA	6	735	7	709	AA	151663at5125
871	AA	6	346	4	339	AA	151672at5125
872	AA	6	143	0	140	AA	151680at5125
WARNING: No parsimony-informative sites in partition 151680at5125
873	AA	6	572	0	570	AA	151697at5125
WARNING: No parsimony-informative sites in partition 151697at5125
874	AA	6	132	0	130	AA	151699at5125
WARNING: No parsimony-informative sites in partition 151699at5125
875	AA	6	331	3	326	AA	151701at5125
876	AA	6	581	4	570	AA	151703at5125
877	AA	6	404	0	404	AA	151704at5125
WARNING: No variant sites in partition 151704at5125
878	AA	6	712	1	687	AA	151705at5125
879	AA	6	96	0	96	AA	151716at5125
WARNING: No variant sites in partition 151716at5125
880	AA	6	664	2	656	AA	151725at5125
881	AA	6	622	6	606	AA	151756at5125
882	AA	6	223	1	222	AA	151764at5125
883	AA	6	295	1	294	AA	151769at5125
884	AA	6	293	1	292	AA	151779at5125
885	AA	6	180	0	176	AA	151787at5125
WARNING: No parsimony-informative sites in partition 151787at5125
886	AA	6	262	5	257	AA	151789at5125
887	AA	6	933	5	921	AA	151794at5125
888	AA	6	132	0	132	AA	151800at5125
WARNING: No variant sites in partition 151800at5125
889	AA	6	154	2	152	AA	151818at5125
890	AA	6	398	3	393	AA	151837at5125
891	AA	6	118	0	118	AA	151841at5125
WARNING: No variant sites in partition 151841at5125
892	AA	6	566	0	564	AA	151854at5125
WARNING: No parsimony-informative sites in partition 151854at5125
893	AA	6	190	4	186	AA	151859at5125
894	AA	6	469	3	459	AA	151867at5125
895	AA	6	610	0	608	AA	151883at5125
WARNING: No parsimony-informative sites in partition 151883at5125
896	AA	6	118	0	118	AA	151886at5125
WARNING: No variant sites in partition 151886at5125
897	AA	6	352	2	344	AA	151896at5125
898	AA	6	194	1	191	AA	151899at5125
899	AA	6	407	0	407	AA	151933at5125
WARNING: No variant sites in partition 151933at5125
900	AA	6	125	0	122	AA	151998at5125
WARNING: No parsimony-informative sites in partition 151998at5125
901	AA	6	423	2	418	AA	152000at5125
902	AA	6	393	3	385	AA	152006at5125
903	AA	6	392	1	386	AA	152012at5125
904	AA	6	1036	6	1023	AA	152023at5125
905	AA	6	379	8	364	AA	152034at5125
906	AA	6	1502	6	1470	AA	152046at5125
907	AA	6	398	8	388	AA	152057at5125
908	AA	6	544	1	541	AA	152071at5125
909	AA	6	1148	4	1140	AA	152081at5125
910	AA	6	165	0	164	AA	152092at5125
WARNING: No parsimony-informative sites in partition 152092at5125
911	AA	6	280	0	280	AA	152107at5125
WARNING: No variant sites in partition 152107at5125
912	AA	6	876	3	871	AA	152116at5125
913	AA	6	652	1	649	AA	152125at5125
914	AA	6	348	0	318	AA	152161at5125
WARNING: No parsimony-informative sites in partition 152161at5125
915	AA	6	807	1	805	AA	152172at5125
916	AA	6	410	1	408	AA	152179at5125
917	AA	6	778	3	767	AA	152195at5125
918	AA	6	264	1	262	AA	152196at5125
919	AA	6	1498	5	1484	AA	152202at5125
920	AA	6	575	4	566	AA	152211at5125
921	AA	6	415	1	398	AA	152222at5125
922	AA	6	381	1	375	AA	152227at5125
923	AA	6	1141	87	1049	AA	152242at5125
924	AA	6	254	0	253	AA	152244at5125
WARNING: No parsimony-informative sites in partition 152244at5125
925	AA	6	294	2	288	AA	152260at5125
926	AA	6	752	4	745	AA	152261at5125
927	AA	6	577	5	561	AA	152266at5125
928	AA	6	389	0	388	AA	152289at5125
WARNING: No parsimony-informative sites in partition 152289at5125
929	AA	6	544	2	537	AA	152322at5125
930	AA	6	374	1	369	AA	152327at5125
931	AA	6	310	2	307	AA	152343at5125
932	AA	6	291	0	286	AA	152348at5125
WARNING: No parsimony-informative sites in partition 152348at5125
933	AA	6	383	1	377	AA	152349at5125
934	AA	6	309	1	307	AA	152352at5125
935	AA	6	656	6	648	AA	152373at5125
936	AA	6	433	16	376	AA	152393at5125
937	AA	6	232	0	231	AA	152397at5125
WARNING: No parsimony-informative sites in partition 152397at5125
938	AA	6	664	18	638	AA	152424at5125
939	AA	6	389	3	384	AA	152438at5125
940	AA	6	109	0	108	AA	152454at5125
WARNING: No parsimony-informative sites in partition 152454at5125
941	AA	6	391	2	386	AA	152456at5125
942	AA	6	318	0	318	AA	152467at5125
WARNING: No variant sites in partition 152467at5125
943	AA	6	211	2	208	AA	152523at5125
944	AA	6	110	0	110	AA	152551at5125
WARNING: No variant sites in partition 152551at5125
945	AA	6	312	2	309	AA	152555at5125
946	AA	6	479	1	476	AA	152589at5125
947	AA	6	838	1	837	AA	152595at5125
948	AA	6	292	0	292	AA	152649at5125
WARNING: No variant sites in partition 152649at5125
949	AA	6	397	2	393	AA	152659at5125
950	AA	6	230	1	229	AA	152690at5125
951	AA	6	2368	1	2364	AA	15273at5125
952	AA	6	564	3	552	AA	152758at5125
953	AA	6	224	2	217	AA	1531at5125
954	AA	6	906	1	904	AA	153258at5125
955	AA	6	110	0	110	AA	154892at5125
WARNING: No variant sites in partition 154892at5125
956	AA	6	103	0	103	AA	154938at5125
WARNING: No variant sites in partition 154938at5125
957	AA	6	321	3	318	AA	154949at5125
958	AA	6	72	0	72	AA	155010at5125
WARNING: No variant sites in partition 155010at5125
959	AA	6	160	0	160	AA	155052at5125
WARNING: No variant sites in partition 155052at5125
960	AA	6	409	10	386	AA	155071at5125
961	AA	6	171	0	170	AA	155075at5125
WARNING: No parsimony-informative sites in partition 155075at5125
962	AA	6	190	1	189	AA	155084at5125
963	AA	6	576	0	575	AA	155115at5125
WARNING: No parsimony-informative sites in partition 155115at5125
964	AA	6	175	1	171	AA	155151at5125
965	AA	6	376	0	376	AA	155176at5125
WARNING: No variant sites in partition 155176at5125
966	AA	6	418	1	391	AA	155231at5125
967	AA	6	304	4	300	AA	155322at5125
968	AA	6	282	0	281	AA	155349at5125
WARNING: No parsimony-informative sites in partition 155349at5125
969	AA	6	121	0	121	AA	155402at5125
WARNING: No variant sites in partition 155402at5125
970	AA	6	522	3	519	AA	155438at5125
971	AA	6	147	1	146	AA	155446at5125
972	AA	6	233	0	231	AA	155453at5125
WARNING: No parsimony-informative sites in partition 155453at5125
973	AA	6	169	0	124	AA	155476at5125
WARNING: No parsimony-informative sites in partition 155476at5125
974	AA	6	225	0	225	AA	155530at5125
WARNING: No variant sites in partition 155530at5125
975	AA	6	345	0	342	AA	155682at5125
WARNING: No parsimony-informative sites in partition 155682at5125
976	AA	6	210	0	209	AA	155744at5125
WARNING: No parsimony-informative sites in partition 155744at5125
977	AA	6	167	1	166	AA	155745at5125
978	AA	6	192	0	192	AA	155764at5125
WARNING: No variant sites in partition 155764at5125
979	AA	6	111	0	111	AA	155846at5125
WARNING: No variant sites in partition 155846at5125
980	AA	6	448	1	447	AA	155853at5125
981	AA	6	270	0	270	AA	155934at5125
WARNING: No variant sites in partition 155934at5125
982	AA	6	408	0	406	AA	155969at5125
WARNING: No parsimony-informative sites in partition 155969at5125
983	AA	6	89	0	89	AA	155994at5125
WARNING: No variant sites in partition 155994at5125
984	AA	6	557	1	556	AA	155998at5125
985	AA	6	357	0	357	AA	156019at5125
WARNING: No variant sites in partition 156019at5125
986	AA	6	175	2	171	AA	156042at5125
987	AA	6	188	2	184	AA	156052at5125
988	AA	6	541	1	540	AA	156063at5125
989	AA	6	448	3	444	AA	156070at5125
990	AA	6	244	1	242	AA	15613at5125
991	AA	6	182	0	181	AA	156142at5125
WARNING: No parsimony-informative sites in partition 156142at5125
992	AA	6	204	5	197	AA	156263at5125
993	AA	6	509	1	503	AA	156336at5125
994	AA	6	197	0	195	AA	156353at5125
WARNING: No parsimony-informative sites in partition 156353at5125
995	AA	6	151	0	151	AA	156424at5125
WARNING: No variant sites in partition 156424at5125
996	AA	6	476	0	475	AA	156446at5125
WARNING: No parsimony-informative sites in partition 156446at5125
997	AA	6	342	1	341	AA	156448at5125
998	AA	6	261	5	256	AA	156459at5125
999	AA	6	484	0	482	AA	156460at5125
WARNING: No parsimony-informative sites in partition 156460at5125
1000	AA	6	305	0	301	AA	156487at5125
WARNING: No parsimony-informative sites in partition 156487at5125
1001	AA	6	192	0	190	AA	156493at5125
WARNING: No parsimony-informative sites in partition 156493at5125
1002	AA	6	311	11	298	AA	156506at5125
1003	AA	6	620	2	615	AA	156541at5125
1004	AA	6	297	2	294	AA	156580at5125
1005	AA	6	979	3	970	AA	156597at5125
1006	AA	6	184	0	184	AA	156601at5125
WARNING: No variant sites in partition 156601at5125
1007	AA	6	206	0	206	AA	156607at5125
WARNING: No variant sites in partition 156607at5125
1008	AA	6	1143	6	1127	AA	156648at5125
1009	AA	6	342	0	342	AA	156680at5125
WARNING: No variant sites in partition 156680at5125
1010	AA	6	413	0	413	AA	156754at5125
WARNING: No variant sites in partition 156754at5125
1011	AA	6	319	1	315	AA	156767at5125
1012	AA	6	685	0	685	AA	156795at5125
WARNING: No variant sites in partition 156795at5125
1013	AA	6	499	4	494	AA	156876at5125
1014	AA	6	624	2	621	AA	156919at5125
1015	AA	6	176	0	176	AA	157037at5125
WARNING: No variant sites in partition 157037at5125
1016	AA	6	204	2	201	AA	157079at5125
1017	AA	6	604	1	603	AA	157088at5125
1018	AA	6	187	0	187	AA	157125at5125
WARNING: No variant sites in partition 157125at5125
1019	AA	6	108	0	107	AA	157168at5125
WARNING: No parsimony-informative sites in partition 157168at5125
1020	AA	6	897	2	894	AA	157199at5125
1021	AA	6	536	2	532	AA	157200at5125
1022	AA	6	619	0	618	AA	157214at5125
WARNING: No parsimony-informative sites in partition 157214at5125
1023	AA	6	266	0	265	AA	157308at5125
WARNING: No parsimony-informative sites in partition 157308at5125
1024	AA	6	339	1	337	AA	157320at5125
1025	AA	6	200	1	196	AA	157326at5125
1026	AA	6	163	1	162	AA	157343at5125
1027	AA	6	403	5	396	AA	157348at5125
1028	AA	6	290	0	289	AA	157356at5125
WARNING: No parsimony-informative sites in partition 157356at5125
1029	AA	6	254	1	251	AA	157399at5125
1030	AA	6	616	0	613	AA	157425at5125
WARNING: No parsimony-informative sites in partition 157425at5125
1031	AA	6	439	1	437	AA	157510at5125
1032	AA	6	175	18	156	AA	157540at5125
1033	AA	6	396	1	393	AA	157566at5125
1034	AA	6	537	0	483	AA	157567at5125
WARNING: No parsimony-informative sites in partition 157567at5125
1035	AA	6	694	41	650	AA	157569at5125
1036	AA	6	976	1	970	AA	157586at5125
1037	AA	6	262	0	262	AA	157650at5125
WARNING: No variant sites in partition 157650at5125
1038	AA	6	318	5	301	AA	157655at5125
1039	AA	6	499	1	498	AA	157662at5125
1040	AA	6	924	8	914	AA	157705at5125
1041	AA	6	1162	6	1148	AA	157724at5125
1042	AA	6	643	4	615	AA	157969at5125
1043	AA	6	516	1	514	AA	158013at5125
1044	AA	6	3061	6	3050	AA	158038at5125
1045	AA	6	1012	2	1006	AA	158146at5125
1046	AA	6	318	1	317	AA	158150at5125
1047	AA	6	110	2	103	AA	158153at5125
1048	AA	6	209	1	199	AA	158169at5125
1049	AA	6	482	1	479	AA	158172at5125
1050	AA	6	119	0	119	AA	158184at5125
WARNING: No variant sites in partition 158184at5125
1051	AA	6	293	2	289	AA	158191at5125
1052	AA	6	499	2	493	AA	158279at5125
1053	AA	6	218	0	216	AA	158308at5125
WARNING: No parsimony-informative sites in partition 158308at5125
1054	AA	6	169	0	169	AA	158369at5125
WARNING: No variant sites in partition 158369at5125
1055	AA	6	262	0	258	AA	158376at5125
WARNING: No parsimony-informative sites in partition 158376at5125
1056	AA	6	472	0	472	AA	158397at5125
WARNING: No variant sites in partition 158397at5125
1057	AA	6	487	0	485	AA	158495at5125
WARNING: No parsimony-informative sites in partition 158495at5125
1058	AA	6	1236	1	1231	AA	158575at5125
1059	AA	6	755	2	749	AA	158635at5125
1060	AA	6	480	1	478	AA	158676at5125
1061	AA	6	556	0	555	AA	158696at5125
WARNING: No parsimony-informative sites in partition 158696at5125
1062	AA	6	1201	1	1186	AA	158729at5125
1063	AA	6	685	0	684	AA	158755at5125
WARNING: No parsimony-informative sites in partition 158755at5125
1064	AA	6	428	11	413	AA	158919at5125
1065	AA	6	2211	17	2188	AA	158971at5125
1066	AA	6	825	1	822	AA	159034at5125
1067	AA	6	506	3	497	AA	159074at5125
1068	AA	6	1052	6	1042	AA	159093at5125
1069	AA	6	459	1	458	AA	159129at5125
1070	AA	6	922	4	915	AA	159220at5125
1071	AA	6	1160	3	1153	AA	159240at5125
1072	AA	6	183	1	180	AA	159254at5125
1073	AA	6	313	2	311	AA	159413at5125
1074	AA	6	1170	3	1163	AA	159414at5125
1075	AA	6	635	0	634	AA	159419at5125
WARNING: No parsimony-informative sites in partition 159419at5125
1076	AA	6	959	5	944	AA	159434at5125
1077	AA	6	201	0	201	AA	159464at5125
WARNING: No variant sites in partition 159464at5125
1078	AA	6	471	0	471	AA	159568at5125
WARNING: No variant sites in partition 159568at5125
1079	AA	6	525	0	522	AA	159586at5125
WARNING: No parsimony-informative sites in partition 159586at5125
1080	AA	6	573	3	569	AA	159599at5125
1081	AA	6	208	0	208	AA	159608at5125
WARNING: No variant sites in partition 159608at5125
1082	AA	6	989	1	988	AA	159659at5125
1083	AA	6	340	0	340	AA	159675at5125
WARNING: No variant sites in partition 159675at5125
1084	AA	6	252	0	251	AA	159725at5125
WARNING: No parsimony-informative sites in partition 159725at5125
1085	AA	6	572	0	571	AA	159775at5125
WARNING: No parsimony-informative sites in partition 159775at5125
1086	AA	6	1780	2	1775	AA	159779at5125
1087	AA	6	1525	5	1512	AA	159795at5125
1088	AA	6	774	2	772	AA	159847at5125
1089	AA	6	479	1	473	AA	159849at5125
1090	AA	6	383	0	383	AA	159893at5125
WARNING: No variant sites in partition 159893at5125
1091	AA	6	940	5	928	AA	159947at5125
1092	AA	6	738	6	730	AA	159977at5125
1093	AA	6	781	3	776	AA	160054at5125
1094	AA	6	260	0	259	AA	160084at5125
WARNING: No parsimony-informative sites in partition 160084at5125
1095	AA	6	401	15	386	AA	160146at5125
1096	AA	6	578	0	572	AA	160150at5125
WARNING: No parsimony-informative sites in partition 160150at5125
1097	AA	6	188	3	185	AA	160252at5125
1098	AA	6	645	5	637	AA	160254at5125
1099	AA	6	362	0	361	AA	160288at5125
WARNING: No parsimony-informative sites in partition 160288at5125
1100	AA	6	388	1	383	AA	160311at5125
1101	AA	6	436	0	435	AA	160363at5125
WARNING: No parsimony-informative sites in partition 160363at5125
1102	AA	6	506	0	506	AA	160402at5125
WARNING: No variant sites in partition 160402at5125
1103	AA	6	346	0	346	AA	160416at5125
WARNING: No variant sites in partition 160416at5125
1104	AA	6	404	0	404	AA	160430at5125
WARNING: No variant sites in partition 160430at5125
1105	AA	6	224	0	224	AA	160481at5125
WARNING: No variant sites in partition 160481at5125
1106	AA	6	480	4	468	AA	160515at5125
1107	AA	6	787	4	776	AA	160549at5125
1108	AA	6	85	0	85	AA	160558at5125
WARNING: No variant sites in partition 160558at5125
1109	AA	6	774	5	762	AA	160590at5125
1110	AA	6	470	3	463	AA	160649at5125
1111	AA	6	2098	9	2076	AA	160656at5125
1112	AA	6	564	4	559	AA	160794at5125
1113	AA	6	672	3	666	AA	160829at5125
1114	AA	6	1039	1	1038	AA	160886at5125
1115	AA	6	943	6	926	AA	160944at5125
1116	AA	6	436	0	436	AA	160997at5125
WARNING: No variant sites in partition 160997at5125
1117	AA	6	538	0	537	AA	161002at5125
WARNING: No parsimony-informative sites in partition 161002at5125
1118	AA	6	837	0	835	AA	161011at5125
WARNING: No parsimony-informative sites in partition 161011at5125
1119	AA	6	538	1	533	AA	161030at5125
1120	AA	6	673	2	669	AA	161032at5125
1121	AA	6	579	39	539	AA	161067at5125
1122	AA	6	401	0	401	AA	161079at5125
WARNING: No variant sites in partition 161079at5125
1123	AA	6	162	0	162	AA	161093at5125
WARNING: No variant sites in partition 161093at5125
1124	AA	6	210	2	207	AA	161105at5125
1125	AA	6	1150	2	1143	AA	161125at5125
1126	AA	6	251	2	247	AA	161133at5125
1127	AA	6	814	4	804	AA	161150at5125
1128	AA	6	188	0	188	AA	161183at5125
WARNING: No variant sites in partition 161183at5125
1129	AA	6	612	0	606	AA	161216at5125
WARNING: No parsimony-informative sites in partition 161216at5125
1130	AA	6	311	0	310	AA	161227at5125
WARNING: No parsimony-informative sites in partition 161227at5125
1131	AA	6	534	0	534	AA	161246at5125
WARNING: No variant sites in partition 161246at5125
1132	AA	6	517	4	508	AA	161328at5125
1133	AA	6	759	1	744	AA	161391at5125
1134	AA	6	476	3	472	AA	161397at5125
1135	AA	6	796	2	790	AA	161429at5125
1136	AA	6	743	2	736	AA	161480at5125
1137	AA	6	821	1	816	AA	161490at5125
1138	AA	6	531	3	524	AA	161503at5125
1139	AA	6	509	0	509	AA	161523at5125
WARNING: No variant sites in partition 161523at5125
1140	AA	6	297	2	290	AA	161527at5125
1141	AA	6	323	0	323	AA	161531at5125
WARNING: No variant sites in partition 161531at5125
1142	AA	6	788	1	785	AA	161548at5125
1143	AA	6	748	0	745	AA	161642at5125
WARNING: No parsimony-informative sites in partition 161642at5125
1144	AA	6	529	0	529	AA	161710at5125
WARNING: No variant sites in partition 161710at5125
1145	AA	6	359	0	356	AA	161824at5125
WARNING: No parsimony-informative sites in partition 161824at5125
1146	AA	6	554	1	551	AA	161946at5125
1147	AA	6	498	0	496	AA	161951at5125
WARNING: No parsimony-informative sites in partition 161951at5125
1148	AA	6	832	13	814	AA	162051at5125
1149	AA	6	560	0	559	AA	162075at5125
WARNING: No parsimony-informative sites in partition 162075at5125
1150	AA	6	516	0	516	AA	162144at5125
WARNING: No variant sites in partition 162144at5125
1151	AA	6	458	0	458	AA	162201at5125
WARNING: No variant sites in partition 162201at5125
1152	AA	6	715	2	711	AA	162224at5125
1153	AA	6	547	4	538	AA	162236at5125
1154	AA	6	604	1	600	AA	162248at5125
1155	AA	6	354	0	354	AA	162354at5125
WARNING: No variant sites in partition 162354at5125
1156	AA	6	380	3	376	AA	162355at5125
1157	AA	6	1201	5	1191	AA	162375at5125
1158	AA	6	298	9	286	AA	162432at5125
1159	AA	6	481	2	478	AA	162479at5125
1160	AA	6	235	1	234	AA	162488at5125
1161	AA	6	747	0	746	AA	162501at5125
WARNING: No parsimony-informative sites in partition 162501at5125
1162	AA	6	452	0	450	AA	162504at5125
WARNING: No parsimony-informative sites in partition 162504at5125
1163	AA	6	755	9	735	AA	162562at5125
1164	AA	6	429	3	423	AA	162575at5125
1165	AA	6	552	0	552	AA	162618at5125
WARNING: No variant sites in partition 162618at5125
1166	AA	6	811	9	802	AA	162624at5125
1167	AA	6	1969	2	1960	AA	162678at5125
1168	AA	6	1161	9	1149	AA	162679at5125
1169	AA	6	620	1	616	AA	162696at5125
1170	AA	6	485	0	482	AA	162702at5125
WARNING: No parsimony-informative sites in partition 162702at5125
1171	AA	6	1380	7	1364	AA	162724at5125
1172	AA	6	616	4	610	AA	162765at5125
1173	AA	6	928	2	925	AA	162780at5125
1174	AA	6	231	2	226	AA	162790at5125
1175	AA	6	1359	43	1307	AA	162796at5125
1176	AA	6	791	3	780	AA	16289at5125
1177	AA	6	918	3	902	AA	162917at5125
1178	AA	6	1158	3	1152	AA	163016at5125
1179	AA	6	1015	2	1009	AA	163041at5125
1180	AA	6	388	3	384	AA	163068at5125
1181	AA	6	481	0	480	AA	163085at5125
WARNING: No parsimony-informative sites in partition 163085at5125
1182	AA	6	323	0	323	AA	163087at5125
WARNING: No variant sites in partition 163087at5125
1183	AA	6	643	4	637	AA	163259at5125
1184	AA	6	962	3	954	AA	163274at5125
1185	AA	6	787	4	783	AA	163287at5125
1186	AA	6	1781	2	1777	AA	163290at5125
1187	AA	6	424	0	423	AA	163311at5125
WARNING: No parsimony-informative sites in partition 163311at5125
1188	AA	6	493	21	467	AA	163351at5125
1189	AA	6	456	0	451	AA	163352at5125
WARNING: No parsimony-informative sites in partition 163352at5125
1190	AA	6	146	1	145	AA	163395at5125
1191	AA	6	493	4	488	AA	163439at5125
1192	AA	6	1855	0	1852	AA	163469at5125
WARNING: No parsimony-informative sites in partition 163469at5125
1193	AA	6	635	4	579	AA	163474at5125
1194	AA	6	261	0	261	AA	16347at5125
WARNING: No variant sites in partition 16347at5125
1195	AA	6	155	2	153	AA	163535at5125
1196	AA	6	1075	1	995	AA	163602at5125
1197	AA	6	612	0	612	AA	163631at5125
WARNING: No variant sites in partition 163631at5125
1198	AA	6	345	4	341	AA	163663at5125
1199	AA	6	621	2	614	AA	163684at5125
1200	AA	6	599	2	595	AA	163789at5125
1201	AA	6	752	1	741	AA	163803at5125
1202	AA	6	573	4	566	AA	163818at5125
1203	AA	6	310	0	310	AA	163824at5125
WARNING: No variant sites in partition 163824at5125
1204	AA	6	493	0	492	AA	163848at5125
WARNING: No parsimony-informative sites in partition 163848at5125
1205	AA	6	552	6	544	AA	163863at5125
1206	AA	6	492	3	477	AA	164029at5125
1207	AA	6	336	0	335	AA	164031at5125
WARNING: No parsimony-informative sites in partition 164031at5125
1208	AA	6	539	0	539	AA	164071at5125
WARNING: No variant sites in partition 164071at5125
1209	AA	6	696	0	696	AA	164119at5125
WARNING: No variant sites in partition 164119at5125
1210	AA	6	343	1	338	AA	164130at5125
1211	AA	6	1486	6	1475	AA	164134at5125
1212	AA	6	474	2	469	AA	164188at5125
1213	AA	6	674	1	671	AA	164199at5125
1214	AA	6	675	0	675	AA	164200at5125
WARNING: No variant sites in partition 164200at5125
1215	AA	6	1682	20	1653	AA	164218at5125
1216	AA	6	584	0	584	AA	164221at5125
WARNING: No variant sites in partition 164221at5125
1217	AA	6	443	2	438	AA	164226at5125
1218	AA	6	2108	8	2080	AA	164238at5125
1219	AA	6	548	2	545	AA	164296at5125
1220	AA	6	497	0	491	AA	164437at5125
WARNING: No parsimony-informative sites in partition 164437at5125
1221	AA	6	1030	2	1025	AA	164522at5125
1222	AA	6	335	5	323	AA	164556at5125
1223	AA	6	339	1	330	AA	164705at5125
1224	AA	6	1215	1	1214	AA	164715at5125
1225	AA	6	1056	2	1049	AA	164835at5125
1226	AA	6	657	0	657	AA	164881at5125
WARNING: No variant sites in partition 164881at5125
1227	AA	6	962	6	946	AA	164904at5125
1228	AA	6	483	2	481	AA	164914at5125
1229	AA	6	215	0	214	AA	164921at5125
WARNING: No parsimony-informative sites in partition 164921at5125
1230	AA	6	724	3	718	AA	164922at5125
1231	AA	6	382	0	381	AA	164929at5125
WARNING: No parsimony-informative sites in partition 164929at5125
1232	AA	6	256	1	255	AA	164949at5125
1233	AA	6	463	0	462	AA	164952at5125
WARNING: No parsimony-informative sites in partition 164952at5125
1234	AA	6	574	2	571	AA	164959at5125
1235	AA	6	478	3	470	AA	164965at5125
1236	AA	6	448	0	448	AA	165013at5125
WARNING: No variant sites in partition 165013at5125
1237	AA	6	380	1	378	AA	165014at5125
1238	AA	6	307	0	305	AA	165064at5125
WARNING: No parsimony-informative sites in partition 165064at5125
1239	AA	6	883	0	880	AA	165113at5125
WARNING: No parsimony-informative sites in partition 165113at5125
1240	AA	6	431	0	429	AA	165144at5125
WARNING: No parsimony-informative sites in partition 165144at5125
1241	AA	6	732	2	724	AA	165187at5125
1242	AA	6	152	0	152	AA	165211at5125
WARNING: No variant sites in partition 165211at5125
1243	AA	6	691	3	687	AA	165230at5125
1244	AA	6	367	0	365	AA	165246at5125
WARNING: No parsimony-informative sites in partition 165246at5125
1245	AA	6	279	1	277	AA	165247at5125
1246	AA	6	420	0	420	AA	165282at5125
WARNING: No variant sites in partition 165282at5125
1247	AA	6	153	0	153	AA	165325at5125
WARNING: No variant sites in partition 165325at5125
1248	AA	6	662	0	659	AA	165342at5125
WARNING: No parsimony-informative sites in partition 165342at5125
1249	AA	6	1451	2	1446	AA	165431at5125
1250	AA	6	432	1	428	AA	165485at5125
1251	AA	6	400	2	397	AA	165493at5125
1252	AA	6	471	0	470	AA	165595at5125
WARNING: No parsimony-informative sites in partition 165595at5125
1253	AA	6	395	0	395	AA	165599at5125
WARNING: No variant sites in partition 165599at5125
1254	AA	6	739	5	725	AA	165659at5125
1255	AA	6	466	0	464	AA	165660at5125
WARNING: No parsimony-informative sites in partition 165660at5125
1256	AA	6	549	0	548	AA	165698at5125
WARNING: No parsimony-informative sites in partition 165698at5125
1257	AA	6	680	4	673	AA	165703at5125
1258	AA	6	1272	4	1267	AA	165709at5125
1259	AA	6	1622	5	1603	AA	165768at5125
1260	AA	6	521	2	517	AA	165808at5125
1261	AA	6	171	2	168	AA	165862at5125
1262	AA	6	303	1	301	AA	165878at5125
1263	AA	6	827	16	799	AA	165916at5125
1264	AA	6	1511	4	1499	AA	165951at5125
1265	AA	6	461	3	455	AA	165969at5125
1266	AA	6	1214	3	1206	AA	165977at5125
1267	AA	6	1243	5	1225	AA	165983at5125
1268	AA	6	772	2	765	AA	166182at5125
1269	AA	6	743	1	738	AA	166209at5125
1270	AA	6	296	1	294	AA	166238at5125
1271	AA	6	486	1	484	AA	166245at5125
1272	AA	6	422	1	421	AA	166248at5125
1273	AA	6	237	0	236	AA	166250at5125
WARNING: No parsimony-informative sites in partition 166250at5125
1274	AA	6	1046	4	1039	AA	166288at5125
1275	AA	6	243	2	240	AA	166322at5125
1276	AA	6	700	4	694	AA	166371at5125
1277	AA	6	804	1	798	AA	166384at5125
1278	AA	6	313	2	306	AA	166414at5125
1279	AA	6	716	2	712	AA	166423at5125
1280	AA	6	444	0	442	AA	166485at5125
WARNING: No parsimony-informative sites in partition 166485at5125
1281	AA	6	1133	9	1119	AA	166533at5125
1282	AA	6	336	1	330	AA	166537at5125
1283	AA	6	246	0	245	AA	166549at5125
WARNING: No parsimony-informative sites in partition 166549at5125
1284	AA	6	463	1	460	AA	166587at5125
1285	AA	6	323	0	323	AA	166628at5125
WARNING: No variant sites in partition 166628at5125
1286	AA	6	622	0	618	AA	166753at5125
WARNING: No parsimony-informative sites in partition 166753at5125
1287	AA	6	125	0	124	AA	166761at5125
WARNING: No parsimony-informative sites in partition 166761at5125
1288	AA	6	879	1	876	AA	166762at5125
1289	AA	6	409	0	407	AA	166766at5125
WARNING: No parsimony-informative sites in partition 166766at5125
1290	AA	6	1774	1	1770	AA	166798at5125
1291	AA	6	158	0	158	AA	1667at5125
WARNING: No variant sites in partition 1667at5125
1292	AA	6	370	3	365	AA	166802at5125
1293	AA	6	1569	6	1546	AA	166815at5125
1294	AA	6	3204	5	3190	AA	166819at5125
1295	AA	6	319	0	319	AA	166847at5125
WARNING: No variant sites in partition 166847at5125
1296	AA	6	778	6	767	AA	166969at5125
1297	AA	6	329	3	325	AA	166980at5125
1298	AA	6	839	2	833	AA	166982at5125
1299	AA	6	495	0	495	AA	167022at5125
WARNING: No variant sites in partition 167022at5125
1300	AA	6	343	1	334	AA	167056at5125
1301	AA	6	629	1	625	AA	167093at5125
1302	AA	6	1359	1	1353	AA	167122at5125
1303	AA	6	346	3	340	AA	167188at5125
1304	AA	6	649	2	647	AA	167197at5125
1305	AA	6	221	0	221	AA	167295at5125
WARNING: No variant sites in partition 167295at5125
1306	AA	6	350	1	349	AA	167343at5125
1307	AA	6	455	24	429	AA	167364at5125
1308	AA	6	923	2	916	AA	167407at5125
1309	AA	6	637	0	635	AA	167423at5125
WARNING: No parsimony-informative sites in partition 167423at5125
1310	AA	6	384	0	383	AA	167438at5125
WARNING: No parsimony-informative sites in partition 167438at5125
1311	AA	6	1844	5	1820	AA	167458at5125
1312	AA	6	2548	9	2531	AA	167468at5125
1313	AA	6	936	2	931	AA	167501at5125
1314	AA	6	658	3	652	AA	167575at5125
1315	AA	6	1751	35	1698	AA	167616at5125
1316	AA	6	698	0	697	AA	167635at5125
WARNING: No parsimony-informative sites in partition 167635at5125
1317	AA	6	1451	9	1434	AA	167651at5125
1318	AA	6	735	5	714	AA	167682at5125
1319	AA	6	532	1	531	AA	167715at5125
1320	AA	6	864	0	861	AA	167742at5125
WARNING: No parsimony-informative sites in partition 167742at5125
1321	AA	6	1505	1	1504	AA	167802at5125
1322	AA	6	504	4	498	AA	167858at5125
1323	AA	6	840	5	827	AA	167865at5125
1324	AA	6	885	3	881	AA	167888at5125
1325	AA	6	615	4	608	AA	167949at5125
1326	AA	6	580	2	571	AA	16795at5125
1327	AA	6	796	5	789	AA	168018at5125
1328	AA	6	512	5	501	AA	168073at5125
1329	AA	6	966	8	953	AA	168120at5125
1330	AA	6	273	1	270	AA	168133at5125
1331	AA	6	864	3	850	AA	168155at5125
1332	AA	6	1197	2	1189	AA	168213at5125
1333	AA	6	1213	6	1206	AA	168222at5125
1334	AA	6	1349	6	1333	AA	168224at5125
1335	AA	6	311	0	310	AA	168254at5125
WARNING: No parsimony-informative sites in partition 168254at5125
1336	AA	6	274	1	271	AA	168294at5125
1337	AA	6	240	0	238	AA	168384at5125
WARNING: No parsimony-informative sites in partition 168384at5125
1338	AA	6	2881	3	2868	AA	168410at5125
1339	AA	6	965	5	946	AA	168429at5125
1340	AA	6	306	0	304	AA	168442at5125
WARNING: No parsimony-informative sites in partition 168442at5125
1341	AA	6	697	3	691	AA	168447at5125
1342	AA	6	652	3	648	AA	168579at5125
1343	AA	6	541	1	539	AA	168616at5125
1344	AA	6	1032	0	1030	AA	168621at5125
WARNING: No parsimony-informative sites in partition 168621at5125
1345	AA	6	136	0	136	AA	168688at5125
WARNING: No variant sites in partition 168688at5125
1346	AA	6	617	2	615	AA	168712at5125
1347	AA	6	1314	3	1309	AA	168749at5125
1348	AA	6	1212	13	1178	AA	168782at5125
1349	AA	6	1079	3	1072	AA	168804at5125
1350	AA	6	324	0	324	AA	168819at5125
WARNING: No variant sites in partition 168819at5125
1351	AA	6	1536	4	1521	AA	168857at5125
1352	AA	6	273	0	273	AA	168897at5125
WARNING: No variant sites in partition 168897at5125
1353	AA	6	758	0	758	AA	168910at5125
WARNING: No variant sites in partition 168910at5125
1354	AA	6	416	0	416	AA	168983at5125
WARNING: No variant sites in partition 168983at5125
1355	AA	6	216	0	216	AA	168990at5125
WARNING: No variant sites in partition 168990at5125
1356	AA	6	663	13	645	AA	169002at5125
1357	AA	6	473	0	473	AA	169162at5125
WARNING: No variant sites in partition 169162at5125
1358	AA	6	177	1	176	AA	169205at5125
1359	AA	6	122	0	122	AA	169207at5125
WARNING: No variant sites in partition 169207at5125
1360	AA	6	566	1	563	AA	169282at5125
1361	AA	6	249	0	249	AA	169411at5125
WARNING: No variant sites in partition 169411at5125
1362	AA	6	903	8	893	AA	169418at5125
1363	AA	6	263	0	262	AA	169465at5125
WARNING: No parsimony-informative sites in partition 169465at5125
1364	AA	6	278	1	277	AA	169475at5125
1365	AA	6	538	6	526	AA	169487at5125
1366	AA	6	644	0	639	AA	169530at5125
WARNING: No parsimony-informative sites in partition 169530at5125
1367	AA	6	1139	4	1125	AA	169582at5125
1368	AA	6	285	0	283	AA	169629at5125
WARNING: No parsimony-informative sites in partition 169629at5125
1369	AA	6	503	1	500	AA	169669at5125
1370	AA	6	743	3	737	AA	169678at5125
1371	AA	6	370	0	367	AA	169680at5125
WARNING: No parsimony-informative sites in partition 169680at5125
1372	AA	6	266	0	265	AA	169685at5125
WARNING: No parsimony-informative sites in partition 169685at5125
1373	AA	6	668	1	666	AA	169723at5125
1374	AA	6	1119	0	1087	AA	169814at5125
WARNING: No parsimony-informative sites in partition 169814at5125
1375	AA	6	701	5	693	AA	169905at5125
1376	AA	6	395	1	391	AA	169970at5125
1377	AA	6	582	0	579	AA	169976at5125
WARNING: No parsimony-informative sites in partition 169976at5125
1378	AA	6	3878	4	3859	AA	169978at5125
1379	AA	6	1387	2	1378	AA	169985at5125
1380	AA	6	439	1	437	AA	170037at5125
1381	AA	6	352	0	352	AA	170050at5125
WARNING: No variant sites in partition 170050at5125
1382	AA	6	1598	57	1528	AA	170089at5125
1383	AA	6	441	11	413	AA	170120at5125
1384	AA	6	638	2	633	AA	170121at5125
1385	AA	6	969	3	958	AA	170131at5125
1386	AA	6	908	1	905	AA	170132at5125
1387	AA	6	2070	10	2051	AA	170143at5125
1388	AA	6	225	1	224	AA	170147at5125
1389	AA	6	2881	7	2838	AA	170149at5125
1390	AA	6	1056	4	1045	AA	170199at5125
1391	AA	6	924	0	923	AA	170211at5125
WARNING: No parsimony-informative sites in partition 170211at5125
1392	AA	6	1211	2	1205	AA	170226at5125
1393	AA	6	653	2	646	AA	170249at5125
1394	AA	6	784	0	783	AA	170297at5125
WARNING: No parsimony-informative sites in partition 170297at5125
1395	AA	6	1421	1	1417	AA	170366at5125
1396	AA	6	1321	6	1309	AA	170372at5125
1397	AA	6	598	3	588	AA	170435at5125
1398	AA	6	1023	6	1005	AA	170488at5125
1399	AA	6	545	2	508	AA	170530at5125
1400	AA	6	1123	24	1097	AA	170560at5125
1401	AA	6	516	8	505	AA	170573at5125
1402	AA	6	446	4	440	AA	170581at5125
1403	AA	6	362	2	360	AA	170594at5125
1404	AA	6	729	1	716	AA	170607at5125
1405	AA	6	735	3	732	AA	170630at5125
1406	AA	6	126	1	123	AA	170639at5125
1407	AA	6	310	0	310	AA	170661at5125
WARNING: No variant sites in partition 170661at5125
1408	AA	6	346	1	345	AA	170683at5125
1409	AA	6	346	1	345	AA	170704at5125
1410	AA	6	869	5	850	AA	170726at5125
1411	AA	6	772	0	770	AA	170742at5125
WARNING: No parsimony-informative sites in partition 170742at5125
1412	AA	6	1039	0	973	AA	170827at5125
WARNING: No parsimony-informative sites in partition 170827at5125
1413	AA	6	491	2	489	AA	170842at5125
1414	AA	6	484	2	479	AA	170843at5125
1415	AA	6	633	1	629	AA	170867at5125
1416	AA	6	1782	3	1766	AA	170879at5125
1417	AA	6	650	3	640	AA	170909at5125
1418	AA	6	428	5	420	AA	170956at5125
1419	AA	6	1500	22	1455	AA	170967at5125
1420	AA	6	822	3	818	AA	170975at5125
1421	AA	6	816	6	782	AA	171001at5125
1422	AA	6	503	0	500	AA	171040at5125
WARNING: No parsimony-informative sites in partition 171040at5125
1423	AA	6	660	4	651	AA	171080at5125
1424	AA	6	385	4	377	AA	171105at5125
1425	AA	6	2484	12	2457	AA	171114at5125
1426	AA	6	185	1	184	AA	171217at5125
1427	AA	6	491	2	489	AA	171222at5125
1428	AA	6	522	1	519	AA	171237at5125
1429	AA	6	1053	20	992	AA	171239at5125
1430	AA	6	456	1	453	AA	171242at5125
1431	AA	6	610	0	609	AA	171267at5125
WARNING: No parsimony-informative sites in partition 171267at5125
1432	AA	6	637	7	624	AA	171303at5125
1433	AA	6	596	1	593	AA	171324at5125
1434	AA	6	982	2	977	AA	171343at5125
1435	AA	6	206	0	205	AA	171374at5125
WARNING: No parsimony-informative sites in partition 171374at5125
1436	AA	6	255	2	252	AA	171431at5125
1437	AA	6	736	5	725	AA	171475at5125
1438	AA	6	361	1	360	AA	171538at5125
1439	AA	6	1012	9	1002	AA	171553at5125
1440	AA	6	496	4	488	AA	171555at5125
1441	AA	6	693	2	689	AA	171556at5125
1442	AA	6	499	0	499	AA	171558at5125
WARNING: No variant sites in partition 171558at5125
1443	AA	6	1157	6	1142	AA	171567at5125
1444	AA	6	741	6	722	AA	171602at5125
1445	AA	6	766	1	762	AA	171619at5125
1446	AA	6	304	2	301	AA	171648at5125
1447	AA	6	378	1	376	AA	171651at5125
1448	AA	6	344	1	341	AA	171676at5125
1449	AA	6	1447	4	1433	AA	171683at5125
1450	AA	6	224	3	218	AA	171700at5125
1451	AA	6	417	0	417	AA	171763at5125
WARNING: No variant sites in partition 171763at5125
1452	AA	6	399	1	359	AA	171815at5125
1453	AA	6	966	4	949	AA	171887at5125
1454	AA	6	897	1	893	AA	171971at5125
1455	AA	6	1057	2	1051	AA	171989at5125
1456	AA	6	1126	4	1107	AA	172016at5125
1457	AA	6	284	1	281	AA	172037at5125
1458	AA	6	1024	1	1017	AA	172069at5125
1459	AA	6	148	0	143	AA	172099at5125
WARNING: No parsimony-informative sites in partition 172099at5125
1460	AA	6	903	15	877	AA	172153at5125
1461	AA	6	574	3	569	AA	172166at5125
1462	AA	6	748	44	699	AA	172183at5125
1463	AA	6	408	1	407	AA	172219at5125
1464	AA	6	358	0	356	AA	172250at5125
WARNING: No parsimony-informative sites in partition 172250at5125
1465	AA	6	615	7	581	AA	172292at5125
1466	AA	6	703	4	695	AA	172332at5125
1467	AA	6	327	1	326	AA	172371at5125
1468	AA	6	211	0	211	AA	172379at5125
WARNING: No variant sites in partition 172379at5125
1469	AA	6	638	1	636	AA	172393at5125
1470	AA	6	814	1	812	AA	172395at5125
1471	AA	6	767	0	765	AA	172407at5125
WARNING: No parsimony-informative sites in partition 172407at5125
1472	AA	6	310	4	305	AA	172443at5125
1473	AA	6	322	1	321	AA	172445at5125
1474	AA	6	200	1	197	AA	172478at5125
1475	AA	6	562	4	553	AA	172493at5125
1476	AA	6	501	1	499	AA	172496at5125
1477	AA	6	521	0	521	AA	172525at5125
WARNING: No variant sites in partition 172525at5125
1478	AA	6	1592	3	1587	AA	172569at5125
1479	AA	6	1214	1	1205	AA	172585at5125
1480	AA	6	648	2	643	AA	172616at5125
1481	AA	6	1133	6	1119	AA	172619at5125
1482	AA	6	430	0	429	AA	172679at5125
WARNING: No parsimony-informative sites in partition 172679at5125
1483	AA	6	336	7	325	AA	172680at5125
1484	AA	6	381	1	377	AA	172691at5125
1485	AA	6	1455	2	1447	AA	172728at5125
1486	AA	6	813	0	791	AA	172742at5125
WARNING: No parsimony-informative sites in partition 172742at5125
1487	AA	6	548	0	547	AA	172757at5125
WARNING: No parsimony-informative sites in partition 172757at5125
1488	AA	6	1520	9	1505	AA	172843at5125
1489	AA	6	897	0	897	AA	172848at5125
WARNING: No variant sites in partition 172848at5125
1490	AA	6	423	3	414	AA	172851at5125
1491	AA	6	475	0	475	AA	172878at5125
WARNING: No variant sites in partition 172878at5125
1492	AA	6	1930	4	1883	AA	172891at5125
1493	AA	6	191	0	191	AA	172896at5125
WARNING: No variant sites in partition 172896at5125
1494	AA	6	290	0	290	AA	172946at5125
WARNING: No variant sites in partition 172946at5125
1495	AA	6	585	3	577	AA	172978at5125
1496	AA	6	245	3	241	AA	172981at5125
1497	AA	6	375	5	366	AA	173042at5125
1498	AA	6	434	3	430	AA	173046at5125
1499	AA	6	529	2	524	AA	173074at5125
1500	AA	6	1149	0	1146	AA	173080at5125
WARNING: No parsimony-informative sites in partition 173080at5125
1501	AA	6	431	4	425	AA	173197at5125
1502	AA	6	425	2	421	AA	173242at5125
1503	AA	6	396	1	391	AA	17326at5125
1504	AA	6	641	2	638	AA	173277at5125
1505	AA	6	1078	3	1072	AA	173307at5125
1506	AA	6	979	4	944	AA	173315at5125
1507	AA	6	170	0	170	AA	173335at5125
WARNING: No variant sites in partition 173335at5125
1508	AA	6	463	2	459	AA	173344at5125
1509	AA	6	695	20	674	AA	173363at5125
1510	AA	6	331	0	326	AA	173373at5125
WARNING: No parsimony-informative sites in partition 173373at5125
1511	AA	6	273	3	270	AA	173416at5125
1512	AA	6	1083	6	1065	AA	173430at5125
1513	AA	6	1224	5	1213	AA	173436at5125
1514	AA	6	213	1	212	AA	173461at5125
1515	AA	6	414	2	409	AA	173466at5125
1516	AA	6	906	9	891	AA	173487at5125
1517	AA	6	954	4	947	AA	173562at5125
1518	AA	6	614	3	610	AA	173587at5125
1519	AA	6	1352	5	1340	AA	173599at5125
1520	AA	6	708	1	704	AA	173613at5125
1521	AA	6	647	4	641	AA	173625at5125
1522	AA	6	316	1	313	AA	173636at5125
1523	AA	6	769	1	767	AA	173688at5125
1524	AA	6	251	3	245	AA	173731at5125
1525	AA	6	337	5	325	AA	173737at5125
1526	AA	6	317	2	313	AA	173785at5125
1527	AA	6	523	2	521	AA	173794at5125
1528	AA	6	620	0	620	AA	173817at5125
WARNING: No variant sites in partition 173817at5125
1529	AA	6	723	0	717	AA	173819at5125
WARNING: No parsimony-informative sites in partition 173819at5125
1530	AA	6	229	3	224	AA	173843at5125
1531	AA	6	631	2	625	AA	173863at5125
1532	AA	6	485	1	483	AA	173880at5125
1533	AA	6	1610	1	1577	AA	173888at5125
1534	AA	6	619	10	606	AA	173893at5125
1535	AA	6	516	1	514	AA	173896at5125
1536	AA	6	656	5	647	AA	173898at5125
1537	AA	6	268	0	268	AA	173929at5125
WARNING: No variant sites in partition 173929at5125
1538	AA	6	518	2	514	AA	173947at5125
1539	AA	6	849	3	840	AA	173960at5125
1540	AA	6	349	0	349	AA	173964at5125
WARNING: No variant sites in partition 173964at5125
1541	AA	6	150	1	148	AA	173992at5125
1542	AA	6	263	0	261	AA	174000at5125
WARNING: No parsimony-informative sites in partition 174000at5125
1543	AA	6	480	3	474	AA	174012at5125
1544	AA	6	700	0	700	AA	174046at5125
WARNING: No variant sites in partition 174046at5125
1545	AA	6	2956	25	2916	AA	174060at5125
1546	AA	6	588	2	586	AA	174062at5125
1547	AA	6	1517	18	1484	AA	174106at5125
1548	AA	6	187	0	187	AA	174130at5125
WARNING: No variant sites in partition 174130at5125
1549	AA	6	496	35	460	AA	174131at5125
1550	AA	6	175	2	171	AA	174146at5125
1551	AA	6	370	3	364	AA	174148at5125
1552	AA	6	943	2	939	AA	174261at5125
1553	AA	6	408	3	403	AA	174291at5125
1554	AA	6	567	2	560	AA	174305at5125
1555	AA	6	549	1	545	AA	174321at5125
1556	AA	6	764	3	744	AA	174344at5125
1557	AA	6	596	0	596	AA	174382at5125
WARNING: No variant sites in partition 174382at5125
1558	AA	6	801	3	797	AA	174415at5125
1559	AA	6	714	19	689	AA	174421at5125
1560	AA	6	1336	5	1320	AA	174457at5125
1561	AA	6	847	4	842	AA	174527at5125
1562	AA	6	302	0	302	AA	174539at5125
WARNING: No variant sites in partition 174539at5125
1563	AA	6	254	1	251	AA	174550at5125
1564	AA	6	272	0	272	AA	174557at5125
WARNING: No variant sites in partition 174557at5125
1565	AA	6	548	2	543	AA	174559at5125
1566	AA	6	809	0	805	AA	174576at5125
WARNING: No parsimony-informative sites in partition 174576at5125
1567	AA	6	504	3	499	AA	174678at5125
1568	AA	6	885	9	863	AA	174696at5125
1569	AA	6	1006	9	990	AA	174700at5125
1570	AA	6	689	4	679	AA	174722at5125
1571	AA	6	559	0	557	AA	174745at5125
WARNING: No parsimony-informative sites in partition 174745at5125
1572	AA	6	267	2	254	AA	174774at5125
1573	AA	6	740	0	738	AA	174795at5125
WARNING: No parsimony-informative sites in partition 174795at5125
1574	AA	6	282	1	281	AA	174806at5125
1575	AA	6	734	4	727	AA	174815at5125
1576	AA	6	254	2	251	AA	174883at5125
1577	AA	6	919	7	906	AA	174884at5125
1578	AA	6	237	0	237	AA	174963at5125
WARNING: No variant sites in partition 174963at5125
1579	AA	6	319	3	312	AA	175003at5125
1580	AA	6	405	0	372	AA	175062at5125
WARNING: No parsimony-informative sites in partition 175062at5125
1581	AA	6	2494	44	2429	AA	175064at5125
1582	AA	6	521	1	519	AA	175088at5125
1583	AA	6	1172	9	1140	AA	175093at5125
1584	AA	6	582	5	576	AA	175097at5125
1585	AA	6	479	0	478	AA	175136at5125
WARNING: No parsimony-informative sites in partition 175136at5125
1586	AA	6	516	6	507	AA	175161at5125
1587	AA	6	395	1	387	AA	175175at5125
1588	AA	6	1106	6	1093	AA	175206at5125
1589	AA	6	907	2	904	AA	175215at5125
1590	AA	6	1483	1	1472	AA	175228at5125
1591	AA	6	723	2	720	AA	17522at5125
1592	AA	6	332	3	328	AA	175253at5125
1593	AA	6	73	0	73	AA	175267at5125
WARNING: No variant sites in partition 175267at5125
1594	AA	6	1165	3	1161	AA	175320at5125
1595	AA	6	946	34	898	AA	175352at5125
1596	AA	6	322	1	313	AA	175362at5125
1597	AA	6	114	0	114	AA	175370at5125
WARNING: No variant sites in partition 175370at5125
1598	AA	6	338	3	334	AA	175381at5125
1599	AA	6	436	0	435	AA	175414at5125
WARNING: No parsimony-informative sites in partition 175414at5125
1600	AA	6	256	0	256	AA	175417at5125
WARNING: No variant sites in partition 175417at5125
1601	AA	6	781	5	771	AA	175475at5125
1602	AA	6	440	0	440	AA	175492at5125
WARNING: No variant sites in partition 175492at5125
1603	AA	6	947	3	939	AA	175516at5125
1604	AA	6	229	0	228	AA	175525at5125
WARNING: No parsimony-informative sites in partition 175525at5125
1605	AA	6	1422	3	1407	AA	175600at5125
1606	AA	6	1681	13	1651	AA	175610at5125
1607	AA	6	1458	5	1447	AA	175651at5125
1608	AA	6	396	1	392	AA	175726at5125
1609	AA	6	712	3	702	AA	175737at5125
1610	AA	6	344	0	343	AA	175785at5125
WARNING: No parsimony-informative sites in partition 175785at5125
1611	AA	6	646	2	640	AA	175786at5125
1612	AA	6	1212	12	1192	AA	175799at5125
1613	AA	6	716	2	710	AA	175802at5125
1614	AA	6	1159	3	1148	AA	175820at5125
1615	AA	6	1040	3	1008	AA	175828at5125
1616	AA	6	1198	0	1186	AA	175857at5125
WARNING: No parsimony-informative sites in partition 175857at5125
1617	AA	6	177	0	166	AA	175878at5125
WARNING: No parsimony-informative sites in partition 175878at5125
1618	AA	6	1332	4	1325	AA	175921at5125
1619	AA	6	672	12	647	AA	175922at5125
1620	AA	6	723	1	721	AA	175924at5125
1621	AA	6	301	2	299	AA	175946at5125
1622	AA	6	565	4	558	AA	175948at5125
1623	AA	6	658	3	653	AA	175949at5125
1624	AA	6	816	10	793	AA	175985at5125
1625	AA	6	368	1	365	AA	175987at5125
1626	AA	6	1172	3	1164	AA	176029at5125
1627	AA	6	656	4	646	AA	176038at5125
1628	AA	6	195	3	190	AA	176054at5125
1629	AA	6	415	3	406	AA	176071at5125
1630	AA	6	973	2	969	AA	176156at5125
1631	AA	6	219	1	217	AA	176172at5125
1632	AA	6	72	1	71	AA	176182at5125
1633	AA	6	790	3	778	AA	176249at5125
1634	AA	6	1276	3	1263	AA	176258at5125
1635	AA	6	820	3	813	AA	176259at5125
1636	AA	6	514	2	509	AA	176272at5125
1637	AA	6	881	1	851	AA	176307at5125
1638	AA	6	161	0	161	AA	176311at5125
WARNING: No variant sites in partition 176311at5125
1639	AA	6	195	0	185	AA	176322at5125
WARNING: No parsimony-informative sites in partition 176322at5125
1640	AA	6	737	3	731	AA	176443at5125
1641	AA	6	723	3	713	AA	176471at5125
1642	AA	6	306	8	297	AA	176491at5125
1643	AA	6	2185	6	2161	AA	176503at5125
1644	AA	6	445	2	441	AA	176507at5125
1645	AA	6	177	0	174	AA	176520at5125
WARNING: No parsimony-informative sites in partition 176520at5125
1646	AA	6	504	6	490	AA	176523at5125
1647	AA	6	766	56	696	AA	176599at5125
1648	AA	6	917	6	903	AA	176646at5125
1649	AA	6	1005	7	989	AA	176713at5125
1650	AA	6	369	1	362	AA	176723at5125
1651	AA	6	454	0	453	AA	176741at5125
WARNING: No parsimony-informative sites in partition 176741at5125
1652	AA	6	1904	15	1881	AA	176762at5125
1653	AA	6	777	10	761	AA	176785at5125
1654	AA	6	288	0	283	AA	176788at5125
WARNING: No parsimony-informative sites in partition 176788at5125
1655	AA	6	689	4	677	AA	176799at5125
1656	AA	6	435	1	434	AA	17680at5125
1657	AA	6	1100	9	1080	AA	176811at5125
1658	AA	6	504	3	495	AA	176871at5125
1659	AA	6	742	0	739	AA	176904at5125
WARNING: No parsimony-informative sites in partition 176904at5125
1660	AA	6	210	2	202	AA	176948at5125
1661	AA	6	180	1	175	AA	176961at5125
1662	AA	6	860	1	856	AA	176993at5125
1663	AA	6	161	0	160	AA	177036at5125
WARNING: No parsimony-informative sites in partition 177036at5125
1664	AA	6	901	5	888	AA	177039at5125
1665	AA	6	629	4	618	AA	177122at5125
1666	AA	6	610	48	561	AA	177147at5125
1667	AA	6	230	0	230	AA	177183at5125
WARNING: No variant sites in partition 177183at5125
1668	AA	6	331	3	323	AA	177189at5125
1669	AA	6	318	1	313	AA	177222at5125
1670	AA	6	201	1	199	AA	177230at5125
1671	AA	6	1089	17	1068	AA	177231at5125
1672	AA	6	487	5	475	AA	177232at5125
1673	AA	6	303	2	297	AA	177241at5125
1674	AA	6	447	5	413	AA	177259at5125
1675	AA	6	293	0	290	AA	177278at5125
WARNING: No parsimony-informative sites in partition 177278at5125
1676	AA	6	567	3	562	AA	177290at5125
1677	AA	6	939	2	933	AA	177342at5125
1678	AA	6	738	4	730	AA	177353at5125
1679	AA	6	612	2	609	AA	177371at5125
1680	AA	6	737	3	734	AA	177415at5125
1681	AA	6	691	4	682	AA	177426at5125
1682	AA	6	908	4	899	AA	177444at5125
1683	AA	6	1380	4	1373	AA	177455at5125
1684	AA	6	687	3	683	AA	177457at5125
1685	AA	6	471	0	469	AA	177544at5125
WARNING: No parsimony-informative sites in partition 177544at5125
1686	AA	6	448	0	444	AA	177559at5125
WARNING: No parsimony-informative sites in partition 177559at5125
1687	AA	6	403	0	394	AA	177564at5125
WARNING: No parsimony-informative sites in partition 177564at5125
1688	AA	6	219	2	214	AA	177567at5125
1689	AA	6	141	0	141	AA	177586at5125
WARNING: No variant sites in partition 177586at5125
1690	AA	6	409	5	398	AA	177630at5125
1691	AA	6	162	2	159	AA	177728at5125
1692	AA	6	960	2	953	AA	177762at5125
1693	AA	6	1930	21	1879	AA	177766at5125
1694	AA	6	801	11	776	AA	177767at5125
1695	AA	6	1415	8	1401	AA	177818at5125
1696	AA	6	582	4	575	AA	177827at5125
1697	AA	6	419	2	412	AA	177853at5125
1698	AA	6	214	0	214	AA	177863at5125
WARNING: No variant sites in partition 177863at5125
1699	AA	6	1024	8	1003	AA	177880at5125
1700	AA	6	1042	3	1031	AA	177906at5125
1701	AA	6	739	2	731	AA	177916at5125
1702	AA	6	671	0	671	AA	177931at5125
WARNING: No variant sites in partition 177931at5125
1703	AA	6	891	2	888	AA	177942at5125
1704	AA	6	234	2	232	AA	177945at5125
1705	AA	6	499	2	495	AA	177959at5125
1706	AA	6	1257	8	1245	AA	177981at5125
1707	AA	6	1054	0	1053	AA	178012at5125
WARNING: No parsimony-informative sites in partition 178012at5125
1708	AA	6	505	1	502	AA	178040at5125
1709	AA	6	1104	3	1070	AA	178061at5125
1710	AA	6	583	7	565	AA	178094at5125
1711	AA	6	184	0	183	AA	178097at5125
WARNING: No parsimony-informative sites in partition 178097at5125
1712	AA	6	432	12	412	AA	178105at5125
1713	AA	6	1603	7	1588	AA	178119at5125
1714	AA	6	544	5	534	AA	178137at5125
1715	AA	6	833	12	818	AA	178139at5125
1716	AA	6	1093	5	1080	AA	178155at5125
1717	AA	6	736	5	727	AA	178166at5125
1718	AA	6	748	5	738	AA	178227at5125
1719	AA	6	1570	27	1532	AA	178240at5125
1720	AA	6	170	0	160	AA	178276at5125
WARNING: No parsimony-informative sites in partition 178276at5125
1721	AA	6	798	5	784	AA	178324at5125
1722	AA	6	230	3	224	AA	178327at5125
1723	AA	6	412	2	403	AA	178344at5125
1724	AA	6	398	0	396	AA	178361at5125
WARNING: No parsimony-informative sites in partition 178361at5125
1725	AA	6	617	2	613	AA	178375at5125
1726	AA	6	779	3	770	AA	178441at5125
1727	AA	6	1238	12	1209	AA	178476at5125
1728	AA	6	898	4	892	AA	178523at5125
1729	AA	6	310	1	305	AA	178535at5125
1730	AA	6	173	1	172	AA	178576at5125
1731	AA	6	412	4	406	AA	178597at5125
1732	AA	6	131	0	131	AA	178606at5125
WARNING: No variant sites in partition 178606at5125
1733	AA	6	1540	35	1483	AA	178610at5125
1734	AA	6	350	1	345	AA	178650at5125
1735	AA	6	1346	29	1304	AA	178718at5125
1736	AA	6	656	6	648	AA	178764at5125
1737	AA	6	456	4	450	AA	178804at5125
1738	AA	6	1027	4	1013	AA	178886at5125
1739	AA	6	403	2	401	AA	178921at5125
1740	AA	6	246	3	241	AA	178923at5125
1741	AA	6	414	0	414	AA	178941at5125
WARNING: No variant sites in partition 178941at5125
1742	AA	6	137	0	137	AA	178944at5125
WARNING: No variant sites in partition 178944at5125
1743	AA	6	629	6	619	AA	179026at5125
1744	AA	6	908	2	905	AA	179037at5125
1745	AA	6	554	2	550	AA	179097at5125
1746	AA	6	871	9	846	AA	179134at5125
1747	AA	6	884	3	873	AA	179152at5125
1748	AA	6	539	0	537	AA	179153at5125
WARNING: No parsimony-informative sites in partition 179153at5125
1749	AA	6	243	1	242	AA	179174at5125
1750	AA	6	1853	2	1845	AA	179189at5125
1751	AA	6	266	1	263	AA	179206at5125
1752	AA	6	354	0	353	AA	179223at5125
WARNING: No parsimony-informative sites in partition 179223at5125
1753	AA	6	472	2	465	AA	179304at5125
1754	AA	6	905	34	865	AA	179322at5125
1755	AA	6	813	33	778	AA	179382at5125
1756	AA	6	278	0	278	AA	179401at5125
WARNING: No variant sites in partition 179401at5125
1757	AA	6	1224	6	1212	AA	179413at5125
1758	AA	6	356	2	345	AA	179419at5125
1759	AA	6	1534	13	1492	AA	179428at5125
1760	AA	6	159	1	158	AA	179459at5125
1761	AA	6	265	1	259	AA	179505at5125
1762	AA	6	482	2	478	AA	179554at5125
1763	AA	6	212	1	209	AA	179587at5125
1764	AA	6	754	0	751	AA	179591at5125
WARNING: No parsimony-informative sites in partition 179591at5125
1765	AA	6	210	1	209	AA	179593at5125
1766	AA	6	134	0	130	AA	179610at5125
WARNING: No parsimony-informative sites in partition 179610at5125
1767	AA	6	203	1	201	AA	179628at5125
1768	AA	6	192	0	192	AA	179633at5125
WARNING: No variant sites in partition 179633at5125
1769	AA	6	232	3	228	AA	179675at5125
1770	AA	6	267	1	265	AA	179756at5125
1771	AA	6	354	2	348	AA	179758at5125
1772	AA	6	1127	6	1110	AA	179762at5125
1773	AA	6	586	6	578	AA	179871at5125
1774	AA	6	385	0	383	AA	179888at5125
WARNING: No parsimony-informative sites in partition 179888at5125
1775	AA	6	105	0	105	AA	179962at5125
WARNING: No variant sites in partition 179962at5125
1776	AA	6	1467	5	1453	AA	179971at5125
1777	AA	6	573	1	572	AA	179973at5125
1778	AA	6	730	2	721	AA	179990at5125
1779	AA	6	524	1	519	AA	180025at5125
1780	AA	6	417	4	410	AA	180064at5125
1781	AA	6	532	5	524	AA	180078at5125
1782	AA	6	261	0	260	AA	180082at5125
WARNING: No parsimony-informative sites in partition 180082at5125
1783	AA	6	690	12	675	AA	18011at5125
1784	AA	6	317	1	316	AA	180124at5125
1785	AA	6	447	0	445	AA	180143at5125
WARNING: No parsimony-informative sites in partition 180143at5125
1786	AA	6	662	5	649	AA	180173at5125
1787	AA	6	611	2	601	AA	180249at5125
1788	AA	6	313	1	307	AA	180250at5125
1789	AA	6	1213	11	1188	AA	180318at5125
1790	AA	6	194	2	190	AA	180376at5125
1791	AA	6	551	3	542	AA	180445at5125
1792	AA	6	212	3	209	AA	180530at5125
1793	AA	6	167	1	165	AA	180553at5125
1794	AA	6	148	0	147	AA	180576at5125
WARNING: No parsimony-informative sites in partition 180576at5125
1795	AA	6	274	3	269	AA	180624at5125
1796	AA	6	119	0	119	AA	180666at5125
WARNING: No variant sites in partition 180666at5125
1797	AA	6	802	11	769	AA	180822at5125
1798	AA	6	668	5	659	AA	180908at5125
1799	AA	6	301	1	298	AA	181030at5125
1800	AA	6	295	0	293	AA	181220at5125
WARNING: No parsimony-informative sites in partition 181220at5125
1801	AA	6	834	5	815	AA	182804at5125
1802	AA	6	330	0	330	AA	182897at5125
WARNING: No variant sites in partition 182897at5125
1803	AA	6	165	0	165	AA	182918at5125
WARNING: No variant sites in partition 182918at5125
1804	AA	6	87	0	87	AA	182989at5125
WARNING: No variant sites in partition 182989at5125
1805	AA	6	202	1	198	AA	182999at5125
1806	AA	6	384	0	382	AA	183061at5125
WARNING: No parsimony-informative sites in partition 183061at5125
1807	AA	6	812	1	742	AA	183164at5125
1808	AA	6	184	0	184	AA	183168at5125
WARNING: No variant sites in partition 183168at5125
1809	AA	6	325	2	321	AA	183171at5125
1810	AA	6	366	0	366	AA	183175at5125
WARNING: No variant sites in partition 183175at5125
1811	AA	6	740	1	735	AA	183377at5125
1812	AA	6	613	0	613	AA	183457at5125
WARNING: No variant sites in partition 183457at5125
1813	AA	6	450	1	447	AA	183521at5125
1814	AA	6	411	1	407	AA	183561at5125
1815	AA	6	382	0	382	AA	183614at5125
WARNING: No variant sites in partition 183614at5125
1816	AA	6	145	0	145	AA	183626at5125
WARNING: No variant sites in partition 183626at5125
1817	AA	6	541	0	540	AA	183782at5125
WARNING: No parsimony-informative sites in partition 183782at5125
1818	AA	6	501	0	497	AA	183796at5125
WARNING: No parsimony-informative sites in partition 183796at5125
1819	AA	6	365	0	362	AA	183819at5125
WARNING: No parsimony-informative sites in partition 183819at5125
1820	AA	6	749	2	744	AA	183865at5125
1821	AA	6	269	1	268	AA	183897at5125
1822	AA	6	292	9	282	AA	183976at5125
1823	AA	6	232	0	231	AA	184069at5125
WARNING: No parsimony-informative sites in partition 184069at5125
1824	AA	6	770	2	767	AA	184193at5125
1825	AA	6	321	0	321	AA	184197at5125
WARNING: No variant sites in partition 184197at5125
1826	AA	6	352	0	351	AA	184229at5125
WARNING: No parsimony-informative sites in partition 184229at5125
1827	AA	6	348	2	344	AA	184300at5125
1828	AA	6	515	0	513	AA	184393at5125
WARNING: No parsimony-informative sites in partition 184393at5125
1829	AA	6	391	0	390	AA	184476at5125
WARNING: No parsimony-informative sites in partition 184476at5125
1830	AA	6	1957	3	1950	AA	184484at5125
1831	AA	6	771	0	771	AA	184544at5125
WARNING: No variant sites in partition 184544at5125
1832	AA	6	435	6	426	AA	184561at5125
1833	AA	6	443	1	440	AA	184612at5125
1834	AA	6	215	0	215	AA	184693at5125
WARNING: No variant sites in partition 184693at5125
1835	AA	6	759	1	754	AA	18472at5125
1836	AA	6	377	2	372	AA	184752at5125
1837	AA	6	298	0	298	AA	184768at5125
WARNING: No variant sites in partition 184768at5125
1838	AA	6	257	1	254	AA	184994at5125
1839	AA	6	432	3	426	AA	185058at5125
1840	AA	6	575	2	568	AA	185075at5125
1841	AA	6	511	2	503	AA	185107at5125
1842	AA	6	227	0	227	AA	185156at5125
WARNING: No variant sites in partition 185156at5125
1843	AA	6	899	0	899	AA	185264at5125
WARNING: No variant sites in partition 185264at5125
1844	AA	6	997	1	992	AA	185313at5125
1845	AA	6	180	2	176	AA	185317at5125
1846	AA	6	730	2	726	AA	185362at5125
1847	AA	6	942	0	930	AA	185388at5125
WARNING: No parsimony-informative sites in partition 185388at5125
1848	AA	6	564	0	564	AA	185394at5125
WARNING: No variant sites in partition 185394at5125
1849	AA	6	419	0	418	AA	185410at5125
WARNING: No parsimony-informative sites in partition 185410at5125
1850	AA	6	227	0	227	AA	185567at5125
WARNING: No variant sites in partition 185567at5125
1851	AA	6	302	1	301	AA	185583at5125
1852	AA	6	449	3	446	AA	185656at5125
1853	AA	6	424	1	423	AA	185840at5125
1854	AA	6	317	13	293	AA	185894at5125
1855	AA	6	1175	1	1171	AA	185977at5125
1856	AA	6	372	4	366	AA	186030at5125
1857	AA	6	823	5	814	AA	186048at5125
1858	AA	6	534	1	530	AA	186270at5125
1859	AA	6	431	1	429	AA	186273at5125
1860	AA	6	167	5	160	AA	186300at5125
1861	AA	6	447	1	444	AA	186342at5125
1862	AA	6	548	4	540	AA	186387at5125
1863	AA	6	518	5	510	AA	186393at5125
1864	AA	6	225	2	222	AA	186423at5125
1865	AA	6	2189	12	2174	AA	186434at5125
1866	AA	6	456	0	456	AA	186484at5125
WARNING: No variant sites in partition 186484at5125
1867	AA	6	195	0	187	AA	186540at5125
WARNING: No parsimony-informative sites in partition 186540at5125
1868	AA	6	201	0	201	AA	186697at5125
WARNING: No variant sites in partition 186697at5125
1869	AA	6	381	1	380	AA	186777at5125
1870	AA	6	724	62	640	AA	186797at5125
1871	AA	6	613	5	590	AA	186889at5125
1872	AA	6	377	1	376	AA	186956at5125
1873	AA	6	894	0	890	AA	187114at5125
WARNING: No parsimony-informative sites in partition 187114at5125
1874	AA	6	941	2	928	AA	187129at5125
1875	AA	6	848	6	840	AA	187205at5125
1876	AA	6	360	0	360	AA	187222at5125
WARNING: No variant sites in partition 187222at5125
1877	AA	6	3991	9	3978	AA	187285at5125
1878	AA	6	523	0	523	AA	187298at5125
WARNING: No variant sites in partition 187298at5125
1879	AA	6	574	0	573	AA	187359at5125
WARNING: No parsimony-informative sites in partition 187359at5125
1880	AA	6	221	1	219	AA	187461at5125
1881	AA	6	514	0	514	AA	187480at5125
WARNING: No variant sites in partition 187480at5125
1882	AA	6	265	1	260	AA	187488at5125
1883	AA	6	827	1	824	AA	187504at5125
1884	AA	6	275	0	274	AA	187533at5125
WARNING: No parsimony-informative sites in partition 187533at5125
1885	AA	6	782	1	777	AA	187543at5125
1886	AA	6	342	2	335	AA	187547at5125
1887	AA	6	665	5	652	AA	187568at5125
1888	AA	6	851	0	845	AA	187581at5125
WARNING: No parsimony-informative sites in partition 187581at5125
1889	AA	6	630	4	616	AA	187641at5125
1890	AA	6	231	0	231	AA	187755at5125
WARNING: No variant sites in partition 187755at5125
1891	AA	6	537	2	531	AA	187776at5125
1892	AA	6	147	1	136	AA	187793at5125
1893	AA	6	821	0	821	AA	187806at5125
WARNING: No variant sites in partition 187806at5125
1894	AA	6	816	1	793	AA	187890at5125
1895	AA	6	381	4	376	AA	187892at5125
1896	AA	6	206	7	199	AA	187913at5125
1897	AA	6	88	0	85	AA	188033at5125
WARNING: No parsimony-informative sites in partition 188033at5125
1898	AA	6	485	0	484	AA	188140at5125
WARNING: No parsimony-informative sites in partition 188140at5125
1899	AA	6	243	0	242	AA	188143at5125
WARNING: No parsimony-informative sites in partition 188143at5125
1900	AA	6	363	0	362	AA	188183at5125
WARNING: No parsimony-informative sites in partition 188183at5125
1901	AA	6	603	1	600	AA	188207at5125
1902	AA	6	222	0	222	AA	188286at5125
WARNING: No variant sites in partition 188286at5125
1903	AA	6	491	2	486	AA	188305at5125
1904	AA	6	584	2	578	AA	188349at5125
1905	AA	6	471	0	471	AA	188376at5125
WARNING: No variant sites in partition 188376at5125
1906	AA	6	761	3	754	AA	188560at5125
1907	AA	6	595	1	587	AA	188596at5125
1908	AA	6	691	4	682	AA	188618at5125
1909	AA	6	522	0	522	AA	188661at5125
WARNING: No variant sites in partition 188661at5125
1910	AA	6	677	3	669	AA	188731at5125
1911	AA	6	580	0	579	AA	188763at5125
WARNING: No parsimony-informative sites in partition 188763at5125
1912	AA	6	542	0	536	AA	188849at5125
WARNING: No parsimony-informative sites in partition 188849at5125
1913	AA	6	354	1	352	AA	188901at5125
1914	AA	6	282	2	280	AA	188926at5125
1915	AA	6	1355	1	1348	AA	188935at5125
1916	AA	6	332	0	328	AA	188976at5125
WARNING: No parsimony-informative sites in partition 188976at5125
1917	AA	6	517	0	517	AA	189044at5125
WARNING: No variant sites in partition 189044at5125
1918	AA	6	203	0	203	AA	189094at5125
WARNING: No variant sites in partition 189094at5125
1919	AA	6	655	30	617	AA	189222at5125
1920	AA	6	712	0	709	AA	189293at5125
WARNING: No parsimony-informative sites in partition 189293at5125
1921	AA	6	1841	5	1833	AA	189299at5125
1922	AA	6	768	1	764	AA	189332at5125
1923	AA	6	267	0	266	AA	189507at5125
WARNING: No parsimony-informative sites in partition 189507at5125
1924	AA	6	727	2	712	AA	189623at5125
1925	AA	6	1827	9	1807	AA	189659at5125
1926	AA	6	387	1	386	AA	189660at5125
1927	AA	6	305	1	304	AA	189770at5125
1928	AA	6	389	0	389	AA	189810at5125
WARNING: No variant sites in partition 189810at5125
1929	AA	6	139	0	139	AA	189951at5125
WARNING: No variant sites in partition 189951at5125
1930	AA	6	1042	4	1026	AA	190097at5125
1931	AA	6	938	5	929	AA	190124at5125
1932	AA	6	338	12	323	AA	190197at5125
1933	AA	6	628	0	626	AA	190296at5125
WARNING: No parsimony-informative sites in partition 190296at5125
1934	AA	6	287	1	281	AA	190298at5125
1935	AA	6	509	1	506	AA	190325at5125
1936	AA	6	206	0	205	AA	190395at5125
WARNING: No parsimony-informative sites in partition 190395at5125
1937	AA	6	890	15	866	AA	190580at5125
1938	AA	6	832	6	818	AA	190666at5125
1939	AA	6	373	0	373	AA	190669at5125
WARNING: No variant sites in partition 190669at5125
1940	AA	6	131	0	131	AA	190696at5125
WARNING: No variant sites in partition 190696at5125
1941	AA	6	542	1	539	AA	190736at5125
1942	AA	6	333	3	318	AA	190757at5125
1943	AA	6	461	1	459	AA	190838at5125
1944	AA	6	302	6	296	AA	191124at5125
1945	AA	6	159	0	159	AA	191165at5125
WARNING: No variant sites in partition 191165at5125
1946	AA	6	352	0	351	AA	191183at5125
WARNING: No parsimony-informative sites in partition 191183at5125
1947	AA	6	930	0	929	AA	191249at5125
WARNING: No parsimony-informative sites in partition 191249at5125
1948	AA	6	300	4	292	AA	191303at5125
1949	AA	6	640	1	636	AA	191407at5125
1950	AA	6	462	0	462	AA	191408at5125
WARNING: No variant sites in partition 191408at5125
1951	AA	6	547	2	540	AA	191486at5125
1952	AA	6	1164	10	1144	AA	191618at5125
1953	AA	6	565	2	558	AA	191625at5125
1954	AA	6	1121	14	1098	AA	191739at5125
1955	AA	6	472	2	453	AA	191745at5125
1956	AA	6	268	2	265	AA	191786at5125
1957	AA	6	306	3	302	AA	191871at5125
1958	AA	6	480	1	476	AA	191891at5125
1959	AA	6	377	1	376	AA	191962at5125
1960	AA	6	234	0	232	AA	191986at5125
WARNING: No parsimony-informative sites in partition 191986at5125
1961	AA	6	191	0	191	AA	191987at5125
WARNING: No variant sites in partition 191987at5125
1962	AA	6	133	0	133	AA	192027at5125
WARNING: No variant sites in partition 192027at5125
1963	AA	6	531	1	497	AA	192042at5125
1964	AA	6	173	1	170	AA	192089at5125
1965	AA	6	105	0	105	AA	192132at5125
WARNING: No variant sites in partition 192132at5125
1966	AA	6	603	25	576	AA	192205at5125
1967	AA	6	432	1	430	AA	192256at5125
1968	AA	6	1022	2	1017	AA	192292at5125
1969	AA	6	2395	3	2385	AA	192395at5125
1970	AA	6	574	6	559	AA	192649at5125
1971	AA	6	464	6	455	AA	192713at5125
1972	AA	6	235	0	235	AA	192816at5125
WARNING: No variant sites in partition 192816at5125
1973	AA	6	672	3	668	AA	192857at5125
1974	AA	6	565	0	565	AA	192877at5125
WARNING: No variant sites in partition 192877at5125
1975	AA	6	690	2	682	AA	192893at5125
1976	AA	6	903	11	884	AA	192949at5125
1977	AA	6	283	0	281	AA	192965at5125
WARNING: No parsimony-informative sites in partition 192965at5125
1978	AA	6	493	2	488	AA	192988at5125
1979	AA	6	559	2	551	AA	193073at5125
1980	AA	6	1160	6	1152	AA	193166at5125
1981	AA	6	1504	9	1490	AA	193301at5125
1982	AA	6	523	4	517	AA	193406at5125
1983	AA	6	264	1	262	AA	193407at5125
1984	AA	6	259	1	254	AA	193439at5125
1985	AA	6	408	0	408	AA	193485at5125
WARNING: No variant sites in partition 193485at5125
1986	AA	6	539	2	531	AA	193587at5125
1987	AA	6	881	3	876	AA	193628at5125
1988	AA	6	650	1	637	AA	193637at5125
1989	AA	6	2260	3	2249	AA	193711at5125
1990	AA	6	1425	2	1416	AA	193733at5125
1991	AA	6	713	2	709	AA	193853at5125
1992	AA	6	359	0	359	AA	193985at5125
WARNING: No variant sites in partition 193985at5125
1993	AA	6	608	0	606	AA	194051at5125
WARNING: No parsimony-informative sites in partition 194051at5125
1994	AA	6	280	0	279	AA	194080at5125
WARNING: No parsimony-informative sites in partition 194080at5125
1995	AA	6	344	0	341	AA	194124at5125
WARNING: No parsimony-informative sites in partition 194124at5125
1996	AA	6	531	2	528	AA	194148at5125
1997	AA	6	198	1	197	AA	194254at5125
1998	AA	6	3206	29	3154	AA	194361at5125
1999	AA	6	589	23	563	AA	194382at5125
2000	AA	6	574	1	571	AA	194397at5125
2001	AA	6	427	4	419	AA	194414at5125
2002	AA	6	372	0	371	AA	194467at5125
WARNING: No parsimony-informative sites in partition 194467at5125
2003	AA	6	304	0	281	AA	194553at5125
WARNING: No parsimony-informative sites in partition 194553at5125
2004	AA	6	651	5	641	AA	194568at5125
2005	AA	6	197	1	195	AA	194652at5125
2006	AA	6	221	0	220	AA	194740at5125
WARNING: No parsimony-informative sites in partition 194740at5125
2007	AA	6	377	4	366	AA	194757at5125
2008	AA	6	559	2	550	AA	194785at5125
2009	AA	6	289	4	285	AA	194836at5125
2010	AA	6	149	0	149	AA	194854at5125
WARNING: No variant sites in partition 194854at5125
2011	AA	6	481	1	475	AA	194873at5125
2012	AA	6	426	5	417	AA	194952at5125
2013	AA	6	236	0	234	AA	194997at5125
WARNING: No parsimony-informative sites in partition 194997at5125
2014	AA	6	745	6	733	AA	195037at5125
2015	AA	6	663	0	663	AA	195101at5125
WARNING: No variant sites in partition 195101at5125
2016	AA	6	1038	1	1035	AA	195152at5125
2017	AA	6	422	4	416	AA	195164at5125
2018	AA	6	327	2	325	AA	195203at5125
2019	AA	6	260	3	256	AA	195205at5125
2020	AA	6	315	0	314	AA	195281at5125
WARNING: No parsimony-informative sites in partition 195281at5125
2021	AA	6	375	1	369	AA	195426at5125
2022	AA	6	686	14	665	AA	195452at5125
2023	AA	6	372	0	372	AA	195540at5125
WARNING: No variant sites in partition 195540at5125
2024	AA	6	129	1	127	AA	195627at5125
2025	AA	6	1273	259	893	AA	195716at5125
2026	AA	6	394	2	390	AA	195719at5125
2027	AA	6	1557	10	1536	AA	195958at5125
2028	AA	6	733	9	711	AA	196071at5125
2029	AA	6	650	6	619	AA	196091at5125
2030	AA	6	592	3	583	AA	196158at5125
2031	AA	6	1011	11	980	AA	196178at5125
2032	AA	6	1291	2	1286	AA	196194at5125
2033	AA	6	849	4	840	AA	196217at5125
2034	AA	6	260	1	258	AA	196387at5125
2035	AA	6	346	0	345	AA	196389at5125
WARNING: No parsimony-informative sites in partition 196389at5125
2036	AA	6	96	0	95	AA	196603at5125
WARNING: No parsimony-informative sites in partition 196603at5125
2037	AA	6	1924	3	1906	AA	196686at5125
2038	AA	6	187	1	184	AA	196710at5125
2039	AA	6	348	0	346	AA	196715at5125
WARNING: No parsimony-informative sites in partition 196715at5125
2040	AA	6	854	4	847	AA	196727at5125
2041	AA	6	333	3	327	AA	196731at5125
2042	AA	6	452	0	452	AA	196761at5125
WARNING: No variant sites in partition 196761at5125
2043	AA	6	488	17	405	AA	196794at5125
2044	AA	6	207	1	182	AA	196877at5125
2045	AA	6	922	2	914	AA	196906at5125
2046	AA	6	227	0	225	AA	196943at5125
WARNING: No parsimony-informative sites in partition 196943at5125
2047	AA	6	709	7	680	AA	196979at5125
2048	AA	6	418	1	416	AA	196998at5125
2049	AA	6	455	6	424	AA	196999at5125
2050	AA	6	382	5	373	AA	197053at5125
2051	AA	6	982	3	969	AA	197068at5125
2052	AA	6	556	2	549	AA	197120at5125
2053	AA	6	601	2	597	AA	197129at5125
2054	AA	6	470	3	463	AA	197145at5125
2055	AA	6	1234	2	1205	AA	197173at5125
2056	AA	6	378	1	377	AA	197178at5125
2057	AA	6	2092	16	2057	AA	197253at5125
2058	AA	6	704	4	692	AA	197264at5125
2059	AA	6	530	1	523	AA	197313at5125
2060	AA	6	549	5	538	AA	197337at5125
2061	AA	6	1212	0	1211	AA	197398at5125
WARNING: No parsimony-informative sites in partition 197398at5125
2062	AA	6	472	0	471	AA	197462at5125
WARNING: No parsimony-informative sites in partition 197462at5125
2063	AA	6	136	1	135	AA	197479at5125
2064	AA	6	1163	1	1156	AA	197491at5125
2065	AA	6	1122	1	1117	AA	197523at5125
2066	AA	6	957	0	954	AA	197636at5125
WARNING: No parsimony-informative sites in partition 197636at5125
2067	AA	6	2094	14	2061	AA	197658at5125
2068	AA	6	652	4	639	AA	197724at5125
2069	AA	6	546	4	533	AA	197725at5125
2070	AA	6	91	1	89	AA	197746at5125
2071	AA	6	239	0	239	AA	197771at5125
WARNING: No variant sites in partition 197771at5125
2072	AA	6	319	0	310	AA	197780at5125
WARNING: No parsimony-informative sites in partition 197780at5125
2073	AA	6	886	5	875	AA	197782at5125
2074	AA	6	776	7	762	AA	197849at5125
2075	AA	6	448	13	435	AA	197899at5125
2076	AA	6	1680	13	1657	AA	197921at5125
2077	AA	6	573	0	573	AA	197963at5125
WARNING: No variant sites in partition 197963at5125
2078	AA	6	335	0	335	AA	197968at5125
WARNING: No variant sites in partition 197968at5125
2079	AA	6	918	4	910	AA	197982at5125
2080	AA	6	450	12	426	AA	198052at5125
2081	AA	6	432	0	431	AA	198159at5125
WARNING: No parsimony-informative sites in partition 198159at5125
2082	AA	6	409	0	407	AA	198224at5125
WARNING: No parsimony-informative sites in partition 198224at5125
2083	AA	6	319	2	316	AA	198257at5125
2084	AA	6	508	0	483	AA	198259at5125
WARNING: No parsimony-informative sites in partition 198259at5125
2085	AA	6	137	1	135	AA	198310at5125
2086	AA	6	1217	0	1159	AA	198345at5125
WARNING: No parsimony-informative sites in partition 198345at5125
2087	AA	6	728	20	697	AA	198376at5125
2088	AA	6	389	1	386	AA	198636at5125
2089	AA	6	312	0	311	AA	198788at5125
WARNING: No parsimony-informative sites in partition 198788at5125
2090	AA	6	498	3	491	AA	198823at5125
2091	AA	6	879	1	871	AA	198862at5125
2092	AA	6	644	6	634	AA	198909at5125
2093	AA	6	516	3	511	AA	198921at5125
2094	AA	6	1737	4	1730	AA	199009at5125
2095	AA	6	487	6	478	AA	199079at5125
2096	AA	6	109	0	109	AA	199186at5125
WARNING: No variant sites in partition 199186at5125
2097	AA	6	741	6	728	AA	199233at5125
2098	AA	6	676	3	670	AA	199312at5125
2099	AA	6	428	11	416	AA	199372at5125
2100	AA	6	183	18	164	AA	199382at5125
2101	AA	6	404	3	397	AA	199419at5125
2102	AA	6	255	0	254	AA	199456at5125
WARNING: No parsimony-informative sites in partition 199456at5125
2103	AA	6	670	0	668	AA	199593at5125
WARNING: No parsimony-informative sites in partition 199593at5125
2104	AA	6	531	2	525	AA	199674at5125
2105	AA	6	474	0	474	AA	199724at5125
WARNING: No variant sites in partition 199724at5125
2106	AA	6	232	0	231	AA	199879at5125
WARNING: No parsimony-informative sites in partition 199879at5125
2107	AA	6	536	5	517	AA	199899at5125
2108	AA	6	695	7	677	AA	199971at5125
2109	AA	6	145	0	145	AA	200010at5125
WARNING: No variant sites in partition 200010at5125
2110	AA	6	362	1	360	AA	200142at5125
2111	AA	6	197	1	196	AA	200164at5125
2112	AA	6	397	2	395	AA	200235at5125
2113	AA	6	418	0	417	AA	200242at5125
WARNING: No parsimony-informative sites in partition 200242at5125
2114	AA	6	523	1	520	AA	200245at5125
2115	AA	6	332	1	331	AA	20040at5125
2116	AA	6	718	2	712	AA	200518at5125
2117	AA	6	167	1	166	AA	200559at5125
2118	AA	6	244	1	242	AA	200612at5125
2119	AA	6	535	6	522	AA	200628at5125
2120	AA	6	537	2	532	AA	200645at5125
2121	AA	6	931	6	917	AA	200697at5125
2122	AA	6	133	0	132	AA	200751at5125
WARNING: No parsimony-informative sites in partition 200751at5125
2123	AA	6	581	1	579	AA	200782at5125
2124	AA	6	203	2	198	AA	200910at5125
2125	AA	6	299	1	292	AA	201116at5125
2126	AA	6	552	3	548	AA	201225at5125
2127	AA	6	538	3	534	AA	201266at5125
2128	AA	6	708	0	708	AA	201302at5125
WARNING: No variant sites in partition 201302at5125
2129	AA	6	340	0	337	AA	201323at5125
WARNING: No parsimony-informative sites in partition 201323at5125
2130	AA	6	439	5	425	AA	201351at5125
2131	AA	6	1858	3	1843	AA	201363at5125
2132	AA	6	513	1	507	AA	201373at5125
2133	AA	6	1035	25	982	AA	201402at5125
2134	AA	6	953	0	951	AA	201436at5125
WARNING: No parsimony-informative sites in partition 201436at5125
2135	AA	6	758	1	755	AA	201447at5125
2136	AA	6	189	2	184	AA	201452at5125
2137	AA	6	328	0	327	AA	20148at5125
WARNING: No parsimony-informative sites in partition 20148at5125
2138	AA	6	678	1	673	AA	201505at5125
2139	AA	6	358	17	341	AA	201747at5125
2140	AA	6	334	1	331	AA	201831at5125
2141	AA	6	310	4	302	AA	201917at5125
2142	AA	6	398	1	393	AA	201961at5125
2143	AA	6	265	0	265	AA	201993at5125
WARNING: No variant sites in partition 201993at5125
2144	AA	6	572	1	556	AA	2019at5125
2145	AA	6	1019	5	1014	AA	202036at5125
2146	AA	6	290	2	287	AA	202087at5125
2147	AA	6	358	4	352	AA	202097at5125
2148	AA	6	1064	3	1057	AA	202111at5125
2149	AA	6	788	9	770	AA	202131at5125
2150	AA	6	544	7	512	AA	202148at5125
2151	AA	6	1332	9	1303	AA	202245at5125
2152	AA	6	205	0	204	AA	202256at5125
WARNING: No parsimony-informative sites in partition 202256at5125
2153	AA	6	617	32	579	AA	202299at5125
2154	AA	6	478	1	474	AA	202406at5125
2155	AA	6	181	0	181	AA	202460at5125
WARNING: No variant sites in partition 202460at5125
2156	AA	6	259	0	258	AA	202461at5125
WARNING: No parsimony-informative sites in partition 202461at5125
2157	AA	6	389	0	389	AA	202491at5125
WARNING: No variant sites in partition 202491at5125
2158	AA	6	479	0	467	AA	202556at5125
WARNING: No parsimony-informative sites in partition 202556at5125
2159	AA	6	421	7	411	AA	202566at5125
2160	AA	6	420	0	418	AA	202672at5125
WARNING: No parsimony-informative sites in partition 202672at5125
2161	AA	6	393	0	390	AA	202743at5125
WARNING: No parsimony-informative sites in partition 202743at5125
2162	AA	6	307	1	303	AA	202792at5125
2163	AA	6	309	5	302	AA	202829at5125
2164	AA	6	346	5	338	AA	202921at5125
2165	AA	6	1074	2	1063	AA	202944at5125
2166	AA	6	131	0	130	AA	202954at5125
WARNING: No parsimony-informative sites in partition 202954at5125
2167	AA	6	1334	4	1319	AA	202998at5125
2168	AA	6	389	2	387	AA	203025at5125
2169	AA	6	877	7	865	AA	203145at5125
2170	AA	6	1395	1	1384	AA	203184at5125
2171	AA	6	371	1	367	AA	203204at5125
2172	AA	6	253	1	250	AA	203210at5125
2173	AA	6	405	3	400	AA	203469at5125
2174	AA	6	1116	6	1102	AA	203508at5125
2175	AA	6	1543	5	1535	AA	203516at5125
2176	AA	6	435	4	431	AA	203550at5125
2177	AA	6	520	6	508	AA	203639at5125
2178	AA	6	1009	1	980	AA	203657at5125
2179	AA	6	456	4	445	AA	203712at5125
2180	AA	6	288	2	285	AA	203716at5125
2181	AA	6	287	0	286	AA	203775at5125
WARNING: No parsimony-informative sites in partition 203775at5125
2182	AA	6	1828	13	1796	AA	203828at5125
2183	AA	6	601	1	596	AA	203829at5125
2184	AA	6	1402	2	1395	AA	203914at5125
2185	AA	6	857	12	831	AA	204015at5125
2186	AA	6	1214	12	1191	AA	204017at5125
2187	AA	6	440	6	416	AA	204030at5125
2188	AA	6	396	4	390	AA	204130at5125
2189	AA	6	617	3	606	AA	204165at5125
2190	AA	6	410	0	409	AA	204247at5125
WARNING: No parsimony-informative sites in partition 204247at5125
2191	AA	6	678	6	672	AA	204298at5125
2192	AA	6	363	5	355	AA	204319at5125
2193	AA	6	1532	9	1518	AA	204327at5125
2194	AA	6	438	7	427	AA	204387at5125
2195	AA	6	422	2	419	AA	204532at5125
2196	AA	6	345	8	333	AA	204606at5125
2197	AA	6	286	1	285	AA	204685at5125
2198	AA	6	856	6	842	AA	204852at5125
2199	AA	6	915	8	901	AA	204874at5125
2200	AA	6	716	6	705	AA	204967at5125
2201	AA	6	778	8	759	AA	204990at5125
2202	AA	6	307	0	307	AA	204996at5125
WARNING: No variant sites in partition 204996at5125
2203	AA	6	471	1	468	AA	205056at5125
2204	AA	6	288	0	286	AA	205087at5125
WARNING: No parsimony-informative sites in partition 205087at5125
2205	AA	6	681	3	665	AA	205088at5125
2206	AA	6	196	0	190	AA	205135at5125
WARNING: No parsimony-informative sites in partition 205135at5125
2207	AA	6	304	1	301	AA	205197at5125
2208	AA	6	825	8	807	AA	205212at5125
2209	AA	6	343	1	341	AA	205257at5125
2210	AA	6	856	8	842	AA	205272at5125
2211	AA	6	240	0	239	AA	205321at5125
WARNING: No parsimony-informative sites in partition 205321at5125
2212	AA	6	299	1	297	AA	205416at5125
2213	AA	6	546	0	545	AA	205640at5125
WARNING: No parsimony-informative sites in partition 205640at5125
2214	AA	6	282	3	276	AA	205747at5125
2215	AA	6	198	0	198	AA	205757at5125
WARNING: No variant sites in partition 205757at5125
2216	AA	6	808	6	795	AA	205809at5125
2217	AA	6	1227	7	1212	AA	205851at5125
2218	AA	6	507	1	505	AA	205972at5125
2219	AA	6	382	1	381	AA	205981at5125
2220	AA	6	767	5	759	AA	206043at5125
2221	AA	6	361	0	358	AA	206089at5125
WARNING: No parsimony-informative sites in partition 206089at5125
2222	AA	6	398	1	394	AA	206104at5125
2223	AA	6	513	6	480	AA	206196at5125
2224	AA	6	154	0	154	AA	206609at5125
WARNING: No variant sites in partition 206609at5125
2225	AA	6	182	0	179	AA	206702at5125
WARNING: No parsimony-informative sites in partition 206702at5125
2226	AA	6	500	6	490	AA	206952at5125
2227	AA	6	451	1	445	AA	206982at5125
2228	AA	6	242	0	239	AA	206999at5125
WARNING: No parsimony-informative sites in partition 206999at5125
2229	AA	6	364	3	356	AA	207067at5125
2230	AA	6	357	3	350	AA	207293at5125
2231	AA	6	546	1	542	AA	207296at5125
2232	AA	6	161	3	155	AA	207350at5125
2233	AA	6	480	0	479	AA	207356at5125
WARNING: No parsimony-informative sites in partition 207356at5125
2234	AA	6	367	1	364	AA	207372at5125
2235	AA	6	1168	2	1164	AA	207378at5125
2236	AA	6	636	10	616	AA	207475at5125
2237	AA	6	291	31	260	AA	207527at5125
2238	AA	6	700	6	691	AA	209086at5125
2239	AA	6	442	0	442	AA	20908at5125
WARNING: No variant sites in partition 20908at5125
2240	AA	6	346	4	341	AA	209555at5125
2241	AA	6	202	1	201	AA	210173at5125
2242	AA	6	1221	6	1205	AA	210838at5125
2243	AA	6	133	0	133	AA	210919at5125
WARNING: No variant sites in partition 210919at5125
2244	AA	6	89	0	88	AA	210931at5125
WARNING: No parsimony-informative sites in partition 210931at5125
2245	AA	6	98	1	97	AA	210958at5125
2246	AA	6	182	0	181	AA	210978at5125
WARNING: No parsimony-informative sites in partition 210978at5125
2247	AA	6	215	2	212	AA	210997at5125
2248	AA	6	275	0	275	AA	211003at5125
WARNING: No variant sites in partition 211003at5125
2249	AA	6	530	0	530	AA	211005at5125
WARNING: No variant sites in partition 211005at5125
2250	AA	6	489	1	474	AA	211008at5125
2251	AA	6	450	0	450	AA	211045at5125
WARNING: No variant sites in partition 211045at5125
2252	AA	6	285	0	284	AA	211046at5125
WARNING: No parsimony-informative sites in partition 211046at5125
2253	AA	6	237	0	237	AA	211063at5125
WARNING: No variant sites in partition 211063at5125
2254	AA	6	308	1	307	AA	211074at5125
2255	AA	6	137	0	137	AA	211082at5125
WARNING: No variant sites in partition 211082at5125
2256	AA	6	728	0	728	AA	211089at5125
WARNING: No variant sites in partition 211089at5125
2257	AA	6	127	8	119	AA	211096at5125
2258	AA	6	472	0	472	AA	211097at5125
WARNING: No variant sites in partition 211097at5125
2259	AA	6	126	1	122	AA	211131at5125
2260	AA	6	235	1	234	AA	211148at5125
2261	AA	6	900	0	900	AA	211165at5125
WARNING: No variant sites in partition 211165at5125
2262	AA	6	394	0	394	AA	211193at5125
WARNING: No variant sites in partition 211193at5125
2263	AA	6	181	0	181	AA	211196at5125
WARNING: No variant sites in partition 211196at5125
2264	AA	6	110	0	110	AA	211199at5125
WARNING: No variant sites in partition 211199at5125
2265	AA	6	390	3	386	AA	211214at5125
2266	AA	6	467	0	467	AA	211217at5125
WARNING: No variant sites in partition 211217at5125
2267	AA	6	162	0	162	AA	211238at5125
WARNING: No variant sites in partition 211238at5125
2268	AA	6	452	1	451	AA	211269at5125
2269	AA	6	471	3	466	AA	211277at5125
2270	AA	6	304	13	290	AA	211278at5125
2271	AA	6	472	0	472	AA	211294at5125
WARNING: No variant sites in partition 211294at5125
2272	AA	6	456	0	456	AA	211308at5125
WARNING: No variant sites in partition 211308at5125
2273	AA	6	394	1	391	AA	211312at5125
2274	AA	6	1232	0	1231	AA	211319at5125
WARNING: No parsimony-informative sites in partition 211319at5125
2275	AA	6	130	0	130	AA	211339at5125
WARNING: No variant sites in partition 211339at5125
2276	AA	6	346	1	344	AA	211343at5125
2277	AA	6	456	0	456	AA	211349at5125
WARNING: No variant sites in partition 211349at5125
2278	AA	6	127	1	126	AA	211361at5125
2279	AA	6	236	0	235	AA	211367at5125
WARNING: No parsimony-informative sites in partition 211367at5125
2280	AA	6	527	1	525	AA	211374at5125
2281	AA	6	1255	1	1249	AA	211400at5125
2282	AA	6	697	2	689	AA	211429at5125
2283	AA	6	197	0	197	AA	211434at5125
WARNING: No variant sites in partition 211434at5125
2284	AA	6	99	2	92	AA	211442at5125
2285	AA	6	170	0	170	AA	211465at5125
WARNING: No variant sites in partition 211465at5125
2286	AA	6	311	1	305	AA	211468at5125
2287	AA	6	514	3	506	AA	211479at5125
2288	AA	6	379	5	372	AA	211484at5125
2289	AA	6	1139	3	1114	AA	211492at5125
2290	AA	6	160	1	157	AA	211530at5125
2291	AA	6	529	4	524	AA	211548at5125
2292	AA	6	422	3	416	AA	211587at5125
2293	AA	6	529	2	525	AA	211601at5125
2294	AA	6	440	3	436	AA	211620at5125
2295	AA	6	206	1	205	AA	211636at5125
2296	AA	6	460	0	456	AA	211655at5125
WARNING: No parsimony-informative sites in partition 211655at5125
2297	AA	6	557	150	403	AA	211690at5125
2298	AA	6	215	0	214	AA	211711at5125
WARNING: No parsimony-informative sites in partition 211711at5125
2299	AA	6	228	0	225	AA	211716at5125
WARNING: No parsimony-informative sites in partition 211716at5125
2300	AA	6	655	2	651	AA	211720at5125
2301	AA	6	252	23	226	AA	211723at5125
2302	AA	6	498	1	493	AA	211726at5125
2303	AA	6	318	0	316	AA	211743at5125
WARNING: No parsimony-informative sites in partition 211743at5125
2304	AA	6	273	0	270	AA	211744at5125
WARNING: No parsimony-informative sites in partition 211744at5125
2305	AA	6	120	1	118	AA	211747at5125
2306	AA	6	1488	4	1474	AA	211748at5125
2307	AA	6	195	0	195	AA	211771at5125
WARNING: No variant sites in partition 211771at5125
2308	AA	6	757	1	755	AA	211780at5125
2309	AA	6	138	0	138	AA	211782at5125
WARNING: No variant sites in partition 211782at5125
2310	AA	6	1104	1	1103	AA	211785at5125
2311	AA	6	154	0	154	AA	211798at5125
WARNING: No variant sites in partition 211798at5125
2312	AA	6	286	0	285	AA	211801at5125
WARNING: No parsimony-informative sites in partition 211801at5125
2313	AA	6	813	0	813	AA	211803at5125
WARNING: No variant sites in partition 211803at5125
2314	AA	6	975	1	972	AA	211817at5125
2315	AA	6	123	0	123	AA	211830at5125
WARNING: No variant sites in partition 211830at5125
2316	AA	6	260	0	260	AA	211911at5125
WARNING: No variant sites in partition 211911at5125
2317	AA	6	4347	7	4338	AA	211916at5125
2318	AA	6	467	2	464	AA	211934at5125
2319	AA	6	234	1	232	AA	211944at5125
2320	AA	6	404	2	400	AA	211948at5125
2321	AA	6	144	0	144	AA	211952at5125
WARNING: No variant sites in partition 211952at5125
2322	AA	6	752	2	745	AA	211957at5125
2323	AA	6	127	0	127	AA	211964at5125
WARNING: No variant sites in partition 211964at5125
2324	AA	6	264	1	263	AA	211977at5125
2325	AA	6	499	4	490	AA	211978at5125
2326	AA	6	652	1	646	AA	211980at5125
2327	AA	6	533	0	533	AA	211983at5125
WARNING: No variant sites in partition 211983at5125
2328	AA	6	237	2	235	AA	211999at5125
2329	AA	6	555	0	554	AA	212007at5125
WARNING: No parsimony-informative sites in partition 212007at5125
2330	AA	6	435	1	432	AA	212016at5125
2331	AA	6	350	3	345	AA	212056at5125
2332	AA	6	151	0	151	AA	212065at5125
WARNING: No variant sites in partition 212065at5125
2333	AA	6	377	1	373	AA	21210at5125
2334	AA	6	459	4	449	AA	212114at5125
2335	AA	6	70	0	70	AA	212115at5125
WARNING: No variant sites in partition 212115at5125
2336	AA	6	172	3	159	AA	212144at5125
2337	AA	6	152	0	152	AA	212154at5125
WARNING: No variant sites in partition 212154at5125
2338	AA	6	435	3	429	AA	212171at5125
2339	AA	6	253	0	253	AA	212202at5125
WARNING: No variant sites in partition 212202at5125
2340	AA	6	259	0	259	AA	212211at5125
WARNING: No variant sites in partition 212211at5125
2341	AA	6	135	0	133	AA	212277at5125
WARNING: No parsimony-informative sites in partition 212277at5125
2342	AA	6	891	1	890	AA	212285at5125
2343	AA	6	382	4	378	AA	212314at5125
2344	AA	6	180	2	175	AA	212332at5125
2345	AA	6	445	0	444	AA	212341at5125
WARNING: No parsimony-informative sites in partition 212341at5125
2346	AA	6	401	2	398	AA	212343at5125
2347	AA	6	273	0	273	AA	212368at5125
WARNING: No variant sites in partition 212368at5125
2348	AA	6	721	0	721	AA	212387at5125
WARNING: No variant sites in partition 212387at5125
2349	AA	6	384	2	378	AA	212388at5125
2350	AA	6	804	1	801	AA	212401at5125
2351	AA	6	448	1	441	AA	212402at5125
2352	AA	6	148	1	147	AA	212406at5125
2353	AA	6	480	2	474	AA	212467at5125
2354	AA	6	397	1	394	AA	212486at5125
2355	AA	6	316	0	316	AA	212490at5125
WARNING: No variant sites in partition 212490at5125
2356	AA	6	453	3	448	AA	212492at5125
2357	AA	6	114	1	111	AA	212495at5125
2358	AA	6	1032	4	1024	AA	212510at5125
2359	AA	6	444	1	439	AA	212517at5125
2360	AA	6	1160	18	1128	AA	212522at5125
2361	AA	6	485	1	484	AA	212534at5125
2362	AA	6	231	1	230	AA	212549at5125
2363	AA	6	178	0	177	AA	212574at5125
WARNING: No parsimony-informative sites in partition 212574at5125
2364	AA	6	894	3	887	AA	212591at5125
2365	AA	6	830	1	824	AA	212598at5125
2366	AA	6	414	14	386	AA	212645at5125
2367	AA	6	205	1	203	AA	212651at5125
2368	AA	6	810	1	807	AA	212682at5125
2369	AA	6	640	3	611	AA	212684at5125
2370	AA	6	404	2	402	AA	212691at5125
2371	AA	6	618	2	575	AA	212703at5125
2372	AA	6	1079	0	1079	AA	212736at5125
WARNING: No variant sites in partition 212736at5125
2373	AA	6	355	0	355	AA	212739at5125
WARNING: No variant sites in partition 212739at5125
2374	AA	6	296	1	294	AA	212741at5125
2375	AA	6	986	5	977	AA	212749at5125
2376	AA	6	463	0	461	AA	212768at5125
WARNING: No parsimony-informative sites in partition 212768at5125
2377	AA	6	452	2	447	AA	212788at5125
2378	AA	6	1501	2	1492	AA	212797at5125
2379	AA	6	578	2	573	AA	212806at5125
2380	AA	6	701	2	696	AA	212829at5125
2381	AA	6	388	7	378	AA	212830at5125
2382	AA	6	562	0	562	AA	212831at5125
WARNING: No variant sites in partition 212831at5125
2383	AA	6	644	2	641	AA	212849at5125
2384	AA	6	615	3	590	AA	212874at5125
2385	AA	6	238	0	236	AA	212877at5125
WARNING: No parsimony-informative sites in partition 212877at5125
2386	AA	6	610	5	601	AA	212885at5125
2387	AA	6	416	5	404	AA	212892at5125
2388	AA	6	519	3	512	AA	212920at5125
2389	AA	6	609	1	606	AA	212942at5125
2390	AA	6	465	2	462	AA	212957at5125
2391	AA	6	1014	7	1002	AA	212964at5125
2392	AA	6	286	0	285	AA	212965at5125
WARNING: No parsimony-informative sites in partition 212965at5125
2393	AA	6	325	0	324	AA	212969at5125
WARNING: No parsimony-informative sites in partition 212969at5125
2394	AA	6	361	0	356	AA	212983at5125
WARNING: No parsimony-informative sites in partition 212983at5125
2395	AA	6	233	1	232	AA	212986at5125
2396	AA	6	445	0	445	AA	213004at5125
WARNING: No variant sites in partition 213004at5125
2397	AA	6	634	3	630	AA	213007at5125
2398	AA	6	531	1	527	AA	213018at5125
2399	AA	6	395	3	378	AA	213023at5125
2400	AA	6	414	1	412	AA	213058at5125
2401	AA	6	146	0	143	AA	213060at5125
WARNING: No parsimony-informative sites in partition 213060at5125
2402	AA	6	359	2	353	AA	213080at5125
2403	AA	6	340	0	338	AA	213089at5125
WARNING: No parsimony-informative sites in partition 213089at5125
2404	AA	6	82	0	82	AA	213123at5125
WARNING: No variant sites in partition 213123at5125
2405	AA	6	480	3	473	AA	213145at5125
2406	AA	6	397	0	397	AA	213167at5125
WARNING: No variant sites in partition 213167at5125
2407	AA	6	505	2	497	AA	213183at5125
2408	AA	6	309	3	305	AA	213184at5125
2409	AA	6	330	7	321	AA	213215at5125
2410	AA	6	1097	3	1089	AA	213225at5125
2411	AA	6	712	12	689	AA	213251at5125
2412	AA	6	421	0	419	AA	213269at5125
WARNING: No parsimony-informative sites in partition 213269at5125
2413	AA	6	510	1	508	AA	213275at5125
2414	AA	6	463	1	461	AA	213279at5125
2415	AA	6	964	0	960	AA	213305at5125
WARNING: No parsimony-informative sites in partition 213305at5125
2416	AA	6	254	2	251	AA	213358at5125
2417	AA	6	415	0	391	AA	213370at5125
WARNING: No parsimony-informative sites in partition 213370at5125
2418	AA	6	613	5	603	AA	213372at5125
2419	AA	6	693	0	693	AA	213392at5125
WARNING: No variant sites in partition 213392at5125
2420	AA	6	733	1	728	AA	213393at5125
2421	AA	6	269	3	263	AA	213396at5125
2422	AA	6	310	0	310	AA	213405at5125
WARNING: No variant sites in partition 213405at5125
2423	AA	6	190	0	189	AA	213411at5125
WARNING: No parsimony-informative sites in partition 213411at5125
2424	AA	6	925	5	910	AA	213421at5125
2425	AA	6	719	4	694	AA	213424at5125
2426	AA	6	336	1	334	AA	213450at5125
2427	AA	6	550	19	529	AA	213453at5125
2428	AA	6	420	3	416	AA	213464at5125
2429	AA	6	473	0	471	AA	213510at5125
WARNING: No parsimony-informative sites in partition 213510at5125
2430	AA	6	1002	1	999	AA	213515at5125
2431	AA	6	668	2	662	AA	213534at5125
2432	AA	6	247	1	246	AA	213546at5125
2433	AA	6	488	4	480	AA	213555at5125
2434	AA	6	484	1	482	AA	213570at5125
2435	AA	6	509	0	505	AA	213589at5125
WARNING: No parsimony-informative sites in partition 213589at5125
2436	AA	6	374	0	372	AA	213609at5125
WARNING: No parsimony-informative sites in partition 213609at5125
2437	AA	6	355	0	355	AA	213611at5125
WARNING: No variant sites in partition 213611at5125
2438	AA	6	543	6	534	AA	213616at5125
2439	AA	6	579	4	574	AA	213624at5125
2440	AA	6	716	1	712	AA	213636at5125
2441	AA	6	178	0	176	AA	213644at5125
WARNING: No parsimony-informative sites in partition 213644at5125
2442	AA	6	333	3	328	AA	213695at5125
2443	AA	6	900	4	895	AA	213715at5125
2444	AA	6	533	3	528	AA	213719at5125
2445	AA	6	1573	41	1513	AA	213721at5125
2446	AA	6	638	0	635	AA	213746at5125
WARNING: No parsimony-informative sites in partition 213746at5125
2447	AA	6	971	2	966	AA	213747at5125
2448	AA	6	203	2	197	AA	213754at5125
2449	AA	6	1210	2	1205	AA	213755at5125
2450	AA	6	114	0	114	AA	213760at5125
WARNING: No variant sites in partition 213760at5125
2451	AA	6	359	87	269	AA	213762at5125
2452	AA	6	345	3	339	AA	213766at5125
2453	AA	6	320	0	319	AA	213773at5125
WARNING: No parsimony-informative sites in partition 213773at5125
2454	AA	6	1464	10	1445	AA	213780at5125
2455	AA	6	294	1	293	AA	213782at5125
2456	AA	6	550	0	547	AA	213792at5125
WARNING: No parsimony-informative sites in partition 213792at5125
2457	AA	6	248	2	246	AA	213803at5125
2458	AA	6	557	0	554	AA	213806at5125
WARNING: No parsimony-informative sites in partition 213806at5125
2459	AA	6	778	4	769	AA	213834at5125
2460	AA	6	242	0	242	AA	213854at5125
WARNING: No variant sites in partition 213854at5125
2461	AA	6	860	1	854	AA	213869at5125
2462	AA	6	247	3	243	AA	213870at5125
2463	AA	6	477	1	471	AA	213889at5125
2464	AA	6	334	0	332	AA	213920at5125
WARNING: No parsimony-informative sites in partition 213920at5125
2465	AA	6	381	0	378	AA	213926at5125
WARNING: No parsimony-informative sites in partition 213926at5125
2466	AA	6	284	0	278	AA	213931at5125
WARNING: No parsimony-informative sites in partition 213931at5125
2467	AA	6	1951	5	1925	AA	213934at5125
2468	AA	6	582	1	578	AA	213947at5125
2469	AA	6	786	5	773	AA	213968at5125
2470	AA	6	492	4	486	AA	213974at5125
2471	AA	6	714	1	712	AA	213979at5125
2472	AA	6	916	0	913	AA	214002at5125
WARNING: No parsimony-informative sites in partition 214002at5125
2473	AA	6	487	0	481	AA	214010at5125
WARNING: No parsimony-informative sites in partition 214010at5125
2474	AA	6	772	1	769	AA	214015at5125
2475	AA	6	620	6	609	AA	214020at5125
2476	AA	6	495	0	494	AA	214040at5125
WARNING: No parsimony-informative sites in partition 214040at5125
2477	AA	6	1154	41	1105	AA	214066at5125
2478	AA	6	702	2	696	AA	214067at5125
2479	AA	6	281	0	280	AA	214073at5125
WARNING: No parsimony-informative sites in partition 214073at5125
2480	AA	6	1027	6	1009	AA	214076at5125
2481	AA	6	187	0	186	AA	214081at5125
WARNING: No parsimony-informative sites in partition 214081at5125
2482	AA	6	497	0	496	AA	214095at5125
WARNING: No parsimony-informative sites in partition 214095at5125
2483	AA	6	185	0	185	AA	214134at5125
WARNING: No variant sites in partition 214134at5125
2484	AA	6	570	2	557	AA	214164at5125
2485	AA	6	688	1	685	AA	214167at5125
2486	AA	6	354	2	350	AA	214178at5125
2487	AA	6	662	2	657	AA	214228at5125
2488	AA	6	345	0	343	AA	214292at5125
WARNING: No parsimony-informative sites in partition 214292at5125
2489	AA	6	352	1	350	AA	214347at5125
2490	AA	6	357	0	355	AA	214387at5125
WARNING: No parsimony-informative sites in partition 214387at5125
2491	AA	6	704	2	702	AA	214388at5125
2492	AA	6	366	1	364	AA	214395at5125
2493	AA	6	171	1	169	AA	214414at5125
2494	AA	6	411	1	392	AA	214425at5125
2495	AA	6	855	4	846	AA	214448at5125
2496	AA	6	142	0	142	AA	214450at5125
WARNING: No variant sites in partition 214450at5125
2497	AA	6	395	0	392	AA	214451at5125
WARNING: No parsimony-informative sites in partition 214451at5125
2498	AA	6	225	0	224	AA	214463at5125
WARNING: No parsimony-informative sites in partition 214463at5125
2499	AA	6	92	0	92	AA	214502at5125
WARNING: No variant sites in partition 214502at5125
2500	AA	6	660	2	652	AA	214507at5125
2501	AA	6	960	0	957	AA	214514at5125
WARNING: No parsimony-informative sites in partition 214514at5125
2502	AA	6	610	4	597	AA	214520at5125
2503	AA	6	732	4	727	AA	214533at5125
2504	AA	6	607	3	602	AA	214541at5125
2505	AA	6	357	2	351	AA	214547at5125
2506	AA	6	347	2	345	AA	214563at5125
2507	AA	6	291	1	288	AA	214566at5125
2508	AA	6	223	0	222	AA	214580at5125
WARNING: No parsimony-informative sites in partition 214580at5125
2509	AA	6	861	3	853	AA	214583at5125
2510	AA	6	706	5	682	AA	214615at5125
2511	AA	6	1293	2	1287	AA	214626at5125
2512	AA	6	1293	5	1281	AA	214647at5125
2513	AA	6	395	1	391	AA	214653at5125
2514	AA	6	396	1	394	AA	214697at5125
2515	AA	6	997	5	987	AA	214698at5125
2516	AA	6	579	3	574	AA	214705at5125
2517	AA	6	1454	5	1443	AA	214720at5125
2518	AA	6	1403	3	1400	AA	214735at5125
2519	AA	6	904	0	898	AA	214738at5125
WARNING: No parsimony-informative sites in partition 214738at5125
2520	AA	6	1065	4	1052	AA	214766at5125
2521	AA	6	424	0	424	AA	214770at5125
WARNING: No variant sites in partition 214770at5125
2522	AA	6	1228	3	1212	AA	214800at5125
2523	AA	6	505	3	501	AA	214831at5125
2524	AA	6	658	1	651	AA	214839at5125
2525	AA	6	709	5	698	AA	214844at5125
2526	AA	6	265	7	257	AA	214850at5125
2527	AA	6	984	7	968	AA	214865at5125
2528	AA	6	413	0	413	AA	214866at5125
WARNING: No variant sites in partition 214866at5125
2529	AA	6	592	2	586	AA	214889at5125
2530	AA	6	659	0	657	AA	214893at5125
WARNING: No parsimony-informative sites in partition 214893at5125
2531	AA	6	880	3	874	AA	214912at5125
2532	AA	6	172	0	172	AA	214932at5125
WARNING: No variant sites in partition 214932at5125
2533	AA	6	370	4	362	AA	214952at5125
2534	AA	6	337	0	336	AA	214983at5125
WARNING: No parsimony-informative sites in partition 214983at5125
2535	AA	6	394	0	393	AA	214991at5125
WARNING: No parsimony-informative sites in partition 214991at5125
2536	AA	6	505	4	499	AA	215013at5125
2537	AA	6	1381	12	1347	AA	215025at5125
2538	AA	6	312	0	309	AA	215043at5125
WARNING: No parsimony-informative sites in partition 215043at5125
2539	AA	6	529	0	528	AA	215060at5125
WARNING: No parsimony-informative sites in partition 215060at5125
2540	AA	6	288	0	284	AA	215062at5125
WARNING: No parsimony-informative sites in partition 215062at5125
2541	AA	6	439	3	434	AA	215093at5125
2542	AA	6	1071	4	1051	AA	215106at5125
2543	AA	6	250	1	249	AA	215108at5125
2544	AA	6	721	4	713	AA	215109at5125
2545	AA	6	268	1	267	AA	215120at5125
2546	AA	6	2800	19	2733	AA	215144at5125
2547	AA	6	144	0	143	AA	215152at5125
WARNING: No parsimony-informative sites in partition 215152at5125
2548	AA	6	195	0	195	AA	215188at5125
WARNING: No variant sites in partition 215188at5125
2549	AA	6	4848	50	4748	AA	215213at5125
2550	AA	6	797	0	795	AA	215218at5125
WARNING: No parsimony-informative sites in partition 215218at5125
2551	AA	6	690	1	688	AA	215222at5125
2552	AA	6	427	0	425	AA	215236at5125
WARNING: No parsimony-informative sites in partition 215236at5125
2553	AA	6	368	0	361	AA	215237at5125
WARNING: No parsimony-informative sites in partition 215237at5125
2554	AA	6	626	2	619	AA	215254at5125
2555	AA	6	605	3	595	AA	215257at5125
2556	AA	6	426	1	421	AA	215259at5125
2557	AA	6	822	3	815	AA	215272at5125
2558	AA	6	269	0	269	AA	215279at5125
WARNING: No variant sites in partition 215279at5125
2559	AA	6	389	4	384	AA	215288at5125
2560	AA	6	1060	1	1056	AA	215387at5125
2561	AA	6	497	7	485	AA	215399at5125
2562	AA	6	251	1	248	AA	215403at5125
2563	AA	6	287	1	284	AA	215415at5125
2564	AA	6	1297	6	1282	AA	215417at5125
2565	AA	6	806	1	802	AA	215422at5125
2566	AA	6	230	0	228	AA	215430at5125
WARNING: No parsimony-informative sites in partition 215430at5125
2567	AA	6	495	1	493	AA	215431at5125
2568	AA	6	1047	1	1043	AA	215451at5125
2569	AA	6	365	2	361	AA	215501at5125
2570	AA	6	490	3	482	AA	215508at5125
2571	AA	6	185	1	183	AA	215516at5125
2572	AA	6	304	0	304	AA	215529at5125
WARNING: No variant sites in partition 215529at5125
2573	AA	6	1105	14	1084	AA	215545at5125
2574	AA	6	129	0	128	AA	215547at5125
WARNING: No parsimony-informative sites in partition 215547at5125
2575	AA	6	424	2	419	AA	215549at5125
2576	AA	6	468	1	466	AA	215564at5125
2577	AA	6	616	0	615	AA	215570at5125
WARNING: No parsimony-informative sites in partition 215570at5125
2578	AA	6	255	0	251	AA	215577at5125
WARNING: No parsimony-informative sites in partition 215577at5125
2579	AA	6	758	1	756	AA	215582at5125
2580	AA	6	1210	1	1206	AA	215607at5125
2581	AA	6	492	5	437	AA	215623at5125
2582	AA	6	446	1	444	AA	215632at5125
2583	AA	6	417	4	409	AA	215633at5125
2584	AA	6	146	0	146	AA	215637at5125
WARNING: No variant sites in partition 215637at5125
2585	AA	6	477	2	475	AA	215664at5125
2586	AA	6	1051	2	1039	AA	215669at5125
2587	AA	6	238	0	238	AA	215685at5125
WARNING: No variant sites in partition 215685at5125
2588	AA	6	479	3	474	AA	215697at5125
2589	AA	6	669	0	663	AA	215702at5125
WARNING: No parsimony-informative sites in partition 215702at5125
2590	AA	6	296	0	293	AA	215709at5125
WARNING: No parsimony-informative sites in partition 215709at5125
2591	AA	6	400	10	384	AA	215713at5125
2592	AA	6	329	1	328	AA	215722at5125
2593	AA	6	321	2	317	AA	215730at5125
2594	AA	6	428	1	420	AA	215733at5125
2595	AA	6	616	6	601	AA	215744at5125
2596	AA	6	392	14	376	AA	215749at5125
2597	AA	6	324	1	323	AA	215768at5125
2598	AA	6	466	4	455	AA	215780at5125
2599	AA	6	163	0	161	AA	215781at5125
WARNING: No parsimony-informative sites in partition 215781at5125
2600	AA	6	1439	4	1431	AA	215782at5125
2601	AA	6	626	8	590	AA	215788at5125
2602	AA	6	508	0	508	AA	215799at5125
WARNING: No variant sites in partition 215799at5125
2603	AA	6	1018	52	956	AA	215813at5125
2604	AA	6	542	0	540	AA	215824at5125
WARNING: No parsimony-informative sites in partition 215824at5125
2605	AA	6	1096	1	1094	AA	215826at5125
2606	AA	6	219	0	219	AA	215833at5125
WARNING: No variant sites in partition 215833at5125
2607	AA	6	538	0	537	AA	215839at5125
WARNING: No parsimony-informative sites in partition 215839at5125
2608	AA	6	648	2	644	AA	215856at5125
2609	AA	6	390	5	383	AA	215861at5125
2610	AA	6	561	2	557	AA	215883at5125
2611	AA	6	367	9	352	AA	215917at5125
2612	AA	6	454	0	453	AA	215928at5125
WARNING: No parsimony-informative sites in partition 215928at5125
2613	AA	6	934	15	911	AA	215950at5125
2614	AA	6	341	1	340	AA	215967at5125
2615	AA	6	623	4	619	AA	215968at5125
2616	AA	6	796	3	788	AA	215991at5125
2617	AA	6	1040	1	1038	AA	215999at5125
2618	AA	6	595	0	594	AA	216020at5125
WARNING: No parsimony-informative sites in partition 216020at5125
2619	AA	6	1280	13	1249	AA	216029at5125
2620	AA	6	531	8	519	AA	216040at5125
2621	AA	6	918	1	916	AA	216045at5125
2622	AA	6	1208	0	1201	AA	216053at5125
WARNING: No parsimony-informative sites in partition 216053at5125
2623	AA	6	373	0	373	AA	216055at5125
WARNING: No variant sites in partition 216055at5125
2624	AA	6	597	3	593	AA	216091at5125
2625	AA	6	662	0	660	AA	216095at5125
WARNING: No parsimony-informative sites in partition 216095at5125
2626	AA	6	991	7	978	AA	216153at5125
2627	AA	6	154	3	151	AA	216156at5125
2628	AA	6	749	9	729	AA	216159at5125
2629	AA	6	564	2	561	AA	216166at5125
2630	AA	6	601	1	596	AA	216194at5125
2631	AA	6	411	0	409	AA	216204at5125
WARNING: No parsimony-informative sites in partition 216204at5125
2632	AA	6	595	3	590	AA	216210at5125
2633	AA	6	836	4	828	AA	216230at5125
2634	AA	6	353	2	351	AA	216233at5125
2635	AA	6	648	20	609	AA	216247at5125
2636	AA	6	280	2	276	AA	216264at5125
2637	AA	6	560	0	559	AA	216266at5125
WARNING: No parsimony-informative sites in partition 216266at5125
2638	AA	6	299	0	299	AA	216293at5125
WARNING: No variant sites in partition 216293at5125
2639	AA	6	147	0	147	AA	216294at5125
WARNING: No variant sites in partition 216294at5125
2640	AA	6	931	6	913	AA	216296at5125
2641	AA	6	533	2	529	AA	216319at5125
2642	AA	6	374	2	365	AA	216326at5125
2643	AA	6	382	1	381	AA	216333at5125
2644	AA	6	352	2	346	AA	216343at5125
2645	AA	6	665	3	650	AA	216345at5125
2646	AA	6	526	0	523	AA	216348at5125
WARNING: No parsimony-informative sites in partition 216348at5125
2647	AA	6	1326	21	1299	AA	216354at5125
2648	AA	6	473	1	469	AA	216358at5125
2649	AA	6	196	0	195	AA	216361at5125
WARNING: No parsimony-informative sites in partition 216361at5125
2650	AA	6	617	0	612	AA	216377at5125
WARNING: No parsimony-informative sites in partition 216377at5125
2651	AA	6	395	6	386	AA	216385at5125
2652	AA	6	323	1	317	AA	216386at5125
2653	AA	6	846	7	835	AA	216427at5125
2654	AA	6	156	1	154	AA	216449at5125
2655	AA	6	699	5	689	AA	216482at5125
2656	AA	6	714	2	711	AA	216507at5125
2657	AA	6	219	2	214	AA	216508at5125
2658	AA	6	952	1	946	AA	216518at5125
2659	AA	6	1247	4	1235	AA	216519at5125
2660	AA	6	1307	8	1290	AA	216527at5125
2661	AA	6	666	1	660	AA	216539at5125
2662	AA	6	706	4	696	AA	216541at5125
2663	AA	6	342	4	338	AA	216551at5125
2664	AA	6	682	3	677	AA	216581at5125
2665	AA	6	228	2	224	AA	216603at5125
2666	AA	6	563	2	561	AA	216658at5125
2667	AA	6	715	3	705	AA	216679at5125
2668	AA	6	1022	4	1011	AA	216683at5125
2669	AA	6	460	0	459	AA	216684at5125
WARNING: No parsimony-informative sites in partition 216684at5125
2670	AA	6	932	0	930	AA	216685at5125
WARNING: No parsimony-informative sites in partition 216685at5125
2671	AA	6	382	0	382	AA	216704at5125
WARNING: No variant sites in partition 216704at5125
2672	AA	6	930	2	924	AA	216716at5125
2673	AA	6	319	1	317	AA	216717at5125
2674	AA	6	663	3	587	AA	216718at5125
2675	AA	6	805	7	791	AA	216741at5125
2676	AA	6	255	1	254	AA	216762at5125
2677	AA	6	207	2	201	AA	216779at5125
2678	AA	6	633	0	631	AA	216804at5125
WARNING: No parsimony-informative sites in partition 216804at5125
2679	AA	6	501	0	499	AA	216810at5125
WARNING: No parsimony-informative sites in partition 216810at5125
2680	AA	6	582	5	570	AA	216819at5125
2681	AA	6	627	5	613	AA	216833at5125
2682	AA	6	776	1	774	AA	216843at5125
2683	AA	6	943	10	926	AA	216855at5125
2684	AA	6	243	0	241	AA	216887at5125
WARNING: No parsimony-informative sites in partition 216887at5125
2685	AA	6	236	0	234	AA	216906at5125
WARNING: No parsimony-informative sites in partition 216906at5125
2686	AA	6	316	2	314	AA	216908at5125
2687	AA	6	506	1	504	AA	216914at5125
2688	AA	6	1161	10	1124	AA	216919at5125
2689	AA	6	521	4	510	AA	216925at5125
2690	AA	6	677	0	677	AA	216956at5125
WARNING: No variant sites in partition 216956at5125
2691	AA	6	445	6	435	AA	216966at5125
2692	AA	6	139	0	139	AA	216977at5125
WARNING: No variant sites in partition 216977at5125
2693	AA	6	456	2	453	AA	216985at5125
2694	AA	6	321	0	317	AA	217017at5125
WARNING: No parsimony-informative sites in partition 217017at5125
2695	AA	6	1220	9	1206	AA	217018at5125
2696	AA	6	416	1	410	AA	217021at5125
2697	AA	6	318	2	314	AA	217057at5125
2698	AA	6	270	2	267	AA	217060at5125
2699	AA	6	787	1	779	AA	217088at5125
2700	AA	6	260	0	260	AA	217120at5125
WARNING: No variant sites in partition 217120at5125
2701	AA	6	198	1	197	AA	217123at5125
2702	AA	6	427	1	420	AA	217140at5125
2703	AA	6	869	1	865	AA	217156at5125
2704	AA	6	530	1	525	AA	217172at5125
2705	AA	6	302	3	294	AA	217186at5125
2706	AA	6	522	0	519	AA	217207at5125
WARNING: No parsimony-informative sites in partition 217207at5125
2707	AA	6	1063	6	1050	AA	217212at5125
2708	AA	6	441	6	427	AA	217223at5125
2709	AA	6	552	1	549	AA	217239at5125
2710	AA	6	411	4	403	AA	217259at5125
2711	AA	6	244	4	234	AA	217264at5125
2712	AA	6	468	0	468	AA	217277at5125
WARNING: No variant sites in partition 217277at5125
2713	AA	6	1361	12	1330	AA	217302at5125
2714	AA	6	652	0	652	AA	217318at5125
WARNING: No variant sites in partition 217318at5125
2715	AA	6	341	2	336	AA	217322at5125
2716	AA	6	375	3	361	AA	217330at5125
2717	AA	6	424	10	413	AA	217363at5125
2718	AA	6	749	0	749	AA	217381at5125
WARNING: No variant sites in partition 217381at5125
2719	AA	6	1209	12	1175	AA	217390at5125
2720	AA	6	445	4	437	AA	217432at5125
2721	AA	6	535	0	535	AA	217435at5125
WARNING: No variant sites in partition 217435at5125
2722	AA	6	348	0	346	AA	217441at5125
WARNING: No parsimony-informative sites in partition 217441at5125
2723	AA	6	626	1	621	AA	217454at5125
2724	AA	6	390	1	389	AA	217471at5125
2725	AA	6	194	0	193	AA	217472at5125
WARNING: No parsimony-informative sites in partition 217472at5125
2726	AA	6	672	11	642	AA	217525at5125
2727	AA	6	2553	11	2535	AA	217571at5125
2728	AA	6	197	1	186	AA	217582at5125
2729	AA	6	731	4	717	AA	217586at5125
2730	AA	6	718	0	716	AA	217626at5125
WARNING: No parsimony-informative sites in partition 217626at5125
2731	AA	6	407	1	404	AA	217661at5125
2732	AA	6	621	1	618	AA	217662at5125
2733	AA	6	634	6	621	AA	217678at5125
2734	AA	6	857	3	848	AA	217693at5125
2735	AA	6	836	2	827	AA	217701at5125
2736	AA	6	418	2	414	AA	217711at5125
2737	AA	6	537	0	536	AA	217713at5125
WARNING: No parsimony-informative sites in partition 217713at5125
2738	AA	6	763	5	753	AA	217730at5125
2739	AA	6	567	8	556	AA	217747at5125
2740	AA	6	826	9	807	AA	217750at5125
2741	AA	6	239	4	233	AA	217757at5125
2742	AA	6	528	0	527	AA	217781at5125
WARNING: No parsimony-informative sites in partition 217781at5125
2743	AA	6	576	0	573	AA	217793at5125
WARNING: No parsimony-informative sites in partition 217793at5125
2744	AA	6	260	0	260	AA	217799at5125
WARNING: No variant sites in partition 217799at5125
2745	AA	6	469	3	465	AA	217804at5125
2746	AA	6	745	1	742	AA	217827at5125
2747	AA	6	485	0	483	AA	217861at5125
WARNING: No parsimony-informative sites in partition 217861at5125
2748	AA	6	460	2	457	AA	217889at5125
2749	AA	6	824	6	810	AA	217918at5125
2750	AA	6	721	4	690	AA	217927at5125
2751	AA	6	804	1	799	AA	217928at5125
2752	AA	6	703	5	697	AA	217978at5125
2753	AA	6	639	6	630	AA	217982at5125
2754	AA	6	1210	7	1200	AA	217996at5125
2755	AA	6	507	3	497	AA	217998at5125
2756	AA	6	365	0	357	AA	217999at5125
WARNING: No parsimony-informative sites in partition 217999at5125
2757	AA	6	500	1	498	AA	218002at5125
2758	AA	6	643	6	630	AA	218010at5125
2759	AA	6	914	2	911	AA	218019at5125
2760	AA	6	584	9	569	AA	218024at5125
2761	AA	6	381	0	379	AA	218056at5125
WARNING: No parsimony-informative sites in partition 218056at5125
2762	AA	6	272	0	272	AA	218057at5125
WARNING: No variant sites in partition 218057at5125
2763	AA	6	402	1	399	AA	218076at5125
2764	AA	6	818	3	802	AA	218079at5125
2765	AA	6	306	0	306	AA	218086at5125
WARNING: No variant sites in partition 218086at5125
2766	AA	6	552	3	544	AA	218090at5125
2767	AA	6	1092	5	1083	AA	218102at5125
2768	AA	6	1258	7	1246	AA	218104at5125
2769	AA	6	1589	8	1574	AA	218109at5125
2770	AA	6	719	2	715	AA	218115at5125
2771	AA	6	145	0	145	AA	218118at5125
WARNING: No variant sites in partition 218118at5125
2772	AA	6	1009	2	1006	AA	218128at5125
2773	AA	6	168	0	167	AA	218132at5125
WARNING: No parsimony-informative sites in partition 218132at5125
2774	AA	6	719	6	701	AA	218136at5125
2775	AA	6	251	0	250	AA	218137at5125
WARNING: No parsimony-informative sites in partition 218137at5125
2776	AA	6	549	0	546	AA	218142at5125
WARNING: No parsimony-informative sites in partition 218142at5125
2777	AA	6	348	5	342	AA	218145at5125
2778	AA	6	508	1	498	AA	218149at5125
2779	AA	6	375	0	373	AA	218153at5125
WARNING: No parsimony-informative sites in partition 218153at5125
2780	AA	6	1154	3	1140	AA	218197at5125
2781	AA	6	202	0	199	AA	218206at5125
WARNING: No parsimony-informative sites in partition 218206at5125
2782	AA	6	435	1	429	AA	218230at5125
2783	AA	6	573	2	568	AA	218234at5125
2784	AA	6	375	2	371	AA	218240at5125
2785	AA	6	602	3	596	AA	218326at5125
2786	AA	6	1462	7	1444	AA	218337at5125
2787	AA	6	718	4	706	AA	218384at5125
2788	AA	6	130	0	129	AA	218388at5125
WARNING: No parsimony-informative sites in partition 218388at5125
2789	AA	6	935	0	930	AA	218390at5125
WARNING: No parsimony-informative sites in partition 218390at5125
2790	AA	6	92	0	92	AA	218401at5125
WARNING: No variant sites in partition 218401at5125
2791	AA	6	914	4	907	AA	218440at5125
2792	AA	6	412	0	410	AA	218454at5125
WARNING: No parsimony-informative sites in partition 218454at5125
2793	AA	6	232	0	232	AA	218472at5125
WARNING: No variant sites in partition 218472at5125
2794	AA	6	478	3	470	AA	218486at5125
2795	AA	6	631	5	594	AA	218488at5125
2796	AA	6	871	3	862	AA	218490at5125
2797	AA	6	1073	8	1048	AA	218498at5125
2798	AA	6	640	10	617	AA	218521at5125
2799	AA	6	579	5	571	AA	218523at5125
2800	AA	6	1437	13	1413	AA	218525at5125
2801	AA	6	1055	20	1027	AA	218567at5125
2802	AA	6	263	3	257	AA	218582at5125
2803	AA	6	815	3	810	AA	218583at5125
2804	AA	6	777	5	764	AA	218596at5125
2805	AA	6	1108	0	1103	AA	218627at5125
WARNING: No parsimony-informative sites in partition 218627at5125
2806	AA	6	1086	6	1075	AA	218638at5125
2807	AA	6	833	3	829	AA	218647at5125
2808	AA	6	404	1	403	AA	218664at5125
2809	AA	6	633	9	614	AA	218689at5125
2810	AA	6	877	4	870	AA	218694at5125
2811	AA	6	644	5	639	AA	218706at5125
2812	AA	6	221	1	216	AA	218731at5125
2813	AA	6	673	2	660	AA	218732at5125
2814	AA	6	289	3	285	AA	218739at5125
2815	AA	6	598	3	593	AA	218777at5125
2816	AA	6	541	0	537	AA	218786at5125
WARNING: No parsimony-informative sites in partition 218786at5125
2817	AA	6	963	2	935	AA	218809at5125
2818	AA	6	468	4	427	AA	218813at5125
2819	AA	6	202	0	202	AA	218836at5125
WARNING: No variant sites in partition 218836at5125
2820	AA	6	492	4	483	AA	218850at5125
2821	AA	6	1062	5	1046	AA	218852at5125
2822	AA	6	442	1	436	AA	218856at5125
2823	AA	6	483	0	482	AA	218895at5125
WARNING: No parsimony-informative sites in partition 218895at5125
2824	AA	6	1231	2	1222	AA	218915at5125
2825	AA	6	321	0	317	AA	218963at5125
WARNING: No parsimony-informative sites in partition 218963at5125
2826	AA	6	251	0	241	AA	218964at5125
WARNING: No parsimony-informative sites in partition 218964at5125
2827	AA	6	1011	4	1007	AA	218984at5125
2828	AA	6	553	27	524	AA	219052at5125
2829	AA	6	315	40	272	AA	219068at5125
2830	AA	6	662	6	653	AA	219087at5125
2831	AA	6	333	1	329	AA	21908at5125
2832	AA	6	207	0	206	AA	219101at5125
WARNING: No parsimony-informative sites in partition 219101at5125
2833	AA	6	141	0	140	AA	219104at5125
WARNING: No parsimony-informative sites in partition 219104at5125
2834	AA	6	367	1	363	AA	219117at5125
2835	AA	6	1116	3	1112	AA	219119at5125
2836	AA	6	534	2	529	AA	219123at5125
2837	AA	6	252	1	247	AA	219181at5125
2838	AA	6	778	2	771	AA	219203at5125
2839	AA	6	503	3	495	AA	219209at5125
2840	AA	6	536	3	529	AA	219235at5125
2841	AA	6	627	4	620	AA	219245at5125
2842	AA	6	130	0	129	AA	219266at5125
WARNING: No parsimony-informative sites in partition 219266at5125
2843	AA	6	367	0	366	AA	21926at5125
WARNING: No parsimony-informative sites in partition 21926at5125
2844	AA	6	371	0	347	AA	219282at5125
WARNING: No parsimony-informative sites in partition 219282at5125
2845	AA	6	853	2	826	AA	219284at5125
2846	AA	6	372	0	371	AA	219299at5125
WARNING: No parsimony-informative sites in partition 219299at5125
2847	AA	6	588	3	584	AA	219306at5125
2848	AA	6	222	2	219	AA	219337at5125
2849	AA	6	507	0	507	AA	219348at5125
WARNING: No variant sites in partition 219348at5125
2850	AA	6	484	0	483	AA	219355at5125
WARNING: No parsimony-informative sites in partition 219355at5125
2851	AA	6	429	0	428	AA	219360at5125
WARNING: No parsimony-informative sites in partition 219360at5125
2852	AA	6	672	3	669	AA	219361at5125
2853	AA	6	580	5	572	AA	219367at5125
2854	AA	6	336	0	333	AA	219412at5125
WARNING: No parsimony-informative sites in partition 219412at5125
2855	AA	6	818	2	814	AA	219414at5125
2856	AA	6	412	10	397	AA	219418at5125
2857	AA	6	765	0	764	AA	219426at5125
WARNING: No parsimony-informative sites in partition 219426at5125
2858	AA	6	560	5	541	AA	219512at5125
2859	AA	6	476	2	465	AA	219516at5125
2860	AA	6	240	4	233	AA	219532at5125
2861	AA	6	807	5	800	AA	219567at5125
2862	AA	6	460	2	452	AA	219573at5125
2863	AA	6	535	1	531	AA	219574at5125
2864	AA	6	422	2	417	AA	219582at5125
2865	AA	6	673	12	652	AA	219583at5125
2866	AA	6	254	3	251	AA	219600at5125
2867	AA	6	1181	0	1178	AA	219604at5125
WARNING: No parsimony-informative sites in partition 219604at5125
2868	AA	6	679	2	674	AA	219607at5125
2869	AA	6	115	0	115	AA	219622at5125
WARNING: No variant sites in partition 219622at5125
2870	AA	6	1144	5	1134	AA	219651at5125
2871	AA	6	975	8	963	AA	219653at5125
2872	AA	6	706	2	698	AA	219655at5125
2873	AA	6	1196	8	1177	AA	219675at5125
2874	AA	6	500	4	492	AA	219692at5125
2875	AA	6	675	3	667	AA	219696at5125
2876	AA	6	1168	1	1163	AA	219703at5125
2877	AA	6	234	1	230	AA	219707at5125
2878	AA	6	417	5	407	AA	219721at5125
2879	AA	6	692	5	686	AA	219762at5125
2880	AA	6	252	1	249	AA	219780at5125
2881	AA	6	484	0	484	AA	219787at5125
WARNING: No variant sites in partition 219787at5125
2882	AA	6	215	1	211	AA	219796at5125
2883	AA	6	317	2	311	AA	219801at5125
2884	AA	6	260	0	257	AA	219809at5125
WARNING: No parsimony-informative sites in partition 219809at5125
2885	AA	6	656	2	652	AA	219812at5125
2886	AA	6	529	3	522	AA	219833at5125
2887	AA	6	135	2	131	AA	219867at5125
2888	AA	6	512	2	509	AA	219871at5125
2889	AA	6	722	2	719	AA	219892at5125
2890	AA	6	185	0	185	AA	219898at5125
WARNING: No variant sites in partition 219898at5125
2891	AA	6	504	1	500	AA	219940at5125
2892	AA	6	397	2	390	AA	219977at5125
2893	AA	6	665	8	654	AA	219981at5125
2894	AA	6	689	3	684	AA	219983at5125
2895	AA	6	218	1	214	AA	220009at5125
2896	AA	6	313	0	312	AA	220034at5125
WARNING: No parsimony-informative sites in partition 220034at5125
2897	AA	6	576	0	568	AA	220045at5125
WARNING: No parsimony-informative sites in partition 220045at5125
2898	AA	6	536	2	531	AA	220052at5125
2899	AA	6	206	0	206	AA	220055at5125
WARNING: No variant sites in partition 220055at5125
2900	AA	6	638	6	627	AA	220097at5125
2901	AA	6	445	1	442	AA	220141at5125
2902	AA	6	641	1	631	AA	220145at5125
2903	AA	6	254	1	250	AA	220146at5125
2904	AA	6	664	4	657	AA	220164at5125
2905	AA	6	555	7	543	AA	220180at5125
2906	AA	6	401	17	382	AA	220205at5125
2907	AA	6	529	29	496	AA	220206at5125
2908	AA	6	617	3	609	AA	220211at5125
2909	AA	6	614	1	609	AA	220224at5125
2910	AA	6	596	1	593	AA	220227at5125
2911	AA	6	308	0	307	AA	220234at5125
WARNING: No parsimony-informative sites in partition 220234at5125
2912	AA	6	684	3	677	AA	220241at5125
2913	AA	6	621	3	617	AA	220242at5125
2914	AA	6	342	9	323	AA	220250at5125
2915	AA	6	466	1	463	AA	220255at5125
2916	AA	6	444	2	442	AA	220263at5125
2917	AA	6	337	2	334	AA	220292at5125
2918	AA	6	220	0	218	AA	220339at5125
WARNING: No parsimony-informative sites in partition 220339at5125
2919	AA	6	641	1	638	AA	220340at5125
2920	AA	6	535	1	534	AA	220356at5125
2921	AA	6	586	5	579	AA	220363at5125
2922	AA	6	471	2	467	AA	220366at5125
2923	AA	6	523	1	519	AA	220372at5125
2924	AA	6	659	3	655	AA	220376at5125
2925	AA	6	527	5	520	AA	220397at5125
2926	AA	6	723	4	717	AA	220414at5125
2927	AA	6	346	0	345	AA	220419at5125
WARNING: No parsimony-informative sites in partition 220419at5125
2928	AA	6	343	2	340	AA	220435at5125
2929	AA	6	381	3	372	AA	220452at5125
2930	AA	6	677	4	672	AA	220456at5125
2931	AA	6	604	3	600	AA	220486at5125
2932	AA	6	1240	3	1230	AA	220496at5125
2933	AA	6	472	2	465	AA	220511at5125
2934	AA	6	623	2	621	AA	220516at5125
2935	AA	6	1634	9	1615	AA	220517at5125
2936	AA	6	565	2	543	AA	220524at5125
2937	AA	6	490	1	485	AA	220529at5125
2938	AA	6	226	2	223	AA	220530at5125
2939	AA	6	196	1	194	AA	220551at5125
2940	AA	6	533	1	530	AA	220572at5125
2941	AA	6	331	0	330	AA	220581at5125
WARNING: No parsimony-informative sites in partition 220581at5125
2942	AA	6	259	1	257	AA	220592at5125
2943	AA	6	1773	7	1751	AA	220597at5125
2944	AA	6	329	1	324	AA	220599at5125
2945	AA	6	644	1	642	AA	220612at5125
2946	AA	6	140	1	136	AA	220646at5125
2947	AA	6	544	5	537	AA	220715at5125
2948	AA	6	569	3	563	AA	220723at5125
2949	AA	6	153	1	152	AA	220724at5125
2950	AA	6	1367	44	1304	AA	220732at5125
2951	AA	6	382	0	379	AA	220759at5125
WARNING: No parsimony-informative sites in partition 220759at5125
2952	AA	6	546	1	543	AA	220769at5125
2953	AA	6	2300	12	2268	AA	220785at5125
2954	AA	6	426	0	422	AA	220786at5125
WARNING: No parsimony-informative sites in partition 220786at5125
2955	AA	6	228	0	228	AA	220821at5125
WARNING: No variant sites in partition 220821at5125
2956	AA	6	138	1	136	AA	220823at5125
2957	AA	6	270	1	267	AA	220838at5125
2958	AA	6	357	1	352	AA	220842at5125
2959	AA	6	918	2	878	AA	220850at5125
2960	AA	6	783	4	772	AA	220877at5125
2961	AA	6	413	6	404	AA	220890at5125
2962	AA	6	148	0	145	AA	220968at5125
WARNING: No parsimony-informative sites in partition 220968at5125
2963	AA	6	729	1	715	AA	220985at5125
2964	AA	6	622	8	606	AA	221004at5125
2965	AA	6	565	1	560	AA	221018at5125
2966	AA	6	491	3	485	AA	221021at5125
2967	AA	6	275	0	275	AA	221038at5125
WARNING: No variant sites in partition 221038at5125
2968	AA	6	693	0	687	AA	221042at5125
WARNING: No parsimony-informative sites in partition 221042at5125
2969	AA	6	1178	9	1161	AA	221047at5125
2970	AA	6	666	2	658	AA	221060at5125
2971	AA	6	358	5	348	AA	221075at5125
2972	AA	6	316	0	312	AA	221089at5125
WARNING: No parsimony-informative sites in partition 221089at5125
2973	AA	6	395	2	390	AA	221103at5125
2974	AA	6	865	16	841	AA	221106at5125
2975	AA	6	472	0	470	AA	221116at5125
WARNING: No parsimony-informative sites in partition 221116at5125
2976	AA	6	333	0	333	AA	221138at5125
WARNING: No variant sites in partition 221138at5125
2977	AA	6	269	29	238	AA	221141at5125
2978	AA	6	319	0	316	AA	221158at5125
WARNING: No parsimony-informative sites in partition 221158at5125
2979	AA	6	366	4	361	AA	221182at5125
2980	AA	6	575	1	573	AA	221212at5125
2981	AA	6	685	2	676	AA	221222at5125
2982	AA	6	881	2	869	AA	221228at5125
2983	AA	6	96	1	95	AA	221239at5125
2984	AA	6	1088	47	1036	AA	221247at5125
2985	AA	6	377	0	375	AA	221278at5125
WARNING: No parsimony-informative sites in partition 221278at5125
2986	AA	6	644	3	632	AA	221279at5125
2987	AA	6	217	1	214	AA	221281at5125
2988	AA	6	362	1	361	AA	221282at5125
2989	AA	6	912	8	882	AA	221300at5125
2990	AA	6	457	1	456	AA	221315at5125
2991	AA	6	585	0	580	AA	221322at5125
WARNING: No parsimony-informative sites in partition 221322at5125
2992	AA	6	255	2	251	AA	221332at5125
2993	AA	6	169	1	167	AA	221345at5125
2994	AA	6	509	5	502	AA	221352at5125
2995	AA	6	205	0	203	AA	221361at5125
WARNING: No parsimony-informative sites in partition 221361at5125
2996	AA	6	402	0	401	AA	221369at5125
WARNING: No parsimony-informative sites in partition 221369at5125
2997	AA	6	656	3	649	AA	221389at5125
2998	AA	6	231	0	231	AA	221393at5125
WARNING: No variant sites in partition 221393at5125
2999	AA	6	1008	1	1001	AA	221395at5125
3000	AA	6	546	9	535	AA	221396at5125
3001	AA	6	851	9	840	AA	221415at5125
3002	AA	6	515	0	507	AA	221466at5125
WARNING: No parsimony-informative sites in partition 221466at5125
3003	AA	6	319	1	317	AA	221470at5125
3004	AA	6	683	2	660	AA	221476at5125
3005	AA	6	511	1	499	AA	221492at5125
3006	AA	6	394	0	390	AA	221501at5125
WARNING: No parsimony-informative sites in partition 221501at5125
3007	AA	6	268	0	266	AA	221516at5125
WARNING: No parsimony-informative sites in partition 221516at5125
3008	AA	6	454	1	453	AA	221525at5125
3009	AA	6	1457	5	1440	AA	221527at5125
3010	AA	6	567	8	553	AA	221533at5125
3011	AA	6	439	1	435	AA	221549at5125
3012	AA	6	153	1	152	AA	221560at5125
3013	AA	6	445	0	444	AA	221582at5125
WARNING: No parsimony-informative sites in partition 221582at5125
3014	AA	6	213	6	194	AA	221593at5125
3015	AA	6	333	3	327	AA	221607at5125
3016	AA	6	308	2	304	AA	221608at5125
3017	AA	6	246	0	246	AA	221610at5125
WARNING: No variant sites in partition 221610at5125
3018	AA	6	383	18	358	AA	221615at5125
3019	AA	6	237	2	234	AA	221622at5125
3020	AA	6	665	4	660	AA	221637at5125
3021	AA	6	280	2	277	AA	221645at5125
3022	AA	6	291	2	280	AA	221648at5125
3023	AA	6	551	1	540	AA	221670at5125
3024	AA	6	859	1	853	AA	221680at5125
3025	AA	6	1722	5	1711	AA	221689at5125
3026	AA	6	424	4	412	AA	221698at5125
3027	AA	6	1701	1	1695	AA	221758at5125
3028	AA	6	452	3	447	AA	221810at5125
3029	AA	6	416	2	414	AA	221813at5125
3030	AA	6	508	2	499	AA	221831at5125
3031	AA	6	251	0	251	AA	221852at5125
WARNING: No variant sites in partition 221852at5125
3032	AA	6	350	4	341	AA	221866at5125
3033	AA	6	179	0	177	AA	221873at5125
WARNING: No parsimony-informative sites in partition 221873at5125
3034	AA	6	466	5	458	AA	221879at5125
3035	AA	6	453	1	452	AA	221913at5125
3036	AA	6	624	0	620	AA	221926at5125
WARNING: No parsimony-informative sites in partition 221926at5125
3037	AA	6	551	0	549	AA	221929at5125
WARNING: No parsimony-informative sites in partition 221929at5125
3038	AA	6	277	1	276	AA	221953at5125
3039	AA	6	368	2	366	AA	221985at5125
3040	AA	6	334	0	333	AA	221997at5125
WARNING: No parsimony-informative sites in partition 221997at5125
3041	AA	6	203	1	202	AA	222003at5125
3042	AA	6	595	4	586	AA	222052at5125
3043	AA	6	459	1	456	AA	222072at5125
3044	AA	6	227	1	224	AA	222092at5125
3045	AA	6	131	0	131	AA	222094at5125
WARNING: No variant sites in partition 222094at5125
3046	AA	6	555	3	535	AA	222153at5125
3047	AA	6	376	26	346	AA	222159at5125
3048	AA	6	273	3	267	AA	222173at5125
3049	AA	6	411	1	406	AA	222174at5125
3050	AA	6	464	5	449	AA	222177at5125
3051	AA	6	232	2	227	AA	222182at5125
3052	AA	6	278	1	277	AA	222198at5125
3053	AA	6	477	0	477	AA	222206at5125
WARNING: No variant sites in partition 222206at5125
3054	AA	6	463	1	462	AA	222216at5125
3055	AA	6	152	1	144	AA	222227at5125
3056	AA	6	524	1	523	AA	222280at5125
3057	AA	6	297	2	292	AA	222281at5125
3058	AA	6	362	1	350	AA	222284at5125
3059	AA	6	310	1	307	AA	222287at5125
3060	AA	6	673	3	665	AA	222290at5125
3061	AA	6	734	3	730	AA	222341at5125
3062	AA	6	280	2	278	AA	222352at5125
3063	AA	6	580	2	575	AA	222374at5125
3064	AA	6	296	2	293	AA	222376at5125
3065	AA	6	719	2	714	AA	222384at5125
3066	AA	6	404	2	397	AA	222418at5125
3067	AA	6	490	3	481	AA	222430at5125
3068	AA	6	402	1	400	AA	222441at5125
3069	AA	6	306	0	303	AA	222445at5125
WARNING: No parsimony-informative sites in partition 222445at5125
3070	AA	6	339	4	333	AA	222485at5125
3071	AA	6	407	1	380	AA	222491at5125
3072	AA	6	818	3	812	AA	222528at5125
3073	AA	6	195	2	192	AA	222546at5125
3074	AA	6	426	1	422	AA	22255at5125
3075	AA	6	958	4	952	AA	222567at5125
3076	AA	6	428	5	419	AA	222574at5125
3077	AA	6	148	0	148	AA	222624at5125
WARNING: No variant sites in partition 222624at5125
3078	AA	6	187	0	187	AA	222629at5125
WARNING: No variant sites in partition 222629at5125
3079	AA	6	295	2	291	AA	222634at5125
3080	AA	6	237	1	235	AA	222646at5125
3081	AA	6	200	2	198	AA	222663at5125
3082	AA	6	777	1	771	AA	222665at5125
3083	AA	6	388	0	387	AA	22269at5125
WARNING: No parsimony-informative sites in partition 22269at5125
3084	AA	6	407	2	404	AA	222704at5125
3085	AA	6	72	1	71	AA	222715at5125
3086	AA	6	400	2	397	AA	222729at5125
3087	AA	6	1056	32	977	AA	222753at5125
3088	AA	6	318	1	316	AA	222763at5125
3089	AA	6	684	11	662	AA	222766at5125
3090	AA	6	331	2	326	AA	222776at5125
3091	AA	6	422	3	413	AA	222812at5125
3092	AA	6	355	4	345	AA	222814at5125
3093	AA	6	519	1	514	AA	222843at5125
3094	AA	6	197	1	193	AA	222853at5125
3095	AA	6	756	12	679	AA	222863at5125
3096	AA	6	289	0	288	AA	222901at5125
WARNING: No parsimony-informative sites in partition 222901at5125
3097	AA	6	263	1	261	AA	222908at5125
3098	AA	6	229	2	220	AA	222933at5125
3099	AA	6	349	2	344	AA	222951at5125
3100	AA	6	383	2	379	AA	222954at5125
3101	AA	6	289	0	285	AA	222999at5125
WARNING: No parsimony-informative sites in partition 222999at5125
3102	AA	6	596	1	589	AA	223015at5125
3103	AA	6	614	2	593	AA	223067at5125
3104	AA	6	502	0	499	AA	223090at5125
WARNING: No parsimony-informative sites in partition 223090at5125
3105	AA	6	496	2	487	AA	223102at5125
3106	AA	6	181	1	179	AA	223114at5125
3107	AA	6	219	1	218	AA	223115at5125
3108	AA	6	609	1	607	AA	223138at5125
3109	AA	6	201	0	198	AA	223144at5125
WARNING: No parsimony-informative sites in partition 223144at5125
3110	AA	6	657	1	646	AA	223166at5125
3111	AA	6	613	2	599	AA	223179at5125
3112	AA	6	411	0	410	AA	223181at5125
WARNING: No parsimony-informative sites in partition 223181at5125
3113	AA	6	227	6	217	AA	223184at5125
3114	AA	6	691	4	681	AA	223190at5125
3115	AA	6	848	3	836	AA	223198at5125
3116	AA	6	356	5	349	AA	223225at5125
3117	AA	6	196	1	193	AA	223242at5125
3118	AA	6	374	0	363	AA	223246at5125
WARNING: No parsimony-informative sites in partition 223246at5125
3119	AA	6	597	4	590	AA	223268at5125
3120	AA	6	453	1	449	AA	223340at5125
3121	AA	6	476	0	473	AA	223351at5125
WARNING: No parsimony-informative sites in partition 223351at5125
3122	AA	6	305	2	297	AA	223386at5125
3123	AA	6	915	6	899	AA	223392at5125
3124	AA	6	200	3	194	AA	223398at5125
3125	AA	6	707	9	694	AA	223421at5125
3126	AA	6	497	0	494	AA	223434at5125
WARNING: No parsimony-informative sites in partition 223434at5125
3127	AA	6	542	5	532	AA	223466at5125
3128	AA	6	382	3	376	AA	223468at5125
3129	AA	6	861	5	849	AA	223470at5125
3130	AA	6	338	1	329	AA	223499at5125
3131	AA	6	255	2	253	AA	223509at5125
3132	AA	6	1130	20	1085	AA	223512at5125
3133	AA	6	241	0	240	AA	223534at5125
WARNING: No parsimony-informative sites in partition 223534at5125
3134	AA	6	1293	7	1280	AA	223543at5125
3135	AA	6	519	6	512	AA	223556at5125
3136	AA	6	201	0	201	AA	223567at5125
WARNING: No variant sites in partition 223567at5125
3137	AA	6	252	0	251	AA	223592at5125
WARNING: No parsimony-informative sites in partition 223592at5125
3138	AA	6	206	3	201	AA	223602at5125
3139	AA	6	250	1	248	AA	223622at5125
3140	AA	6	195	0	195	AA	223645at5125
WARNING: No variant sites in partition 223645at5125
3141	AA	6	288	6	282	AA	223673at5125
3142	AA	6	623	2	616	AA	223681at5125
3143	AA	6	202	2	199	AA	223707at5125
3144	AA	6	92	0	92	AA	223737at5125
WARNING: No variant sites in partition 223737at5125
3145	AA	6	447	8	432	AA	223741at5125
3146	AA	6	133	0	133	AA	223745at5125
WARNING: No variant sites in partition 223745at5125
3147	AA	6	616	1	607	AA	223769at5125
3148	AA	6	129	1	126	AA	223785at5125
3149	AA	6	364	10	352	AA	223797at5125
3150	AA	6	222	3	216	AA	223799at5125
3151	AA	6	147	0	147	AA	223807at5125
WARNING: No variant sites in partition 223807at5125
3152	AA	6	909	14	887	AA	223819at5125
3153	AA	6	420	2	415	AA	223820at5125
3154	AA	6	284	7	275	AA	223824at5125
3155	AA	6	316	9	306	AA	223893at5125
3156	AA	6	282	2	279	AA	223898at5125
3157	AA	6	466	1	458	AA	223908at5125
3158	AA	6	310	4	299	AA	223909at5125
3159	AA	6	394	2	383	AA	223920at5125
3160	AA	6	346	5	336	AA	224042at5125
3161	AA	6	422	6	408	AA	224044at5125
3162	AA	6	426	8	416	AA	224050at5125
3163	AA	6	272	1	271	AA	224052at5125
3164	AA	6	735	7	715	AA	224058at5125
3165	AA	6	400	0	398	AA	224080at5125
WARNING: No parsimony-informative sites in partition 224080at5125
3166	AA	6	281	0	281	AA	224085at5125
WARNING: No variant sites in partition 224085at5125
3167	AA	6	342	2	333	AA	224092at5125
3168	AA	6	576	2	566	AA	224144at5125
3169	AA	6	406	0	401	AA	224150at5125
WARNING: No parsimony-informative sites in partition 224150at5125
3170	AA	6	383	20	360	AA	224170at5125
3171	AA	6	169	2	163	AA	224210at5125
3172	AA	6	176	3	172	AA	224257at5125
3173	AA	6	253	3	248	AA	224350at5125
3174	AA	6	550	1	545	AA	224389at5125
3175	AA	6	89	2	86	AA	224422at5125
3176	AA	6	415	1	413	AA	224443at5125
3177	AA	6	398	1	394	AA	224454at5125
3178	AA	6	320	2	314	AA	224473at5125
3179	AA	6	495	4	487	AA	224488at5125
3180	AA	6	560	2	554	AA	224494at5125
3181	AA	6	348	1	343	AA	224507at5125
3182	AA	6	415	4	408	AA	224534at5125
3183	AA	6	463	2	455	AA	224557at5125
3184	AA	6	464	1	460	AA	224575at5125
3185	AA	6	233	2	227	AA	224629at5125
3186	AA	6	282	2	277	AA	226417at5125
3187	AA	6	840	4	835	AA	226951at5125
3188	AA	6	226	1	224	AA	226966at5125
3189	AA	6	117	0	117	AA	227019at5125
WARNING: No variant sites in partition 227019at5125
3190	AA	6	283	1	282	AA	227050at5125
3191	AA	6	496	0	495	AA	227295at5125
WARNING: No parsimony-informative sites in partition 227295at5125
3192	AA	6	368	7	358	AA	227300at5125
3193	AA	6	723	4	717	AA	227331at5125
3194	AA	6	625	0	625	AA	227452at5125
WARNING: No variant sites in partition 227452at5125
3195	AA	6	334	0	334	AA	22746at5125
WARNING: No variant sites in partition 22746at5125
3196	AA	6	260	0	257	AA	227519at5125
WARNING: No parsimony-informative sites in partition 227519at5125
3197	AA	6	1354	15	1319	AA	227528at5125
3198	AA	6	349	1	346	AA	227644at5125
3199	AA	6	416	3	410	AA	227791at5125
3200	AA	6	1927	30	1878	AA	227932at5125
3201	AA	6	649	2	644	AA	228044at5125
3202	AA	6	320	9	293	AA	228045at5125
3203	AA	6	526	5	513	AA	228275at5125
3204	AA	6	146	0	146	AA	23119at5125
WARNING: No variant sites in partition 23119at5125
3205	AA	6	132	13	110	AA	23161at5125
3206	AA	6	709	2	706	AA	23233at5125
3207	AA	6	160	6	154	AA	23412at5125
3208	AA	6	388	0	384	AA	23533at5125
WARNING: No parsimony-informative sites in partition 23533at5125
3209	AA	6	770	2	768	AA	23667at5125
3210	AA	6	1047	3	1042	AA	25334at5125
3211	AA	6	274	0	272	AA	25341at5125
WARNING: No parsimony-informative sites in partition 25341at5125
3212	AA	6	726	5	716	AA	25373at5125
3213	AA	6	490	0	490	AA	25837at5125
WARNING: No variant sites in partition 25837at5125
3214	AA	6	1078	3	1074	AA	25927at5125
3215	AA	6	298	0	295	AA	25989at5125
WARNING: No parsimony-informative sites in partition 25989at5125
3216	AA	6	637	9	624	AA	27800at5125
3217	AA	6	329	2	325	AA	27835at5125
3218	AA	6	516	4	509	AA	28081at5125
3219	AA	6	87	0	87	AA	2810at5125
WARNING: No variant sites in partition 2810at5125
3220	AA	6	393	0	392	AA	28608at5125
WARNING: No parsimony-informative sites in partition 28608at5125
3221	AA	6	670	0	669	AA	2860at5125
WARNING: No parsimony-informative sites in partition 2860at5125
3222	AA	6	272	3	267	AA	28628at5125
3223	AA	6	183	0	183	AA	28680at5125
WARNING: No variant sites in partition 28680at5125
3224	AA	6	86	0	86	AA	28761at5125
WARNING: No variant sites in partition 28761at5125
3225	AA	6	580	9	560	AA	29110at5125
3226	AA	6	373	1	371	AA	29239at5125
3227	AA	6	519	2	479	AA	29332at5125
3228	AA	6	491	2	489	AA	29445at5125
3229	AA	6	384	0	384	AA	29491at5125
WARNING: No variant sites in partition 29491at5125
3230	AA	6	550	4	530	AA	29617at5125
3231	AA	6	446	1	441	AA	29683at5125
3232	AA	6	1224	2	1220	AA	30317at5125
3233	AA	6	448	3	443	AA	30405at5125
3234	AA	6	129	0	129	AA	30923at5125
WARNING: No variant sites in partition 30923at5125
3235	AA	6	357	0	357	AA	31012at5125
WARNING: No variant sites in partition 31012at5125
3236	AA	6	924	6	905	AA	31075at5125
3237	AA	6	448	4	442	AA	31179at5125
3238	AA	6	960	2	950	AA	31314at5125
3239	AA	6	695	3	691	AA	31343at5125
3240	AA	6	1270	0	1269	AA	31619at5125
WARNING: No parsimony-informative sites in partition 31619at5125
3241	AA	6	855	1	851	AA	31696at5125
3242	AA	6	106	0	106	AA	31753at5125
WARNING: No variant sites in partition 31753at5125
3243	AA	6	687	1	684	AA	32145at5125
3244	AA	6	1073	3	1064	AA	32284at5125
3245	AA	6	373	3	370	AA	32666at5125
3246	AA	6	471	0	469	AA	32730at5125
WARNING: No parsimony-informative sites in partition 32730at5125
3247	AA	6	363	0	362	AA	32748at5125
WARNING: No parsimony-informative sites in partition 32748at5125
3248	AA	6	570	0	568	AA	33012at5125
WARNING: No parsimony-informative sites in partition 33012at5125
3249	AA	6	579	0	577	AA	33101at5125
WARNING: No parsimony-informative sites in partition 33101at5125
3250	AA	6	376	4	366	AA	33226at5125
3251	AA	6	350	1	345	AA	33299at5125
3252	AA	6	971	2	969	AA	33840at5125
3253	AA	6	139	1	137	AA	33926at5125
3254	AA	6	170	1	169	AA	33953at5125
3255	AA	6	531	0	530	AA	34096at5125
WARNING: No parsimony-informative sites in partition 34096at5125
3256	AA	6	453	2	450	AA	34574at5125
3257	AA	6	1072	1	1068	AA	35216at5125
3258	AA	6	986	4	976	AA	35308at5125
3259	AA	6	375	1	374	AA	35570at5125
3260	AA	6	283	0	282	AA	35630at5125
WARNING: No parsimony-informative sites in partition 35630at5125
3261	AA	6	772	5	761	AA	35744at5125
3262	AA	6	788	2	783	AA	35964at5125
3263	AA	6	1220	9	1198	AA	36308at5125
3264	AA	6	366	0	363	AA	3723at5125
WARNING: No parsimony-informative sites in partition 3723at5125
3265	AA	6	192	1	191	AA	38498at5125
3266	AA	6	774	1	771	AA	39102at5125
3267	AA	6	356	0	353	AA	39179at5125
WARNING: No parsimony-informative sites in partition 39179at5125
3268	AA	6	325	0	324	AA	3927at5125
WARNING: No parsimony-informative sites in partition 3927at5125
3269	AA	6	565	1	564	AA	39338at5125
3270	AA	6	411	7	403	AA	39398at5125
3271	AA	6	351	4	337	AA	39467at5125
3272	AA	6	626	0	623	AA	39772at5125
WARNING: No parsimony-informative sites in partition 39772at5125
3273	AA	6	256	0	256	AA	40012at5125
WARNING: No variant sites in partition 40012at5125
3274	AA	6	537	1	535	AA	40335at5125
3275	AA	6	615	2	613	AA	40402at5125
3276	AA	6	347	0	347	AA	40614at5125
WARNING: No variant sites in partition 40614at5125
3277	AA	6	576	3	571	AA	41003at5125
3278	AA	6	860	6	846	AA	41048at5125
3279	AA	6	467	3	459	AA	41182at5125
3280	AA	6	391	0	391	AA	41504at5125
WARNING: No variant sites in partition 41504at5125
3281	AA	6	641	1	640	AA	41551at5125
3282	AA	6	409	2	407	AA	41934at5125
3283	AA	6	253	0	251	AA	42080at5125
WARNING: No parsimony-informative sites in partition 42080at5125
3284	AA	6	348	0	347	AA	42205at5125
WARNING: No parsimony-informative sites in partition 42205at5125
3285	AA	6	90	0	90	AA	4250at5125
WARNING: No variant sites in partition 4250at5125
3286	AA	6	433	4	424	AA	43025at5125
3287	AA	6	1364	0	1364	AA	43081at5125
WARNING: No variant sites in partition 43081at5125
3288	AA	6	570	1	568	AA	43840at5125
3289	AA	6	565	5	554	AA	44251at5125
3290	AA	6	845	0	844	AA	44326at5125
WARNING: No parsimony-informative sites in partition 44326at5125
3291	AA	6	504	5	497	AA	44525at5125
3292	AA	6	416	0	411	AA	44554at5125
WARNING: No parsimony-informative sites in partition 44554at5125
3293	AA	6	373	2	369	AA	44703at5125
3294	AA	6	243	0	240	AA	44919at5125
WARNING: No parsimony-informative sites in partition 44919at5125
3295	AA	6	133	0	133	AA	45226at5125
WARNING: No variant sites in partition 45226at5125
3296	AA	6	179	0	179	AA	45437at5125
WARNING: No variant sites in partition 45437at5125
3297	AA	6	558	8	546	AA	45442at5125
3298	AA	6	612	0	611	AA	45760at5125
WARNING: No parsimony-informative sites in partition 45760at5125
3299	AA	6	200	0	199	AA	45902at5125
WARNING: No parsimony-informative sites in partition 45902at5125
3300	AA	6	434	1	431	AA	46219at5125
3301	AA	6	122	0	122	AA	46325at5125
WARNING: No variant sites in partition 46325at5125
3302	AA	6	862	1	859	AA	46331at5125
3303	AA	6	280	0	280	AA	46589at5125
WARNING: No variant sites in partition 46589at5125
3304	AA	6	733	1	727	AA	46939at5125
3305	AA	6	982	8	972	AA	46946at5125
3306	AA	6	400	1	393	AA	47007at5125
3307	AA	6	428	5	420	AA	47141at5125
3308	AA	6	290	1	287	AA	47364at5125
3309	AA	6	529	3	526	AA	47502at5125
3310	AA	6	113	0	113	AA	47657at5125
WARNING: No variant sites in partition 47657at5125
3311	AA	6	321	8	310	AA	48014at5125
3312	AA	6	524	0	522	AA	48049at5125
WARNING: No parsimony-informative sites in partition 48049at5125
3313	AA	6	267	13	251	AA	48063at5125
3314	AA	6	134	1	132	AA	48091at5125
3315	AA	6	180	1	179	AA	481at5125
3316	AA	6	221	3	217	AA	4866at5125
3317	AA	6	489	2	481	AA	48777at5125
3318	AA	6	516	3	513	AA	49025at5125
3319	AA	6	605	7	598	AA	49263at5125
3320	AA	6	616	3	612	AA	49280at5125
3321	AA	6	266	0	266	AA	49463at5125
WARNING: No variant sites in partition 49463at5125
3322	AA	6	475	1	473	AA	49865at5125
3323	AA	6	1450	3	1441	AA	50124at5125
3324	AA	6	756	6	740	AA	50655at5125
3325	AA	6	422	0	421	AA	50750at5125
WARNING: No parsimony-informative sites in partition 50750at5125
3326	AA	6	561	2	558	AA	51549at5125
3327	AA	6	233	0	231	AA	52787at5125
WARNING: No parsimony-informative sites in partition 52787at5125
3328	AA	6	221	0	221	AA	5292at5125
WARNING: No variant sites in partition 5292at5125
3329	AA	6	539	1	536	AA	52936at5125
3330	AA	6	675	3	672	AA	52986at5125
3331	AA	6	524	5	518	AA	53093at5125
3332	AA	6	140	2	132	AA	53485at5125
3333	AA	6	879	4	874	AA	53733at5125
3334	AA	6	419	2	415	AA	53840at5125
3335	AA	6	1026	1	1018	AA	54472at5125
3336	AA	6	454	0	454	AA	55190at5125
WARNING: No variant sites in partition 55190at5125
3337	AA	6	553	12	539	AA	55284at5125
3338	AA	6	619	5	612	AA	55702at5125
3339	AA	6	447	0	447	AA	55966at5125
WARNING: No variant sites in partition 55966at5125
3340	AA	6	394	1	390	AA	56002at5125
3341	AA	6	166	0	166	AA	56082at5125
WARNING: No variant sites in partition 56082at5125
3342	AA	6	477	1	475	AA	56725at5125
3343	AA	6	201	1	199	AA	56866at5125
3344	AA	6	106	0	106	AA	57446at5125
WARNING: No variant sites in partition 57446at5125
3345	AA	6	502	0	502	AA	57925at5125
WARNING: No variant sites in partition 57925at5125
3346	AA	6	460	4	453	AA	58060at5125
3347	AA	6	859	0	857	AA	58194at5125
WARNING: No parsimony-informative sites in partition 58194at5125
3348	AA	6	573	0	572	AA	58559at5125
WARNING: No parsimony-informative sites in partition 58559at5125
3349	AA	6	651	2	648	AA	58621at5125
3350	AA	6	411	11	398	AA	58722at5125
3351	AA	6	539	5	533	AA	58942at5125
3352	AA	6	1869	7	1847	AA	59126at5125
3353	AA	6	224	3	218	AA	60029at5125
3354	AA	6	1421	5	1404	AA	60382at5125
3355	AA	6	468	1	440	AA	60519at5125
3356	AA	6	549	1	547	AA	60521at5125
3357	AA	6	1521	2	1517	AA	60771at5125
3358	AA	6	416	0	414	AA	60997at5125
WARNING: No parsimony-informative sites in partition 60997at5125
3359	AA	6	116	0	116	AA	61008at5125
WARNING: No variant sites in partition 61008at5125
3360	AA	6	1694	12	1671	AA	61042at5125
3361	AA	6	222	0	222	AA	61166at5125
WARNING: No variant sites in partition 61166at5125
3362	AA	6	659	0	658	AA	61376at5125
WARNING: No parsimony-informative sites in partition 61376at5125
3363	AA	6	164	0	162	AA	61402at5125
WARNING: No parsimony-informative sites in partition 61402at5125
3364	AA	6	343	0	343	AA	62238at5125
WARNING: No variant sites in partition 62238at5125
3365	AA	6	300	2	295	AA	62445at5125
3366	AA	6	839	1	834	AA	62516at5125
3367	AA	6	519	3	515	AA	62738at5125
3368	AA	6	495	2	485	AA	62809at5125
3369	AA	6	1109	2	1104	AA	62876at5125
3370	AA	6	872	5	864	AA	62918at5125
3371	AA	6	699	1	686	AA	63103at5125
3372	AA	6	1807	4	1797	AA	63492at5125
3373	AA	6	870	2	866	AA	63495at5125
3374	AA	6	207	2	205	AA	63745at5125
3375	AA	6	458	1	457	AA	63761at5125
3376	AA	6	215	13	198	AA	63896at5125
3377	AA	6	945	1	942	AA	63917at5125
3378	AA	6	413	2	409	AA	64092at5125
3379	AA	6	821	0	818	AA	64106at5125
WARNING: No parsimony-informative sites in partition 64106at5125
3380	AA	6	260	2	257	AA	64271at5125
3381	AA	6	122	0	122	AA	6464at5125
WARNING: No variant sites in partition 6464at5125
3382	AA	6	503	2	498	AA	64677at5125
3383	AA	6	299	0	298	AA	65121at5125
WARNING: No parsimony-informative sites in partition 65121at5125
3384	AA	6	559	1	555	AA	65274at5125
3385	AA	6	175	1	174	AA	6563at5125
3386	AA	6	2370	5	2357	AA	65810at5125
3387	AA	6	429	1	427	AA	66128at5125
3388	AA	6	566	1	564	AA	66398at5125
3389	AA	6	675	1	670	AA	66551at5125
3390	AA	6	297	0	295	AA	66782at5125
WARNING: No parsimony-informative sites in partition 66782at5125
3391	AA	6	172	0	172	AA	66899at5125
WARNING: No variant sites in partition 66899at5125
3392	AA	6	830	4	823	AA	66960at5125
3393	AA	6	1858	10	1837	AA	67164at5125
3394	AA	6	589	3	580	AA	67190at5125
3395	AA	6	382	3	377	AA	67210at5125
3396	AA	6	369	3	364	AA	67232at5125
3397	AA	6	1103	1	1101	AA	67240at5125
3398	AA	6	674	6	662	AA	67275at5125
3399	AA	6	847	3	840	AA	67291at5125
3400	AA	6	1368	7	1357	AA	67406at5125
3401	AA	6	247	0	245	AA	67605at5125
WARNING: No parsimony-informative sites in partition 67605at5125
3402	AA	6	608	3	599	AA	68189at5125
3403	AA	6	346	1	344	AA	68698at5125
3404	AA	6	504	1	503	AA	68913at5125
3405	AA	6	529	0	524	AA	68921at5125
WARNING: No parsimony-informative sites in partition 68921at5125
3406	AA	6	289	1	287	AA	69044at5125
3407	AA	6	384	4	374	AA	69204at5125
3408	AA	6	383	1	372	AA	69233at5125
3409	AA	6	353	1	350	AA	69386at5125
3410	AA	6	188	1	187	AA	69391at5125
3411	AA	6	511	3	500	AA	69552at5125
3412	AA	6	454	1	452	AA	6957at5125
3413	AA	6	392	4	346	AA	70050at5125
3414	AA	6	269	0	268	AA	70218at5125
WARNING: No parsimony-informative sites in partition 70218at5125
3415	AA	6	153	0	153	AA	70418at5125
WARNING: No variant sites in partition 70418at5125
3416	AA	6	122	0	121	AA	70457at5125
WARNING: No parsimony-informative sites in partition 70457at5125
3417	AA	6	890	2	887	AA	70498at5125
3418	AA	6	1632	3	1622	AA	70516at5125
3419	AA	6	468	2	461	AA	70552at5125
3420	AA	6	726	9	706	AA	70613at5125
3421	AA	6	545	0	544	AA	70797at5125
WARNING: No parsimony-informative sites in partition 70797at5125
3422	AA	6	631	0	629	AA	71030at5125
WARNING: No parsimony-informative sites in partition 71030at5125
3423	AA	6	292	0	292	AA	71043at5125
WARNING: No variant sites in partition 71043at5125
3424	AA	6	1695	6	1679	AA	71324at5125
3425	AA	6	612	1	609	AA	71452at5125
3426	AA	6	1616	2	1608	AA	71475at5125
3427	AA	6	440	17	402	AA	71779at5125
3428	AA	6	478	0	478	AA	72119at5125
WARNING: No variant sites in partition 72119at5125
3429	AA	6	487	14	470	AA	72371at5125
3430	AA	6	1815	11	1797	AA	72413at5125
3431	AA	6	853	4	845	AA	72609at5125
3432	AA	6	317	0	317	AA	72719at5125
WARNING: No variant sites in partition 72719at5125
3433	AA	6	1488	6	1458	AA	72725at5125
3434	AA	6	417	0	402	AA	72837at5125
WARNING: No parsimony-informative sites in partition 72837at5125
3435	AA	6	425	1	422	AA	72947at5125
3436	AA	6	766	8	748	AA	73333at5125
3437	AA	6	283	1	278	AA	73549at5125
3438	AA	6	217	0	216	AA	73781at5125
WARNING: No parsimony-informative sites in partition 73781at5125
3439	AA	6	1890	3	1883	AA	74061at5125
3440	AA	6	262	2	257	AA	74166at5125
3441	AA	6	481	0	481	AA	74509at5125
WARNING: No variant sites in partition 74509at5125
3442	AA	6	296	0	289	AA	74793at5125
WARNING: No parsimony-informative sites in partition 74793at5125
3443	AA	6	759	1	754	AA	74795at5125
3444	AA	6	963	1	961	AA	74829at5125
3445	AA	6	1833	1	1826	AA	74950at5125
3446	AA	6	586	0	582	AA	7497at5125
WARNING: No parsimony-informative sites in partition 7497at5125
3447	AA	6	408	0	407	AA	75182at5125
WARNING: No parsimony-informative sites in partition 75182at5125
3448	AA	6	893	2	888	AA	76505at5125
3449	AA	6	185	1	184	AA	76858at5125
3450	AA	6	374	2	372	AA	77032at5125
3451	AA	6	1260	2	1253	AA	77314at5125
3452	AA	6	330	0	328	AA	77340at5125
WARNING: No parsimony-informative sites in partition 77340at5125
3453	AA	6	923	1	917	AA	77682at5125
3454	AA	6	411	2	403	AA	77888at5125
3455	AA	6	116	0	116	AA	77951at5125
WARNING: No variant sites in partition 77951at5125
3456	AA	6	225	1	224	AA	7819at5125
3457	AA	6	1026	5	1019	AA	78330at5125
3458	AA	6	441	19	421	AA	78381at5125
3459	AA	6	238	1	235	AA	78405at5125
3460	AA	6	532	1	530	AA	78454at5125
3461	AA	6	1316	1	1312	AA	78486at5125
3462	AA	6	963	2	949	AA	78553at5125
3463	AA	6	495	4	485	AA	78683at5125
3464	AA	6	866	3	857	AA	78896at5125
3465	AA	6	1170	3	1162	AA	79364at5125
3466	AA	6	207	2	205	AA	79423at5125
3467	AA	6	748	0	747	AA	79478at5125
WARNING: No parsimony-informative sites in partition 79478at5125
3468	AA	6	692	1	690	AA	79488at5125
3469	AA	6	143	0	143	AA	79557at5125
WARNING: No variant sites in partition 79557at5125
3470	AA	6	386	9	377	AA	79655at5125
3471	AA	6	281	1	278	AA	79708at5125
3472	AA	6	739	5	729	AA	79767at5125
3473	AA	6	614	3	598	AA	79853at5125
3474	AA	6	599	6	587	AA	80265at5125
3475	AA	6	752	0	752	AA	80347at5125
WARNING: No variant sites in partition 80347at5125
3476	AA	6	591	5	586	AA	80487at5125
3477	AA	6	177	0	175	AA	80840at5125
WARNING: No parsimony-informative sites in partition 80840at5125
3478	AA	6	297	22	275	AA	80945at5125
3479	AA	6	280	0	280	AA	81015at5125
WARNING: No variant sites in partition 81015at5125
3480	AA	6	268	0	268	AA	81061at5125
WARNING: No variant sites in partition 81061at5125
3481	AA	6	1216	5	1204	AA	81170at5125
3482	AA	6	518	9	508	AA	81416at5125
3483	AA	6	646	15	625	AA	81611at5125
3484	AA	6	1271	1	1256	AA	81721at5125
3485	AA	6	468	2	463	AA	81735at5125
3486	AA	6	1331	0	1329	AA	82110at5125
WARNING: No parsimony-informative sites in partition 82110at5125
3487	AA	6	701	6	693	AA	82295at5125
3488	AA	6	1053	2	1050	AA	82463at5125
3489	AA	6	1359	10	1341	AA	82577at5125
3490	AA	6	557	0	553	AA	82852at5125
WARNING: No parsimony-informative sites in partition 82852at5125
3491	AA	6	530	0	526	AA	82854at5125
WARNING: No parsimony-informative sites in partition 82854at5125
3492	AA	6	216	2	211	AA	82942at5125
3493	AA	6	606	1	593	AA	83007at5125
3494	AA	6	1499	5	1489	AA	83280at5125
3495	AA	6	322	0	319	AA	83415at5125
WARNING: No parsimony-informative sites in partition 83415at5125
3496	AA	6	826	1	823	AA	83427at5125
3497	AA	6	377	4	372	AA	83530at5125
3498	AA	6	880	4	849	AA	83590at5125
3499	AA	6	955	3	947	AA	83615at5125
3500	AA	6	337	4	329	AA	83818at5125
3501	AA	6	412	1	411	AA	83939at5125
3502	AA	6	922	10	897	AA	83952at5125
3503	AA	6	242	1	241	AA	83961at5125
3504	AA	6	471	4	467	AA	84108at5125
3505	AA	6	393	10	382	AA	84420at5125
3506	AA	6	1055	0	1055	AA	84814at5125
WARNING: No variant sites in partition 84814at5125
3507	AA	6	703	6	678	AA	85307at5125
3508	AA	6	113	0	113	AA	85340at5125
WARNING: No variant sites in partition 85340at5125
3509	AA	6	404	2	401	AA	85382at5125
3510	AA	6	147	0	147	AA	85513at5125
WARNING: No variant sites in partition 85513at5125
3511	AA	6	1935	9	1924	AA	85573at5125
3512	AA	6	1274	4	1262	AA	85694at5125
3513	AA	6	816	0	814	AA	85714at5125
WARNING: No parsimony-informative sites in partition 85714at5125
3514	AA	6	769	0	765	AA	85958at5125
WARNING: No parsimony-informative sites in partition 85958at5125
3515	AA	6	1498	3	1492	AA	85971at5125
3516	AA	6	431	1	428	AA	85979at5125
3517	AA	6	808	2	803	AA	85984at5125
3518	AA	6	537	2	528	AA	86087at5125
3519	AA	6	1227	0	1227	AA	86374at5125
WARNING: No variant sites in partition 86374at5125
3520	AA	6	499	4	490	AA	86559at5125
3521	AA	6	281	0	281	AA	86668at5125
WARNING: No variant sites in partition 86668at5125
3522	AA	6	605	5	598	AA	86761at5125
3523	AA	6	307	13	293	AA	86770at5125
3524	AA	6	692	2	687	AA	86949at5125
3525	AA	6	1883	3	1878	AA	87578at5125
3526	AA	6	517	0	515	AA	87642at5125
WARNING: No parsimony-informative sites in partition 87642at5125
3527	AA	6	389	4	382	AA	87718at5125
3528	AA	6	314	1	271	AA	88002at5125
3529	AA	6	1008	1	1003	AA	88040at5125
3530	AA	6	375	2	361	AA	88294at5125
3531	AA	6	855	3	849	AA	88557at5125
3532	AA	6	177	2	175	AA	88773at5125
3533	AA	6	460	0	459	AA	88795at5125
WARNING: No parsimony-informative sites in partition 88795at5125
3534	AA	6	295	1	293	AA	88809at5125
3535	AA	6	1116	1	1114	AA	88833at5125
3536	AA	6	115	0	114	AA	88938at5125
WARNING: No parsimony-informative sites in partition 88938at5125
3537	AA	6	463	0	462	AA	88977at5125
WARNING: No parsimony-informative sites in partition 88977at5125
3538	AA	6	288	0	287	AA	89075at5125
WARNING: No parsimony-informative sites in partition 89075at5125
3539	AA	6	1180	2	1176	AA	89742at5125
3540	AA	6	674	4	668	AA	89990at5125
3541	AA	6	296	0	293	AA	90032at5125
WARNING: No parsimony-informative sites in partition 90032at5125
3542	AA	6	587	0	586	AA	90167at5125
WARNING: No parsimony-informative sites in partition 90167at5125
3543	AA	6	519	2	507	AA	90279at5125
3544	AA	6	170	0	170	AA	90358at5125
WARNING: No variant sites in partition 90358at5125
3545	AA	6	531	4	521	AA	90405at5125
3546	AA	6	190	1	186	AA	90769at5125
3547	AA	6	937	15	916	AA	91097at5125
3548	AA	6	461	5	451	AA	91104at5125
3549	AA	6	755	26	714	AA	91138at5125
3550	AA	6	665	4	655	AA	91167at5125
3551	AA	6	485	0	484	AA	91178at5125
WARNING: No parsimony-informative sites in partition 91178at5125
3552	AA	6	545	7	522	AA	91187at5125
3553	AA	6	630	2	628	AA	9118at5125
3554	AA	6	445	0	444	AA	91191at5125
WARNING: No parsimony-informative sites in partition 91191at5125
3555	AA	6	76	0	76	AA	91215at5125
WARNING: No variant sites in partition 91215at5125
3556	AA	6	339	0	335	AA	91374at5125
WARNING: No parsimony-informative sites in partition 91374at5125
3557	AA	6	498	4	493	AA	91532at5125
3558	AA	6	269	1	267	AA	91640at5125
3559	AA	6	792	8	781	AA	91733at5125
3560	AA	6	413	2	410	AA	91926at5125
3561	AA	6	514	0	514	AA	92070at5125
WARNING: No variant sites in partition 92070at5125
3562	AA	6	923	3	918	AA	92364at5125
3563	AA	6	539	4	530	AA	92482at5125
3564	AA	6	437	3	433	AA	92516at5125
3565	AA	6	433	0	432	AA	92520at5125
WARNING: No parsimony-informative sites in partition 92520at5125
3566	AA	6	417	2	413	AA	92661at5125
3567	AA	6	423	0	422	AA	93089at5125
WARNING: No parsimony-informative sites in partition 93089at5125
3568	AA	6	1089	8	1074	AA	93093at5125
3569	AA	6	681	2	662	AA	93172at5125
3570	AA	6	534	3	530	AA	93590at5125
3571	AA	6	827	3	821	AA	94166at5125
3572	AA	6	709	1	703	AA	94224at5125
3573	AA	6	122	0	122	AA	94482at5125
WARNING: No variant sites in partition 94482at5125
3574	AA	6	482	0	480	AA	94683at5125
WARNING: No parsimony-informative sites in partition 94683at5125
3575	AA	6	128	0	128	AA	94851at5125
WARNING: No variant sites in partition 94851at5125
3576	AA	6	462	3	453	AA	94917at5125
3577	AA	6	1005	1	1003	AA	95055at5125
3578	AA	6	439	3	434	AA	95110at5125
3579	AA	6	229	0	228	AA	95147at5125
WARNING: No parsimony-informative sites in partition 95147at5125
3580	AA	6	245	12	228	AA	95185at5125
3581	AA	6	281	0	281	AA	95411at5125
WARNING: No variant sites in partition 95411at5125
3582	AA	6	563	5	556	AA	95427at5125
3583	AA	6	519	73	440	AA	95447at5125
3584	AA	6	703	8	636	AA	95574at5125
3585	AA	6	753	6	746	AA	95759at5125
3586	AA	6	373	2	368	AA	95890at5125
3587	AA	6	671	0	671	AA	95965at5125
WARNING: No variant sites in partition 95965at5125
3588	AA	6	119	0	118	AA	95990at5125
WARNING: No parsimony-informative sites in partition 95990at5125
3589	AA	6	467	2	464	AA	96009at5125
3590	AA	6	778	10	758	AA	96036at5125
3591	AA	6	534	5	528	AA	96059at5125
3592	AA	6	213	0	213	AA	96196at5125
WARNING: No variant sites in partition 96196at5125
3593	AA	6	981	11	963	AA	96220at5125
3594	AA	6	563	1	561	AA	96359at5125
3595	AA	6	835	4	829	AA	96684at5125
3596	AA	6	1092	2	1084	AA	96733at5125
3597	AA	6	715	0	713	AA	96764at5125
WARNING: No parsimony-informative sites in partition 96764at5125
3598	AA	6	1515	4	1507	AA	96805at5125
3599	AA	6	674	0	673	AA	96869at5125
WARNING: No parsimony-informative sites in partition 96869at5125
3600	AA	6	521	1	488	AA	97035at5125
3601	AA	6	636	2	634	AA	97056at5125
3602	AA	6	535	1	532	AA	97123at5125
3603	AA	6	607	5	598	AA	97185at5125
3604	AA	6	829	6	817	AA	97356at5125
3605	AA	6	631	1	628	AA	97750at5125
3606	AA	6	346	0	346	AA	97858at5125
WARNING: No variant sites in partition 97858at5125
3607	AA	6	665	7	644	AA	98063at5125
3608	AA	6	154	0	154	AA	98133at5125
WARNING: No variant sites in partition 98133at5125
3609	AA	6	412	7	404	AA	98559at5125
3610	AA	6	2065	42	2008	AA	98617at5125
3611	AA	6	746	5	737	AA	98801at5125
3612	AA	6	2002	7	1988	AA	98873at5125
3613	AA	6	786	2	782	AA	98956at5125
3614	AA	6	1098	2	1095	AA	99199at5125
3615	AA	6	358	1	353	AA	99321at5125
3616	AA	6	308	0	307	AA	99363at5125
WARNING: No parsimony-informative sites in partition 99363at5125
3617	AA	6	178	0	174	AA	99397at5125
WARNING: No parsimony-informative sites in partition 99397at5125
3618	AA	6	462	1	457	AA	99494at5125
3619	AA	6	306	0	305	AA	99497at5125
WARNING: No parsimony-informative sites in partition 99497at5125
3620	AA	6	252	1	244	AA	99767at5125
Degree of missing data: 0.000
Info: multi-threading strategy over partitions



Create initial parsimony tree by phylogenetic likelihood library (PLL)... 0.067 seconds
Measuring multi-threading efficiency up to 8 CPU cores
2 trees examined
Threads: 1 / Time: 14.226 sec / Speedup: 1.000 / Efficiency: 100% / LogL: -6502259
Threads: 2 / Time: 4.240 sec / Speedup: 3.355 / Efficiency: 168% / LogL: -6502259
Threads: 3 / Time: 2.986 sec / Speedup: 4.764 / Efficiency: 159% / LogL: -6502259
Threads: 4 / Time: 2.567 sec / Speedup: 5.542 / Efficiency: 139% / LogL: -6502259
Threads: 5 / Time: 2.512 sec / Speedup: 5.662 / Efficiency: 113% / LogL: -6502259
Threads: 6 / Time: 2.286 sec / Speedup: 6.223 / Efficiency: 104% / LogL: -6502259
Threads: 7 / Time: 2.551 sec / Speedup: 5.576 / Efficiency: 80% / LogL: -6502259
BEST NUMBER OF THREADS: 6

Perform fast likelihood tree search using LG+I+G model...
Estimate model parameters (epsilon = 5.000)
Initial log-likelihood: -6482982.928
Current log-likelihood at step 1: -6460559.041
Current log-likelihood at step 2: -6459742.947
Current log-likelihood at step 3: -6459669.632
Current log-likelihood at step 4: -6459611.250
Current log-likelihood at step 5: -6459561.350
Current log-likelihood at step 6: -6459518.087
Current log-likelihood at step 7: -6459479.636
Current log-likelihood at step 8: -6459444.890
Current log-likelihood at step 9: -6459413.211
Current log-likelihood at step 10: -6459382.641
Current log-likelihood at step 11: -6459353.667
Current log-likelihood at step 12: -6459330.405
Current log-likelihood at step 13: -6459309.309
Current log-likelihood at step 14: -6459290.121
Current log-likelihood at step 15: -6459272.640
Current log-likelihood at step 16: -6459256.722
Current log-likelihood at step 17: -6459242.233
Current log-likelihood at step 18: -6459229.024
Current log-likelihood at step 19: -6459216.927
Current log-likelihood at step 20: -6459205.776
Current log-likelihood at step 21: -6459195.427
Current log-likelihood at step 22: -6459185.747
Current log-likelihood at step 23: -6459176.630
Current log-likelihood at step 24: -6459167.973
Current log-likelihood at step 25: -6459159.681
Current log-likelihood at step 26: -6459151.670
Current log-likelihood at step 27: -6459143.871
Current log-likelihood at step 28: -6459136.219
Current log-likelihood at step 29: -6459128.667
Current log-likelihood at step 30: -6459121.174
Current log-likelihood at step 31: -6459113.707
Current log-likelihood at step 32: -6459106.275
Current log-likelihood at step 33: -6459098.935
Current log-likelihood at step 34: -6459091.764
Current log-likelihood at step 35: -6459084.831
Current log-likelihood at step 36: -6459078.177
Current log-likelihood at step 37: -6459071.818
Current log-likelihood at step 38: -6459065.748
Current log-likelihood at step 39: -6459059.949
Current log-likelihood at step 40: -6459054.396
Current log-likelihood at step 41: -6459049.068
Current log-likelihood at step 42: -6459043.934
Current log-likelihood at step 43: -6459038.975
Parameters optimization took 42 rounds (211.364 sec)

Perform nearest neighbor interchange...
Estimate model parameters (epsilon = 1.000)
Initial log-likelihood: -6459038.975
Current log-likelihood at step 1: -6459034.172
Current log-likelihood at step 2: -6459029.500
Current log-likelihood at step 3: -6459024.932
Current log-likelihood at step 4: -6459020.451
Current log-likelihood at step 5: -6459016.026
Current log-likelihood at step 6: -6459011.643
Current log-likelihood at step 7: -6459007.287
Current log-likelihood at step 8: -6459002.938
Current log-likelihood at step 9: -6458998.570
Current log-likelihood at step 10: -6458994.145
Current log-likelihood at step 11: -6458989.607
Current log-likelihood at step 12: -6458984.877
Current log-likelihood at step 13: -6458979.802
Current log-likelihood at step 14: -6458974.521
Current log-likelihood at step 15: -6458969.315
Current log-likelihood at step 16: -6458964.217
Current log-likelihood at step 17: -6458959.159
Current log-likelihood at step 18: -6458953.980
Current log-likelihood at step 19: -6458948.333
Current log-likelihood at step 20: -6458932.338
Current log-likelihood at step 21: -6458923.945
Current log-likelihood at step 22: -6458920.848
Current log-likelihood at step 23: -6458917.702
Current log-likelihood at step 24: -6458913.815
Current log-likelihood at step 25: -6458910.207
Current log-likelihood at step 26: -6458906.816
Current log-likelihood at step 27: -6458903.584
Current log-likelihood at step 28: -6458900.457
Current log-likelihood at step 29: -6458897.389
Current log-likelihood at step 30: -6458894.328
Current log-likelihood at step 31: -6458891.232
Current log-likelihood at step 32: -6458888.058
Current log-likelihood at step 33: -6458884.759
Current log-likelihood at step 34: -6458881.267
Current log-likelihood at step 35: -6458877.452
Current log-likelihood at step 36: -6458873.142
Current log-likelihood at step 37: -6458869.496
Current log-likelihood at step 38: -6458866.601
Current log-likelihood at step 39: -6458863.916
Current log-likelihood at step 40: -6458861.386
Current log-likelihood at step 41: -6458859.014
Current log-likelihood at step 42: -6458856.794
Current log-likelihood at step 43: -6458854.712
Current log-likelihood at step 44: -6458852.744
Current log-likelihood at step 45: -6458850.870
Current log-likelihood at step 46: -6458849.071
Current log-likelihood at step 47: -6458847.331
Current log-likelihood at step 48: -6458845.635
Current log-likelihood at step 49: -6458843.974
Current log-likelihood at step 50: -6458842.338
Current log-likelihood at step 51: -6458840.722
Current log-likelihood at step 52: -6458839.120
Current log-likelihood at step 53: -6458837.529
Current log-likelihood at step 54: -6458835.947
Current log-likelihood at step 55: -6458834.371
Current log-likelihood at step 56: -6458832.800
Current log-likelihood at step 57: -6458831.232
Current log-likelihood at step 58: -6458829.666
Current log-likelihood at step 59: -6458828.103
Current log-likelihood at step 60: -6458826.541
Current log-likelihood at step 61: -6458824.980
Current log-likelihood at step 62: -6458823.421
Current log-likelihood at step 63: -6458821.865
Current log-likelihood at step 64: -6458820.313
Current log-likelihood at step 65: -6458818.769
Current log-likelihood at step 66: -6458817.233
Current log-likelihood at step 67: -6458815.707
Current log-likelihood at step 68: -6458814.192
Current log-likelihood at step 69: -6458812.689
Current log-likelihood at step 70: -6458811.197
Current log-likelihood at step 71: -6458809.714
Current log-likelihood at step 72: -6458808.239
Current log-likelihood at step 73: -6458806.770
Current log-likelihood at step 74: -6458805.302
Current log-likelihood at step 75: -6458803.836
Current log-likelihood at step 76: -6458802.368
Current log-likelihood at step 77: -6458800.896
Current log-likelihood at step 78: -6458799.418
Current log-likelihood at step 79: -6458797.935
Current log-likelihood at step 80: -6458796.448
Current log-likelihood at step 81: -6458794.959
Current log-likelihood at step 82: -6458793.470
Current log-likelihood at step 83: -6458791.987
Current log-likelihood at step 84: -6458790.513
Current log-likelihood at step 85: -6458789.054
Current log-likelihood at step 86: -6458787.612
Current log-likelihood at step 87: -6458786.188
Current log-likelihood at step 88: -6458784.781
Current log-likelihood at step 89: -6458783.389
Current log-likelihood at step 90: -6458782.012
Current log-likelihood at step 91: -6458780.645
Current log-likelihood at step 92: -6458779.286
Current log-likelihood at step 93: -6458777.933
Current log-likelihood at step 94: -6458776.586
Current log-likelihood at step 95: -6458775.243
Current log-likelihood at step 96: -6458773.901
Current log-likelihood at step 97: -6458772.560
Current log-likelihood at step 98: -6458771.218
Current log-likelihood at step 99: -6458769.876
Partition-specific rates:  0.255 0.607 2.553 0.073 0.650 0.347 0.403 0.201 0.523 32.431 0.003 0.263 0.183 0.058 0.783 0.215 0.299 3.731 0.831 0.572 0.496 0.564 0.425 0.567 0.331 1.605 0.178 0.329 0.007 0.363 0.366 0.282 0.722 0.306 0.684 0.662 0.639 0.207 0.213 0.297 0.339 0.102 4.414 0.253 0.002 0.418 0.304 0.395 0.363 0.003 0.386 0.616 0.531 0.237 0.190 0.058 0.057 0.283 0.171 0.300 0.853 0.551 0.319 0.620 0.420 0.259 0.398 0.282 0.194 0.234 0.286 0.266 2.780 0.162 3.891 0.221 0.554 0.497 0.393 0.491 0.114 0.662 1.181 0.323 0.280 0.356 0.529 0.675 0.003 0.377 0.307 0.211 0.671 0.275 0.206 0.315 0.002 1.059 0.779 0.976 1.158 0.185 0.183 0.384 0.305 0.001 0.485 0.276 0.083 0.351 0.888 0.001 0.431 0.823 0.493 0.198 0.236 0.743 0.321 0.366 9.234 0.001 0.403 0.209 1.356 0.005 0.001 1.277 0.786 0.220 0.292 1.761 0.128 0.433 0.501 0.414 1.624 0.294 0.498 0.002 0.103 0.899 0.332 0.298 0.393 0.467 0.305 0.192 1.491 0.252 0.527 10.595 0.429 0.587 0.198 0.359 0.434 1.421 0.004 0.181 0.095 1.065 0.659 0.513 0.434 0.657 1.004 0.624 11.605 0.416 0.509 0.206 0.688 0.771 0.325 0.564 0.538 2.667 0.132 0.375 0.348 0.002 0.362 0.182 0.001 0.295 0.189 0.202 0.288 0.626 0.211 0.443 0.156 5.162 0.173 0.058 0.525 3.208 3.042 0.481 0.540 0.578 1.461 0.520 0.197 0.397 0.167 4.398 0.548 20.593 0.565 0.254 0.533 0.003 0.953 0.573 3.371 0.292 0.097 0.055 0.390 0.567 0.321 0.255 0.351 0.112 1.108 0.487 0.152 0.304 0.308 0.740 1.837 0.109 0.152 0.319 0.456 0.003 5.261 0.525 0.191 0.629 0.565 0.851 0.542 0.960 0.894 5.245 0.241 0.607 0.436 0.002 1.029 0.216 0.650 0.120 2.368 0.366 0.003 0.003 0.642 0.244 0.313 0.346 0.847 0.004 0.274 1.033 0.419 0.402 0.298 0.511 0.892 0.392 0.307 1.115 0.408 0.670 0.001 1.029 0.291 0.326 1.873 2.148 0.130 0.002 0.318 0.660 0.463 0.179 1.709 2.195 0.276 0.881 0.586 0.716 0.495 0.308 3.878 0.427 0.691 0.297 0.062 1.184 0.645 0.001 0.372 0.421 0.151 0.691 0.001 0.003 0.002 0.516 0.183 0.001 0.195 0.293 0.002 8.458 0.796 0.126 0.135 0.182 2.836 0.573 0.003 0.356 0.965 0.490 0.228 0.088 0.004 0.291 0.002 0.115 0.338 0.902 0.334 0.119 0.043 0.706 0.163 0.689 0.510 0.764 0.871 0.698 0.001 0.219 0.133 0.727 0.054 0.201 0.003 0.211 0.146 0.329 0.214 0.162 0.852 0.077 1.240 0.088 0.248 0.265 0.915 0.379 0.139 0.172 0.289 0.163 0.244 0.184 0.071 0.003 1.281 0.073 0.134 0.004 0.004 0.001 0.547 0.490 0.096 1.297 0.050 0.004 0.002 3.033 0.211 0.673 0.620 0.753 0.003 0.134 0.544 0.999 0.477 0.201 0.174 0.410 0.320 0.341 0.004 0.197 0.093 0.062 0.121 0.341 0.147 0.079 0.905 0.002 0.668 0.530 0.339 0.161 0.383 0.975 0.000 0.344 0.211 0.650 1.242 0.560 0.455 0.469 0.511 0.879 0.001 0.849 0.265 0.089 0.307 0.771 0.382 0.130 0.220 0.575 0.251 0.002 0.115 0.080 0.285 0.036 0.374 6.181 0.695 0.113 0.202 0.347 0.312 1.240 0.383 0.612 1.549 0.740 0.001 0.319 0.847 1.237 0.002 0.744 0.050 0.085 0.533 0.003 0.210 0.002 0.454 0.467 0.352 0.184 0.443 0.790 0.524 0.002 1.144 0.140 0.367 0.223 0.374 0.132 0.575 0.083 0.969 0.272 0.260 0.160 0.273 0.127 0.259 0.819 0.131 0.068 0.342 0.221 0.036 0.240 2.259 0.302 0.232 0.266 0.307 0.588 0.114 0.443 0.000 0.001 0.003 0.306 0.266 0.083 0.001 0.601 0.001 1.000 0.348 0.410 0.630 0.650 0.271 0.668 0.756 0.434 0.001 1.112 0.001 0.698 0.140 0.806 0.700 0.001 0.080 0.600 1.897 0.198 1.027 1.010 0.840 0.333 0.166 0.189 0.366 0.213 4.827 2.995 0.286 0.002 1.659 0.424 0.149 0.346 0.062 0.003 0.002 0.792 0.330 7.701 1.199 0.193 0.342 0.144 0.003 0.283 0.187 0.128 0.281 0.306 0.428 2.819 0.681 1.285 5.400 0.165 0.494 2.342 4.911 0.003 0.937 0.418 0.686 0.130 0.306 0.151 0.509 0.371 0.130 0.244 0.241 0.095 0.002 0.315 0.137 0.001 0.171 0.330 0.141 0.104 0.150 0.247 2.425 1.179 0.325 0.119 0.304 0.351 0.081 0.515 0.005 0.095 0.844 1.354 0.004 0.283 0.319 0.714 0.821 0.485 0.509 0.249 0.233 0.047 0.515 0.185 0.003 0.544 0.295 0.002 0.111 0.652 1.096 0.378 0.167 0.332 0.399 0.058 0.473 0.627 0.215 0.452 0.165 0.615 0.814 0.318 0.669 0.175 0.104 2.599 0.945 0.661 0.244 0.086 2.040 0.444 0.114 0.775 0.002 0.170 4.031 0.001 0.211 0.210 0.152 0.113 0.090 0.002 0.653 0.139 0.130 0.465 0.278 0.259 0.440 0.113 1.098 0.072 0.003 0.657 0.001 0.396 0.587 0.002 0.567 0.246 0.001 0.423 0.064 0.210 0.209 0.435 0.574 0.434 0.525 0.661 0.148 0.206 0.256 0.066 2.469 0.885 0.425 1.023 0.037 0.270 0.206 0.577 0.133 0.170 2.351 2.056 0.276 0.365 1.440 0.437 0.122 0.458 0.238 0.227 0.588 0.210 0.746 0.309 0.730 0.178 0.280 0.055 0.333 0.756 0.211 0.295 0.185 0.617 0.066 0.702 0.649 2.139 0.339 0.493 0.001 0.119 5.550 0.431 1.466 3.660 0.155 1.390 0.279 0.073 0.433 0.001 1.379 0.524 0.097 0.530 0.144 0.658 0.225 0.217 0.471 0.341 0.739 0.218 0.821 0.131 0.399 0.536 0.266 0.749 0.465 0.282 0.556 0.102 4.667 0.194 0.732 0.302 0.531 0.301 0.385 0.521 0.751 0.496 1.435 0.330 0.161 0.007 0.159 0.205 0.186 1.586 0.291 0.493 1.019 1.094 0.039 0.043 1.211 0.532 0.315 0.858 0.138 6.493 0.956 0.451 0.328 0.125 0.133 0.504 0.178 0.244 0.228 0.084 2.835 0.365 0.340 0.142 0.383 0.002 0.691 4.273 0.466 0.199 0.336 0.209 0.118 3.324 0.003 0.396 0.236 0.509 0.263 1.828 1.043 0.499 5.008 0.229 5.250 0.194 0.601 0.003 0.228 0.005 0.297 0.362 0.158 2.909 0.004 0.446 1.169 0.468 2.375 0.424 0.117 0.033 0.538 1.336 0.790 0.280 0.618 0.521 0.002 0.549 0.430 0.003 0.778 0.307 0.598 1.318 1.019 0.678 0.127 0.514 0.616 0.654 0.001 1.243 0.005 0.416 0.953 0.145 0.116 0.118 0.765 0.653 0.451 0.004 0.435 0.435 0.004 0.129 0.695 0.730 0.112 0.004 0.778 0.545 0.001 0.773 0.395 0.676 0.630 0.500 1.368 0.732 0.801 0.185 0.249 0.212 0.002 0.199 0.162 6.175 0.087 0.256 0.583 0.268 0.335 0.545 1.437 0.543 7.138 0.138 0.702 0.326 1.020 0.088 0.529 0.464 0.481 0.590 0.536 0.221 0.431 11.805 0.148 2.609 0.578 0.319 0.429 0.002 0.487 0.005 0.450 0.237 0.040 0.002 0.379 0.175 0.057 0.743 1.095 0.072 0.005 0.005 0.318 0.007 0.003 1.906 0.211 0.180 0.059 0.799 0.001 2.269 0.451 0.121 0.004 0.198 0.229 0.295 9.311 0.002 0.297 0.156 0.209 0.003 0.005 0.161 0.002 0.169 0.006 0.063 0.001 0.729 0.753 0.063 0.414 0.279 0.191 1.342 0.501 0.343 0.003 0.071 0.215 1.906 0.138 0.441 0.342 1.733 0.276 0.347 0.312 0.003 0.003 0.491 0.002 0.001 0.580 0.001 0.342 0.164 0.003 0.488 0.057 0.003 0.310 0.112 0.259 0.055 0.128 0.201 0.669 0.209 0.602 0.121 0.404 0.166 0.243 3.773 0.258 3.427 2.583 0.211 0.002 1.966 0.070 0.370 0.402 1.486 0.133 0.121 0.199 0.114 2.568 1.550 0.211 0.004 0.474 0.413 0.302 0.003 0.530 0.001 0.141 0.135 0.271 0.143 0.061 0.428 0.049 1.321 0.889 0.121 0.613 0.323 0.155 0.346 0.202 0.561 0.334 0.200 0.053 0.546 0.003 0.001 0.196 0.245 0.003 0.034 0.002 0.131 0.059 0.095 0.311 0.087 0.431 0.001 0.461 0.366 0.218 0.129 1.359 0.352 0.546 0.484 0.090 0.421 0.079 0.001 0.002 0.001 0.002 0.866 0.492 0.006 0.670 0.752 0.364 0.309 0.303 0.032 0.604 0.001 0.063 0.080 0.316 0.262 6.460 0.001 0.003 0.494 0.204 0.548 0.407 0.003 0.336 0.109 0.001 0.665 0.745 0.376 0.257 0.318 0.213 0.458 0.001 0.811 0.002 0.128 0.137 0.001 0.283 0.255 0.138 4.308 0.060 0.001 0.001 0.190 0.636 0.229 0.001 0.444 0.280 2.498 0.208 0.143 0.046 0.147 1.205 0.501 0.001 0.365 0.152 0.347 0.224 0.216 0.395 0.326 0.109 0.767 1.381 0.470 0.579 0.176 0.196 0.346 0.071 0.002 0.318 0.282 0.171 0.074 0.080 2.073 0.363 0.240 0.440 0.055 4.946 0.002 0.700 2.578 0.001 0.402 0.383 0.229 0.485 0.506 0.002 0.069 0.508 1.143 0.100 0.001 0.001 0.646 0.416 0.354 0.150 0.001 0.582 0.001 0.392 0.470 0.189 0.412 0.161 1.326 0.927 0.028 0.222 0.001 0.551 0.137 0.154 0.285 0.091 0.368 0.073 0.177 0.577 0.001 0.180 0.218 0.116 0.155 0.431 0.003 0.195 0.184 0.239 0.001 0.003 0.150 0.117 0.320 0.251 0.073 0.001 0.647 0.141 0.061 0.351 0.131 0.422 0.265 1.221 0.216 1.260 0.269 0.454 0.218 0.491 0.356 0.227 0.231 0.135 0.078 0.145 0.266 0.413 0.291 0.265 0.758 0.189 0.152 0.412 0.801 0.131 0.218 0.002 0.222 0.268 0.116 0.164 0.076 0.003 0.446 0.517 0.157 0.002 0.741 0.410 0.245 0.001 0.901 0.219 0.149 0.613 0.101 0.002 0.099 1.932 0.256 0.109 0.089 0.434 0.237 0.183 0.307 1.716 0.049 0.433 0.968 0.063 0.119 0.022 0.406 0.581 0.154 0.475 0.529 0.307 0.752 0.461 0.373 0.553 0.225 0.197 0.399 0.106 0.500 0.286 0.151 0.713 0.217 0.297 0.203 0.124 0.065 0.004 0.112 0.126 1.207 0.216 0.002 0.353 0.002 0.001 0.001 0.002 0.940 0.001 0.196 0.004 0.179 0.002 0.368 0.132 0.120 0.783 0.261 0.417 0.244 0.200 0.279 0.287 0.130 0.100 0.927 0.377 0.343 0.179 0.167 0.219 0.154 0.001 3.955 3.782 0.325 0.390 0.153 0.308 0.148 0.497 0.337 0.036 0.169 0.409 0.043 0.094 0.310 0.693 0.633 2.356 0.792 0.707 0.453 0.181 0.594 0.136 0.817 0.002 0.096 0.097 0.748 0.088 2.251 0.139 0.343 0.213 0.299 0.515 0.650 1.086 0.201 1.687 0.201 0.464 0.713 0.391 0.181 0.137 0.189 2.122 0.217 0.055 0.690 0.169 0.168 0.166 1.000 0.508 0.199 0.326 0.623 0.195 0.001 0.433 0.881 0.176 0.341 0.176 0.299 0.349 1.200 0.001 3.912 0.599 0.155 0.194 0.571 0.353 0.229 1.711 1.027 0.299 2.270 0.081 0.185 2.116 0.395 0.100 0.002 0.106 0.083 0.086 0.531 0.099 0.496 0.649 0.136 0.001 0.104 0.249 0.261 0.409 0.076 1.143 0.356 0.184 0.907 0.060 0.339 0.001 0.776 0.001 0.856 0.003 0.002 0.471 1.090 0.821 0.314 0.321 0.088 0.474 0.311 0.426 0.154 0.183 1.542 0.003 0.369 1.011 0.510 0.694 0.604 0.311 0.159 0.412 0.574 0.248 0.280 0.292 0.191 0.311 0.336 0.089 0.810 1.190 0.415 0.127 0.001 0.284 1.000 0.324 0.137 0.754 0.713 0.130 0.476 0.002 0.264 0.368 0.002 0.447 0.248 0.502 0.001 0.451 0.114 0.760 0.003 2.560 0.772 0.544 0.150 0.412 0.418 0.252 0.944 0.001 0.206 2.144 0.404 0.200 0.002 0.406 0.002 0.307 0.168 0.341 0.903 0.530 0.507 0.121 1.691 0.090 0.123 0.318 0.397 0.519 0.002 0.756 2.975 1.412 0.127 1.491 0.356 0.069 0.596 0.690 0.429 0.112 0.270 0.140 0.414 0.007 0.148 1.843 0.973 0.005 0.397 0.080 0.002 0.492 0.001 0.385 0.146 0.354 0.671 0.286 0.342 0.472 0.100 0.336 0.568 0.280 0.320 1.136 0.341 2.141 0.175 1.361 0.095 0.219 0.446 0.256 0.996 0.287 0.231 0.522 0.836 0.748 0.140 0.298 0.467 0.512 0.393 0.297 0.322 1.135 0.003 1.964 0.278 0.536 2.145 0.399 0.410 0.564 0.920 8.165 0.534 0.556 0.635 0.075 0.465 0.786 0.591 0.685 0.078 0.600 0.602 0.137 1.245 0.916 0.167 0.208 0.494 0.653 2.782 0.002 0.814 0.691 0.330 0.706 0.871 0.676 3.016 0.377 0.295 0.218 0.429 0.164 0.141 0.538 0.336 0.226 0.204 0.141 0.305 0.762 1.504 0.004 0.904 0.646 0.281 0.903 1.075 0.344 0.407 0.666 0.002 0.694 0.372 0.359 0.001 0.121 0.305 0.260 0.328 0.032 0.203 1.026 1.137 0.176 1.682 0.321 0.638 0.753 0.403 0.404 0.448 1.545 1.940 0.660 0.889 0.862 0.177 0.298 0.454 0.831 0.230 0.550 0.194 0.515 0.004 1.282 0.501 1.212 0.461 0.448 0.506 0.169 0.715 0.001 0.004 0.541 0.111 0.252 1.181 0.426 0.123 0.145 0.145 0.372 0.099 0.510 3.529 1.549 0.002 0.340 1.110 0.966 1.726 0.771 0.289 0.472 0.133 0.171 1.061 0.332 0.003 0.583 0.261 0.582 0.504 0.468 0.171 0.005 0.335 0.058 0.426 0.328 0.555 0.527 0.125 0.813 0.106 0.149 0.670 0.563 0.661 0.705 0.686 0.561 0.487 0.379 0.221 0.627 0.004 1.483 0.506 0.349 0.240 0.786 0.002 0.003 0.006 0.685 0.178 3.115 0.003 0.423 0.001 0.233 0.001 0.219 0.343 0.001 0.004 0.060 0.268 0.278 0.227 0.128 1.154 0.142 0.130 0.002 0.101 0.384 0.132 0.084 0.122 0.001 0.821 0.224 0.002 0.224 0.472 0.002 0.387 0.469 0.416 0.529 0.002 0.001 0.164 1.092 0.184 0.444 0.001 0.083 0.002 0.115 0.227 0.080 5.520 0.114 0.657 0.367 0.255 0.162 2.340 0.232 0.577 0.542 0.430 0.229 0.001 1.382 0.003 0.088 609.597 1.277 0.188 0.149 0.472 0.323 0.001 0.109 0.001 0.061 0.301 0.001 0.619 0.128 0.124 0.221 0.738 0.654 0.242 0.774 0.002 0.373 2.988 0.001 1.017 0.443 1.150 1.130 0.069 0.140 0.098 0.163 0.002 0.348 0.343 0.001 0.307 0.524 0.643 0.001 0.399 0.059 0.374 0.189 0.245 0.176 0.425 0.001 0.003 2.263 0.145 0.149 0.174 0.130 0.679 0.446 0.088 0.112 0.001 0.004 0.521 0.329 2.671 0.106 0.882 0.196 0.171 1.078 0.579 0.001 0.004 0.191 7.796 0.141 0.674 0.003 0.097 0.037 0.901 0.211 0.001 0.426 0.608 0.420 0.716 1.408 0.386 0.467 0.286 0.091 0.299 0.003 0.004 2.493 0.617 0.005 1.732 0.156 0.167 0.164 0.893 0.661 0.002 0.205 0.001 0.414 0.761 0.251 0.351 0.589 0.235 0.315 0.486 0.451 0.641 0.001 0.498 0.190 0.692 0.163 0.213 0.190 0.001 0.112 0.118 0.290 0.200 0.172 0.548 1.504 0.175 0.659 0.093 2.685 0.520 0.357 0.157 1.007 0.551 0.466 0.004 0.524 0.805 0.284 0.648 0.001 0.097 0.493 0.210 0.522 0.107 0.526 1.040 0.001 1.343 36.817 0.338 0.458 1.003 1.606 0.508 1.079 0.132 0.413 0.427 0.102 0.329 0.337 0.548 0.197 0.314 0.611 0.001 5.961 5.145 0.336 0.303 1.513 0.160 2.334 0.925 0.490 0.505 0.229 0.485 0.817 0.192 0.561 0.659 0.444 0.849 0.028 0.071 0.244 0.204 0.149 0.103 0.519 0.759 0.819 0.757 0.002 1.024 0.418 0.693 0.982 0.495 0.001 0.002 0.292 1.821 0.080 0.167 0.315 1.736 0.481 2.048 1.455 0.270 0.112 0.472 0.310 0.546 0.412 0.177 0.617 0.005 0.660 0.295 1.000 3.547 0.592 0.134 0.109 0.371 0.001 0.150 1.383 0.895 0.004 0.302 0.164 0.176 0.084 0.197 0.105 0.339 0.209 0.282 0.912 0.320 0.519 0.260 0.122 0.832 0.810 0.242 0.256 0.001 0.295 1.123 0.270 0.398 2.557 0.070 0.135 0.932 0.102 0.245 1.667 0.304 0.945 0.415 0.002 1.578 0.164 0.345 0.868 0.219 0.800 2.261 0.763 0.167 5.281 0.297 0.003 0.132 0.001 0.819 1.701 0.160 0.273 0.625 0.782 0.784 0.350 0.257 0.385 0.179 0.468 0.266 0.359 0.409 0.428 0.416 0.175 0.414 0.796 1.030 0.910 0.348 0.264 0.628 0.349 0.169 1.142 0.650 1.998 0.527 0.611 0.083 0.297 0.775 0.341 1.049 0.244 1.812 0.118 0.571 0.526 0.586 0.964 0.002 0.216 0.236 0.800 1.077 0.333 0.839 0.207 0.606 0.147 0.243 0.062 0.925 0.003 0.564 0.444 0.133 0.092 0.353 0.262 0.327 2.207 0.003 0.551 0.792 0.450 0.432 0.750 0.665 0.268 1.299 0.071 0.280 0.120 1.144 25.080 0.426 0.001 0.504 0.426 0.443 0.004 0.404 0.351 0.191 0.465 0.002 0.001 1.048 0.001 0.120 0.002 0.112 0.004 0.001 7.302 0.001 1.652 0.145 0.001 0.001 0.003 0.005 0.345 0.001 0.003 0.076 0.360 1.660 0.001 0.001 0.269 0.028 0.004 0.196 0.001 0.274 0.143 0.129 0.162 0.389 0.003 2.878 0.003 0.888 0.539 0.636 0.783 0.652 0.321 0.500 0.258 0.324 0.164 0.291 18.002 0.168 0.441 0.273 4.893 0.348 0.209 0.369 0.529 0.325 0.003 0.091 0.004 0.030 0.003 0.119 0.001 0.102 0.004 0.002 0.069 0.217 0.280 0.330 0.004 0.310 0.004 0.130 0.644 0.315 0.001 0.277 0.061 0.237 0.485 0.003 0.372 0.754 0.008 2.767 0.003 0.471 0.002 0.002 0.521 0.038 0.344 0.960 0.075 0.255 0.002 0.001 0.526 0.124 0.543 0.219 0.422 0.261 0.002 0.380 0.908 0.306 0.382 0.948 0.071 0.145 0.180 0.265 0.246 2.919 0.350 0.129 1.603 0.171 2.438 0.000 0.001 0.230 0.306 0.147 0.368 0.208 0.303 0.247 1.206 0.001 0.162 1.476 0.285 0.492 1.019 0.465 0.166 0.319 0.461 0.124 0.103 0.478 0.416 0.001 0.217 0.265 1.521 0.161 0.695 0.572 0.203 0.006 0.492 0.001 0.552 0.440 0.936 0.283 1.170 0.164 0.134 0.148 0.138 0.390 2.014 0.563 0.001 0.236 0.770 0.002 0.173 0.543 1.315 0.208 1.349 0.315 0.147 0.100 0.314 0.141 0.566 0.137 0.269 0.185 0.001 0.625 0.294 0.188 0.404 0.761 0.192 0.322 1.373 0.158 0.178 1.022 0.141 0.005 9.000 0.867 0.109 0.444 0.115 0.191 0.285 0.186 0.393 0.002 0.241 0.703 0.440 0.203 0.266 0.710 0.499 0.238 0.560 0.417 0.094 0.112 0.420 0.130 0.597 0.069 1.471 0.284 0.122 0.620 0.181 0.067 0.003 0.776 0.148 0.387 0.313 0.196 0.187 0.190 0.094 0.186 0.414 1.720 0.362 0.004 0.262 0.146 0.006 0.417 0.104 0.749 0.236 0.282 0.563 0.193 0.485 0.149 0.319 1.556 0.156 0.317 0.352 0.173 0.340 0.299 0.257 0.071 0.232 0.414 0.001 0.510 0.335 0.365 0.589 1.409 0.619 0.001 0.349 0.102 0.232 0.003 0.747 0.100 0.084 0.398 1.069 0.324 0.064 0.468 0.375 0.626 0.140 0.428 0.132 1.301 0.247 0.003 0.715 0.084 0.101 0.162 0.624 0.380 0.563 0.509 0.287 0.002 0.723 0.128 0.818 0.402 0.353 0.389 0.172 0.296 0.140 0.126 0.491 0.557 0.347 0.002 0.676 0.266 0.534 0.147 0.055 0.520 0.093 0.108 4.528 0.151 0.665 0.004 0.142 0.392 0.002 0.343 0.311 0.344 1.464 0.103 0.413 0.641 0.892 1.410 0.102 1.035 0.419 0.193 2.413 0.001 2.170 0.126 0.061 0.002 0.063 0.207 0.610 0.249 2.565 0.073 2.286 0.098 0.213 0.400 0.064 0.055 1.079 0.779 0.074 0.227 0.001 0.226 0.104 0.447 0.641 0.980 0.183 0.281 0.163 0.286 0.375 0.191 3.575 0.490 0.060 0.002 0.004 0.673 0.260 0.792 0.089 0.557 0.771 0.192 0.697 0.289 0.175 0.275 0.781 0.638 0.496 0.447 0.565 0.140 0.750 0.211 0.318 0.426 0.311 0.542 0.513 0.255 0.785 0.186 0.503 0.361 0.074 0.070 0.001 0.216 0.213 690.329 0.589 0.135 0.989 0.109 0.136 1.193 0.837 0.087 0.603 0.279 0.283 0.223 0.135 1.071 0.793 0.001 0.850 0.004 0.232 0.424 0.385 0.500 0.428 0.371 0.340 0.002 0.169 0.570 0.154 0.330 0.886 0.200 0.458 1.093 0.192 0.675 1.405 0.001 0.817 0.001 0.492 1.310 0.916 0.001 0.999 0.656 0.001 0.197 0.266 0.089 0.165 2.520 0.234 1.917 0.649 0.095 0.249 0.161 0.792 0.352 0.409 0.318 0.060 0.444 0.661 1.107 1.495 0.062 0.174 0.002 0.289 0.134 0.136 0.218 0.646 1.543 0.213 0.297 0.540 0.281 0.769 0.741 0.136 0.687 0.112 1.360 0.172 0.002 0.250 0.788 0.002 0.491 0.282 0.323 0.319 0.187 0.004 0.100 0.200 0.892 0.136 0.184 0.570 0.686 0.180 0.409 0.514 0.560 0.374 0.369 0.329 0.443 0.580 0.264 0.178 0.006 0.312 0.162 0.002 0.567 2.054 0.498 0.883 1.245 0.466 0.583 0.910 0.746 0.204 0.580 0.152 0.355 0.253 0.082 1.005 0.269 0.261 0.768 0.645 0.481 0.283 0.265 1.003 2.995 0.003 0.633 0.499 0.454 0.069 0.309 0.432 1.311 0.166 1.806 5.227 0.457 0.397 0.161 0.255 0.378 0.155 0.319 0.700 0.356 0.545 0.449 0.378 0.271 0.090 3.616 1.081 0.092 0.231 0.474 0.001 0.071 0.084 0.150 0.463 0.304 0.164 1.771 0.046 1.476 0.783 0.969 0.288 0.597 0.245 0.398 1.082 0.399 0.118 0.248 0.005 0.303 0.441 0.390 0.584 0.561 0.401 0.145 0.785 0.805 0.288 0.441 0.001 0.633 0.623 0.398 0.198 0.458 1.011 0.200 0.138 0.003 0.274 0.589 0.558 0.388 0.622 0.103 0.466 0.317 0.003 0.592 0.232 0.543 0.747 0.358 0.938 1.572 4.308 0.449 0.333 0.177 0.107 0.475 0.228 1.941 0.216 0.154 0.294 0.312 0.159 0.066 0.399 0.298 0.255 0.211 0.450 0.287 0.100 0.298 0.830 0.247 0.227 0.300 0.510 0.111 0.443 1.334 0.342 0.448 0.340 0.195 0.105 0.261 0.413 0.521 0.104 0.921 0.598 0.359 0.228 3.164 0.366 0.193 0.599 0.314 0.002 0.478 0.386 0.483 1.517 0.474 0.733 0.680 0.734 0.889 0.296 0.425 0.002 0.294 0.490 0.400 0.954 0.555 0.440 1.601 0.139 0.002 10.276 0.325 0.459 0.123 0.575 0.560 0.351 4.522 0.178 0.628 0.475 0.092 1.103 0.077 0.303 0.544 0.399 0.483 0.312 0.087 0.356 0.002 0.232 0.693 0.430 0.542 0.209 1.201 0.873 0.341 0.258 0.074 0.410 0.833 0.315 0.226 0.075 3.943 0.604 0.444 0.002 4.261 0.429 0.264 0.369 1.350 0.711 0.234 0.208 1.317 0.119 0.375 0.166 0.592 0.002 0.879 0.365 0.728 0.073 0.213 0.121 0.123 0.197 0.096 0.169 0.563 0.320 0.463 0.004 1.215 2.760 0.942 0.419 1.130 0.697 0.118 0.001 0.073 1.993 0.065 0.575 1.148 0.324 0.411 0.188 0.245 0.295 0.360 0.287 0.597 0.624 0.167 0.332 0.618 4.121 0.259 0.520 0.313 0.212 0.713 0.004 0.003 0.445 0.298 0.328 0.314 0.088 0.243 0.462 0.252 4.017 0.209 1.092 0.516 0.736 0.990 0.327 0.692 6.974 0.115 0.257 1.351 0.495 0.360 0.474 0.396 1.241 0.206 0.607 0.360 0.158 0.113 0.498 0.584 0.840 0.081 1.489 0.499 0.464 0.649 0.487 1.038 0.469 0.300 0.221 0.889 0.593 1.050 0.614 0.208 0.628 0.522 0.472 0.906 0.271 1.632 0.140 0.376 0.563 0.003 0.142 1.725 0.441 0.003 0.718 0.383 0.470 0.006 1.126 0.004 0.501 1.164 1.162 1.100 0.004 0.869 0.400 1.062 1.398 0.373 0.566 1.530 1.129 0.954 1.363 0.891 0.131 0.924 0.168 0.002 1.082 0.595 0.427 2.063 1.245 0.819 0.713 0.323 1.107 0.168 0.438 0.646 0.575 0.380 0.509 0.606 0.591 0.307 1.075 0.618 0.204 0.293 0.004 0.116 0.066 0.928 0.287 0.001 0.002 0.545 1.047 0.303 0.503 0.939 0.271 4.493 1.027 0.004 17.642 0.194 3.566 0.360 0.090 0.169 0.254 0.454 0.001 0.125 0.349 0.940 0.406 0.540 0.006 0.085 0.052 1.204 0.003 0.006 1.703 0.183 3.013 0.217 0.001 1.339 0.383 0.109 0.480 0.004 0.001 0.702 0.451 0.358 0.253 0.026 0.159 0.005 0.148 0.286 0.266 0.145 0.094 0.117 0.119 0.913 0.485 0.069 0.484 0.198 0.064 0.218 0.125 0.350 0.092 0.120 0.596 0.215 0.651 0.289 0.186 0.135 0.284 0.107 0.058 0.780 1.370 0.169 0.002 0.126 0.168 0.002 0.448 0.561 0.677 0.001 0.053 0.171 0.264 0.100 0.006 0.695 0.000 0.123 0.663 0.040 0.467 0.414 0.362 0.431 0.004 0.003 0.737 0.057 0.167 0.235 0.004 0.114 0.002 0.277 0.343 0.611 0.622 0.354 0.192 0.005 1.196 0.129 2.185 0.513 0.193 0.633 0.553 0.742 0.863 0.222 0.002 0.219 0.210 0.769 0.080 0.182 0.290 0.002 0.189 0.151 0.390 2.699 0.188 0.327 0.262 0.001 1.569 0.386 0.001 0.348 0.003 0.140 0.617 0.005 0.001 0.520 0.079 0.059 0.156 1.098 0.373 0.420 1.754 0.435 2.352 0.125 0.091 0.159 0.005 0.461 0.002 0.051 0.421 0.002 0.562 0.201 0.259 0.701 0.155 0.357 0.637 0.183 0.198 0.321 0.072 8.504 0.107 0.428 0.123 0.386 0.004 0.327 0.115 0.241 0.192 0.183 0.159 0.122 0.255 0.230 0.003 0.282 0.413 0.534 0.447 0.484 0.061 0.714 0.285 0.301 0.282 0.504 0.199 0.065 0.316 0.235 0.899 0.979 0.291 0.175 0.746 0.233 5.017 0.122 0.003 0.296 0.113 0.202 0.516 0.951 0.129 0.109 0.002 0.316 0.226 0.166 4.396 0.001 1.395 0.339 0.311 0.002 0.702 1.239 0.239 0.811 0.605 0.157 0.141 0.661 0.001 0.767 0.224 0.071 0.127 0.238 0.086 0.193 0.188 0.179 0.187 0.208 0.218 0.669 0.005 0.153 0.230 3.799 0.762 0.125 0.130 0.534 0.681 0.366 0.231 0.327 0.044 0.098 0.004 2.667 0.379 0.462 1.074 0.958 0.001 0.290 0.363 6.138 0.002 0.002 0.335 0.674 2.924 0.407 0.368 0.052 0.442 0.096 0.451 0.241 0.258 1.178 0.896 0.227 0.319 0.120 0.465 1.226 0.277 0.806 0.078 0.959 0.138 0.288 3.165 0.000 1.225 0.005 0.259 0.004 0.187 0.353 0.081 0.175 0.159 0.245 0.214 0.556 0.000 0.616 0.002 0.389 4.792 0.254 0.089 0.129 0.607 4.852 0.162 1.443 0.237 0.373 0.074 0.224 0.061 0.308 0.075 0.123 0.111 0.369 0.336 0.058 0.772 0.003 0.636 0.736 0.763 0.750 1.937 0.521 0.070 3.185 0.107 0.076 0.007 0.400 0.427 0.257 0.599 0.343 0.001 0.183 0.683 0.625 0.077 0.324 0.076 0.461 0.990 0.337 0.246 0.286 0.004 0.139 0.004 0.829 0.104 0.593 0.147 5.180 0.002 0.424 5.477 3.633 0.308 0.452 0.001 0.279 0.225 0.877 0.363 0.002 0.621 0.118 0.244 0.280 0.095 0.178 0.052 2.271 0.107 0.187 0.753 0.529 0.164 0.002 1.085 0.003 0.673 0.994 0.415 0.275 0.173 0.093 0.450 0.112 0.747 0.363 0.112 1.071
Parameters optimization took 99 rounds (434.804 sec)

Time for fast ML tree search: 650.198 seconds

NOTE: ModelFinder requires 17 MB RAM!
Selecting individual models for 3620 charsets using BIC...
 No. Model        Score       TreeLen     Charset
   1 JTT+I        12329.011   0.078       118267at5125
   2 VT           11277.127   0.114       149001at5125
   3 VT+I         6267.876    0.494       211690at5125
   4 PMB+F+I      6319.162    0.488       121248at5125
   5 VT+F         14126.421   0.031       130228at5125
   6 VT           4179.484    0.178       196794at5125
   7 VT+I         4693.917    0.258       116802at5125
   8 VT+I         6482.759    0.293       186797at5125
   9 mtVer+F      29768.906   0.022       215213at5125
  10 VT+I         17474.849   0.038       215144at5125	0h:0m:22s (2h:12m:33s left)
  11 VT+I         5203.522    0.257       117851at5125	0h:0m:22s (2h:4m:53s left)
  12 PMB+F+I      9059.496    0.200       152242at5125	0h:0m:31s (2h:37m:37s left)
  13 PMB+F+I      7719.886    0.141       151342at5125	0h:0m:35s (2h:45m:38s left)
  14 LG+G4        16427.393   1.112       195716at5125	0h:0m:36s (2h:35m:19s left)
  15 PMB+F+I      10869.301   0.100       170089at5125	0h:0m:39s (2h:36m:38s left)
  16 VT+F         7188.973    0.066       170827at5125	0h:0m:39s (2h:27m:24s left)
  17 VT           10142.382   0.040       213721at5125	0h:0m:42s (2h:29m:48s left)
  18 VT+I         5196.116    0.285       216718at5125	0h:0m:42s (2h:21m:47s left)
  19 VT           5494.602    0.124       151123at5125	0h:0m:45s (2h:23m:25s left)
  20 JTT+F        12156.657   0.030       151305at5125	0h:0m:47s (2h:23m:30s left)
  21 VT+I         6920.269    0.079       147791at5125	0h:0m:49s (2h:22m:8s left)
  22 mtVer+F      30953.796   0.016       100938at5125	0h:0m:52s (2h:22m:35s left)
  23 VT+I         5965.016    0.189       222863at5125	0h:0m:52s (2h:16m:50s left)
  24 PMB+F+I      7527.587    0.118       222753at5125	0h:0m:54s (2h:15m:31s left)
  25 VT+F+I       19486.175   0.146       125215at5125	0h:0m:55s (2h:12m:35s left)
  26 PMB          4174.675    0.160       95447at5125	0h:0m:56s (2h:9m:2s left)
  27 VT+R2        2897.554    0.725       101132at5125	0h:0m:58s (2h:10m:10s left)
  28 PMB+F        5905.801    0.128       104766at5125	0h:0m:59s (2h:7m:29s left)
  29 VT+I         7077.776    0.099       102380at5125	0h:0m:59s (2h:3m:38s left)
  30 VT           5254.972    0.104       95574at5125	0h:1m:1s (2h:2m:29s left)
  31 JTTDCMut     3152.112    0.264       213762at5125	0h:1m:2s (1h:59m:41s left)
  32 JTT          3717.263    0.063       202148at5125	0h:1m:2s (1h:57m:15s left)
  33 VT           7938.127    0.049       198345at5125	0h:1m:5s (1h:58m:47s left)
  34 VT           7656.150    0.076       163602at5125	0h:1m:5s (1h:55m:49s left)
  35 JTT+I        9437.252    0.081       220732at5125	0h:1m:8s (1h:56m:15s left)
  36 VT           6915.158    0.063       215813at5125	0h:1m:8s (1h:54m:5s left)
  37 PMB+I        6210.110    0.213       176599at5125	0h:1m:10s (1h:52m:58s left)
  38 VT           5952.946    0.090       183164at5125	0h:1m:11s (1h:51m:57s left)
  39 JTT          12040.068   0.027       227932at5125	0h:1m:13s (1h:53m:6s left)
  40 WAG+I        4988.052    0.165       150884at5125	0h:1m:14s (1h:51m:25s left)
  41 VT           2438.335    0.153       219068at5125	0h:1m:17s (1h:52m:57s left)
  42 JTTDCMut     7139.328    0.061       171239at5125	0h:1m:19s (1h:53m:18s left)
  43 VT+I         6324.724    0.043       173315at5125	0h:1m:20s (1h:51m:26s left)
  44 JTT          13054.311   0.028       98617at5125	0h:1m:22s (1h:52m:12s left)
  45 VT           3425.250    0.145       147947at5125	0h:1m:23s (1h:51m:7s left)
  46 JTT+I        15990.064   0.039       175064at5125	0h:1m:26s (1h:51m:55s left)
  47 JTT+I        4126.734    0.089       120005at5125	0h:1m:26s (1h:49m:39s left)
  48 HIVw+F       9638.420    0.038       178610at5125	0h:1m:28s (1h:49m:53s left)
  49 VT           4305.520    0.053       151285at5125	0h:1m:29s (1h:48m:15s left)
  50 PMB+I        3702.270    0.260       152393at5125	0h:1m:29s (1h:46m:14s left)
  51 JTT          5379.247    0.046       171001at5125	0h:1m:29s (1h:44m:14s left)
  52 JTT+I        6997.568    0.071       201402at5125	0h:1m:29s (1h:42m:47s left)
  53 PMB+F+I      7542.506    0.119       221247at5125	0h:1m:31s (1h:42m:22s left)
  54 PMB          5999.997    0.044       220850at5125	0h:1m:32s (1h:41m:19s left)
  55 PMB+F        11935.900   0.027       177766at5125	0h:1m:34s (1h:42m:16s left)
  56 HIVb+F       13785.570   0.026       106310at5125	0h:1m:36s (1h:42m:8s left)
  57 VT           8819.188    0.040       162796at5125	0h:1m:39s (1h:43m:33s left)
  58 JTT+I        4305.877    0.144       124375at5125	0h:1m:43s (1h:46m:3s left)
  59 VT+I         4764.243    0.130       163474at5125	0h:1m:44s (1h:45m:1s left)
  60 JTT+I        6341.212    0.079       151093at5125	0h:1m:45s (1h:44m:39s left)
  61 rtREV+F      6508.429    0.034       175828at5125	0h:1m:46s (1h:43m:31s left)
  62 HIVb+F+I     13628.890   0.020       220785at5125	0h:1m:46s (1h:41m:50s left)
  63 VT+I         2443.276    0.152       185894at5125	0h:1m:46s (1h:40m:31s left)
  64 VT+F+I       9813.101    0.043       178240at5125	0h:1m:47s (1h:39m:32s left)
  65 VT           19530.501   0.016       194361at5125	0h:1m:48s (1h:38m:53s left)
  66 VT+F+I       11232.882   0.047       167616at5125	0h:1m:48s (1h:37m:42s left)
  67 VT+F         11939.063   0.025       172891at5125	0h:1m:49s (1h:36m:28s left)
  68 VT+I         4955.855    0.164       145780at5125	0h:1m:50s (1h:36m:8s left)
  69 JTT          14619.205   0.022       146159at5125	0h:1m:51s (1h:35m:48s left)
  70 Blosum62     3997.063    0.101       157567at5125	0h:1m:51s (1h:34m:27s left)
  71 VT           3015.648    0.110       171815at5125	0h:1m:52s (1h:34m:3s left)
  72 VT           3747.295    0.084       29332at5125	0h:1m:54s (1h:33m:42s left)
  73 VT           5319.224    0.073       148904at5125	0h:1m:55s (1h:33m:31s left)
  74 WAG+I        3576.812    0.135       151321at5125	0h:1m:56s (1h:32m:58s left)
  75 VT+F         6033.416    0.063       150085at5125	0h:1m:57s (1h:32m:49s left)
  76 VT           6357.123    0.053       175352at5125	0h:1m:58s (1h:32m:18s left)
  77 VT           6569.319    0.042       149858at5125	0h:2m:1s (1h:33m:10s left)
  78 VT+I         3073.170    0.143       70050at5125	0h:2m:1s (1h:32m:5s left)
  79 VT           4762.319    0.072       157569at5125	0h:2m:2s (1h:31m:37s left)
  80 VT           3854.710    0.125       215623at5125	0h:2m:3s (1h:31m:9s left)
  81 VT           2483.700    0.095       152161at5125	0h:2m:4s (1h:30m:20s left)
  82 VT           7447.239    0.043       214066at5125	0h:2m:4s (1h:29m:19s left)
  83 VT           5143.047    0.066       172183at5125	0h:2m:5s (1h:28m:54s left)
  84 FLU+F        15011.015   0.009       113652at5125	0h:2m:5s (1h:28m:17s left)
  85 VT+F         7326.012    0.032       216919at5125	0h:2m:5s (1h:27m:14s left)
  86 VT+I         4579.187    0.100       216247at5125	0h:2m:6s (1h:26m:22s left)
  87 HIVb+F+I     7295.189    0.049       223512at5125	0h:2m:6s (1h:25m:21s left)
  88 JTT          9552.908    0.032       170967at5125	0h:2m:8s (1h:25m:38s left)
  89 VT+I         8032.634    0.031       216029at5125	0h:2m:8s (1h:25m:1s left)
  90 VT           7029.492    0.027       169814at5125	0h:2m:8s (1h:24m:7s left)
  91 VT           1631.196    0.272       155476at5125	0h:2m:8s (1h:23m:12s left)
  92 VT           3143.800    0.105       150171at5125	0h:2m:8s (1h:22m:23s left)
  93 JTT          8078.118    0.022       148990at5125	0h:2m:9s (1h:22m:2s left)
  94 PMB+F        4409.363    0.081       177147at5125	0h:2m:10s (1h:21m:33s left)
  95 Blosum62+F   8512.021    0.020       149469at5125	0h:2m:11s (1h:21m:1s left)
  96 JTT          4767.648    0.037       151663at5125	0h:2m:11s (1h:20m:25s left)
  97 cpREV        4143.641    0.063       172292at5125	0h:2m:11s (1h:19m:35s left)
  98 VT           4434.877    0.061       189222at5125	0h:2m:11s (1h:18m:47s left)
  99 WAG          4384.737    0.071       212703at5125	0h:2m:12s (1h:18m:15s left)
 100 JTT          4657.894    0.062       131823at5125	0h:2m:13s (1h:18m:14s left)
 101 JTT+F        17096.694   0.015       170149at5125	0h:2m:13s (1h:17m:33s left)
 102 VT+I         8539.078    0.031       227528at5125	0h:2m:16s (1h:18m:24s left)
 103 JTT+I        4522.675    0.137       202299at5125	0h:2m:16s (1h:17m:56s left)
 104 VT+F+I       6366.119    0.132       119545at5125	0h:2m:19s (1h:18m:41s left)
 105 PMB          3563.882    0.037       29617at5125	0h:2m:19s (1h:18m:2s left)
 106 VT+I         1527.260    0.238       111814at5125	0h:2m:20s (1h:17m:53s left)
 107 VT+I         4560.124    0.066       149809at5125	0h:2m:25s (1h:19m:51s left)
 108 JTT+I        5060.436    0.144       147897at5125	0h:2m:27s (1h:19m:48s left)
 109 VT+I         4581.347    0.056       149841at5125	0h:2m:27s (1h:19m:15s left)
 110 mtMet+F      9250.095    0.029       179428at5125	0h:2m:28s (1h:18m:47s left)
 111 JTT+I        4892.526    0.099       120978at5125	0h:2m:28s (1h:18m:13s left)
 112 JTTDCMut+F+I 7452.860    0.042       175093at5125	0h:2m:32s (1h:19m:39s left)
 113 JTT          5005.182    0.056       91138at5125	0h:2m:34s (1h:19m:54s left)
 114 WAG          2524.963    0.069       219282at5125	0h:2m:34s (1h:19m:24s left)
 115 LG+I         4501.378    0.073       217525at5125	0h:2m:36s (1h:19m:18s left)
 116 HIVw+F+I     8366.738    0.036       178718at5125	0h:2m:38s (1h:19m:58s left)
 117 LG+I         8660.854    0.032       215025at5125	0h:2m:38s (1h:19m:16s left)
 118 JTTDCMut+I   2418.088    0.125       228045at5125	0h:2m:39s (1h:19m:8s left)
 119 VT+I         3258.594    0.118       71779at5125	0h:2m:40s (1h:18m:45s left)
 120 VT           8947.604    0.029       144576at5125	0h:2m:41s (1h:18m:31s left)
 121 VT           4334.592    0.060       218488at5125	0h:2m:42s (1h:18m:17s left)
 122 HIVw+F       4934.785    0.040       150192at5125	0h:2m:42s (1h:17m:52s left)
 123 VT+I         4456.978    0.170       161067at5125	0h:2m:43s (1h:17m:39s left)
 124 VT           4340.363    0.065       215788at5125	0h:2m:45s (1h:17m:33s left)
 125 VT           4668.031    0.056       147373at5125	0h:2m:45s (1h:16m:57s left)
 126 JTT          12761.094   0.016       197253at5125	0h:2m:47s (1h:17m:12s left)
 127 VT           3415.360    0.072       149512at5125	0h:2m:47s (1h:16m:37s left)
 128 HIVb+F+I     8586.558    0.043       150166at5125	0h:2m:47s (1h:16m:6s left)
 129 VT           3723.802    0.072       192042at5125	0h:2m:49s (1h:16m:19s left)
 130 VT           17747.530   0.013       174060at5125	0h:2m:49s (1h:15m:44s left)
 131 VT           3315.838    0.088       218813at5125	0h:2m:49s (1h:15m:8s left)
 132 JTTDCMut+F   7505.718    0.029       217390at5125	0h:2m:51s (1h:15m:18s left)
 133 JTT          8727.116    0.028       145282at5125	0h:2m:51s (1h:14m:45s left)
 134 PMB+F        3949.368    0.070       170530at5125	0h:2m:51s (1h:14m:16s left)
 135 VT           9479.536    0.022       145968at5125	0h:2m:53s (1h:14m:30s left)
 136 cpREV+F+I    6128.655    0.123       179322at5125	0h:2m:54s (1h:14m:19s left)
 137 JTT+I        8757.298    0.042       150751at5125	0h:2m:54s (1h:13m:58s left)
 138 JTT+I        7662.315    0.035       168782at5125	0h:2m:54s (1h:13m:31s left)
 139 VT           2444.045    0.139       88002at5125	0h:2m:55s (1h:13m:15s left)
 140 VT           1542.189    0.108       221593at5125	0h:2m:55s (1h:12m:42s left)
 141 HIVb+F       9453.971    0.022       174106at5125	0h:2m:57s (1h:12m:57s left)
 142 HIVb+F       12581.399   0.016       197658at5125	0h:2m:57s (1h:12m:27s left)
 143 HIVw+F+I+G4  5738.198    0.309       147594at5125	0h:2m:58s (1h:12m:20s left)
 144 JTT          3672.768    0.066       97035at5125	0h:2m:59s (1h:12m:7s left)
 145 VT           6088.979    0.029       218809at5125	0h:2m:59s (1h:11m:39s left)
 146 VT+I         3694.179    0.150       150127at5125	0h:2m:59s (1h:11m:15s left)
 147 mtMet+F+I    5497.695    0.049       221106at5125	0h:2m:59s (1h:10m:49s left)
 148 LG           14069.532   0.005       192395at5125	0h:3m:0s (1h:10m:42s left)
 149 PMB+F        5293.137    0.044       179382at5125	0h:3m:1s (1h:10m:19s left)
 150 JTT+I        3819.002    0.122       220206at5125	0h:3m:1s (1h:10m:0s left)
 151 JTT          3173.501    0.033       164029at5125	0h:3m:2s (1h:9m:43s left)
 152 JTT          6417.702    0.032       196178at5125	0h:3m:2s (1h:9m:17s left)
 153 LG           7132.041    0.023       211492at5125	0h:3m:3s (1h:9m:21s left)
 154 JTT          7011.081    0.030       149674at5125	0h:3m:3s (1h:8m:55s left)
 155 cpREV        3340.664    0.078       100193at5125	0h:3m:4s (1h:8m:35s left)
 156 VT           9955.962    0.021       173888at5125	0h:3m:4s (1h:8m:23s left)
 157 VT+I         4394.666    0.133       147429at5125	0h:3m:5s (1h:8m:1s left)
 158 mtVer+F      5193.582    0.043       180822at5125	0h:3m:5s (1h:7m:43s left)
 159 JTT+F        6806.886    0.031       178061at5125	0h:3m:6s (1h:7m:45s left)
 160 VT           3147.806    0.069       196999at5125	0h:3m:8s (1h:8m:1s left)
 161 JTTDCMut     5624.046    0.029       190580at5125	0h:3m:8s (1h:7m:37s left)
 162 VT+I         5393.715    0.045       103246at5125	0h:3m:9s (1h:7m:34s left)
 163 mtVer+F      11002.590   0.018       203828at5125	0h:3m:11s (1h:7m:34s left)
 164 HIVw+F       4036.568    0.052       123797at5125	0h:3m:12s (1h:7m:33s left)
 165 JTT          7401.653    0.028       212522at5125	0h:3m:13s (1h:7m:22s left)
 166 JTTDCMut+I   4285.850    0.078       142762at5125	0h:3m:14s (1h:7m:36s left)
 167 Blosum62+F+I 3160.738    0.099       170120at5125	0h:3m:14s (1h:7m:11s left)
 168 VT           2953.850    0.086       175062at5125	0h:3m:16s (1h:7m:19s left)
 169 JTTDCMut     3193.325    0.083       177259at5125	0h:3m:16s (1h:6m:55s left)
 170 VT+F+I       7445.271    0.041       150689at5125	0h:3m:16s (1h:6m:30s left)
 171 VT+I         6061.470    0.093       107302at5125	0h:3m:16s (1h:6m:12s left)
 172 VT           5742.218    0.032       221300at5125	0h:3m:16s (1h:5m:48s left)
 173 HIVw+F       6738.378    0.025       124800at5125	0h:3m:18s (1h:5m:50s left)
 174 JTT          4658.330    0.043       196979at5125	0h:3m:18s (1h:5m:34s left)
 175 VT           4723.539    0.044       217927at5125	0h:3m:18s (1h:5m:15s left)
 176 JTT          8419.910    0.024       217302at5125	0h:3m:18s (1h:4m:52s left)
 177 JTT          9045.303    0.020       72725at5125	0h:3m:20s (1h:4m:53s left)
 178 HIVw+F       8166.063    0.023       202245at5125	0h:3m:20s (1h:4m:36s left)
 179 JTT          5520.667    0.034       150815at5125	0h:3m:20s (1h:4m:14s left)
 180 JTT          4300.871    0.047       196091at5125	0h:3m:20s (1h:3m:56s left)
 181 VT+I         2273.097    0.257       221141at5125	0h:3m:21s (1h:3m:42s left)
 182 VT           4314.418    0.047       212684at5125	0h:3m:21s (1h:3m:29s left)
 183 VT           2593.871    0.080       222159at5125	0h:3m:22s (1h:3m:22s left)
 184 mtVer+F      7170.182    0.010       179413at5125	0h:3m:22s (1h:3m:1s left)
 185 VT           12673.523   0.014       164238at5125	0h:3m:22s (1h:2m:45s left)
 186 WAG+I        3817.850    0.088       91187at5125	0h:3m:23s (1h:2m:32s left)
 187 JTT          7657.559    0.024       178476at5125	0h:3m:23s (1h:2m:12s left)
 188 PMB          3455.208    0.075       174131at5125	0h:3m:24s (1h:2m:14s left)
 189 PMB+I        2635.029    0.217       142659at5125	0h:3m:24s (1h:1m:57s left)
 190 JTT          5591.019    0.035       83590at5125	0h:3m:24s (1h:1m:40s left)
 191 mtMAM+F      8602.205    0.008       175651at5125	0h:3m:24s (1h:1m:20s left)
 192 mtInv+F      9142.696    0.021       152046at5125	0h:3m:26s (1h:1m:21s left)
 193 VT           3246.057    0.065       60519at5125	0h:3m:26s (1h:1m:8s left)
 194 VT+F         5614.214    0.034       176307at5125	0h:3m:26s (1h:0m:53s left)
 195 JTT          5033.129    0.038       151526at5125	0h:3m:26s (1h:0m:34s left)
 196 JTT          6598.053    0.026       218567at5125	0h:3m:27s (1h:0m:30s left)
 197 JTT          4113.807    0.044       116354at5125	0h:3m:28s (1h:0m:22s left)
 198 VT+F         7711.768    0.024       197173at5125	0h:3m:28s (1h:0m:5s left)
 199 LG           3631.175    0.054       219052at5125	0h:3m:29s (1h:0m:2s left)
 200 JTT          10314.641   0.019       175610at5125	0h:3m:30s (0h:59m:51s left)
 201 JTTDCMut     2911.313    0.081       212645at5125	0h:3m:30s (0h:59m:48s left)
 202 WAG+I        2969.059    0.117       222491at5125	0h:3m:31s (0h:59m:38s left)
 203 JTT          10417.061   0.017       164218at5125	0h:3m:31s (0h:59m:24s left)
 204 JTT          5322.043    0.036       165916at5125	0h:3m:31s (0h:59m:9s left)
 205 WAG          3987.000    0.049       192205at5125	0h:3m:33s (0h:59m:8s left)
 206 VT           4020.750    0.051       113708at5125	0h:3m:33s (0h:58m:55s left)
 207 PMB          6526.140    0.030       150783at5125	0h:3m:33s (0h:58m:44s left)
 208 Blosum62+F   3454.946    0.065       206196at5125	0h:3m:33s (0h:58m:28s left)
 209 LG+I         6186.621    0.033       150796at5125	0h:3m:34s (0h:58m:16s left)
 210 JTT          6352.834    0.029       203657at5125	0h:3m:34s (0h:58m:10s left)
 211 JTT          5718.137    0.029       172153at5125	0h:3m:35s (0h:57m:56s left)
 212 JTT          8215.322    0.020       216354at5125	0h:3m:35s (0h:57m:48s left)
 213 FLU          3139.908    0.042       191745at5125	0h:3m:36s (0h:57m:45s left)
 214 FLU+F+I      14365.827   0.012       171114at5125	0h:3m:36s (0h:57m:32s left)
 215 cpREV        4712.798    0.044       198376at5125	0h:3m:37s (0h:57m:23s left)
 216 JTT          5425.036    0.032       204015at5125	0h:3m:37s (0h:57m:11s left)
 217 JTT          5277.196    0.011       107539at5125	0h:3m:38s (0h:57m:1s left)
 218 VT           4231.133    0.044       157969at5125	0h:3m:38s (0h:56m:50s left)
 219 JTT          11800.690   0.014       213934at5125	0h:3m:40s (0h:57m:6s left)
 220 FLU+F+I      4241.820    0.075       152424at5125	0h:3m:40s (0h:56m:51s left)
 221 JTT          6655.812    0.025       218498at5125	0h:3m:40s (0h:56m:37s left)
 222 JTT+I        5483.680    0.033       179134at5125	0h:3m:41s (0h:56m:33s left)
 223 JTT          7923.432    0.020       147798at5125	0h:3m:42s (0h:56m:34s left)
 224 JTT          4579.053    0.027       70613at5125	0h:3m:43s (0h:56m:33s left)
 225 Blosum62+F+I 2639.128    0.453       207527at5125	0h:3m:44s (0h:56m:24s left)
 226 JTT          3120.215    0.063       147945at5125	0h:3m:44s (0h:56m:14s left)
 227 VT           4661.057    0.038       213424at5125	0h:3m:44s (0h:56m:1s left)
 228 PMB+I        1937.409    0.132       211723at5125	0h:3m:45s (0h:55m:50s left)
 229 VT           9372.224    0.016       120169at5125	0h:3m:46s (0h:55m:56s left)
 230 mtVer+F      11534.222   0.010       196686at5125	0h:3m:46s (0h:55m:43s left)
 231 JTT          3335.999    0.058       163351at5125	0h:3m:47s (0h:55m:33s left)
 232 JTT          6980.161    0.023       170560at5125	0h:3m:47s (0h:55m:18s left)
 233 JTT          4363.935    0.039       175922at5125	0h:3m:48s (0h:55m:20s left)
 234 cpREV        4026.138    0.038       147870at5125	0h:3m:48s (0h:55m:7s left)
 235 VT           3085.280    0.057       167364at5125	0h:3m:48s (0h:54m:57s left)
 236 LG           1218.448    0.064       175878at5125	0h:3m:50s (0h:55m:0s left)
 237 JTT          2987.643    0.052       198052at5125	0h:3m:50s (0h:54m:47s left)
 238 VT+I         2763.285    0.117       221615at5125	0h:3m:50s (0h:54m:33s left)
 239 WAG          4315.821    0.039       148432at5125	0h:3m:50s (0h:54m:21s left)
 240 LG           23475.605   0.003       187285at5125	0h:3m:51s (0h:54m:23s left)
 241 LG           7228.113    0.017       219675at5125	0h:3m:52s (0h:54m:17s left)
 242 JTT          5251.175    0.031       109683at5125	0h:3m:53s (0h:54m:16s left)
 243 JTT          5731.856    0.028       83952at5125	0h:3m:53s (0h:54m:9s left)
 244 LG+I         2915.294    0.087       151426at5125	0h:3m:54s (0h:54m:3s left)
 245 JTT          5523.384    0.031       219284at5125	0h:3m:55s (0h:53m:57s left)
 246 VT           4535.899    0.036       85307at5125	0h:3m:55s (0h:53m:51s left)
 247 Blosum62+I   1283.710    0.451       23161at5125	0h:3m:55s (0h:53m:42s left)
 248 JTT          5122.909    0.030       177767at5125	0h:3m:56s (0h:53m:41s left)
 249 JTT          2890.213    0.059       148956at5125	0h:3m:57s (0h:53m:29s left)
 250 JTT+I        7773.885    0.023       146407at5125	0h:3m:57s (0h:53m:19s left)
 251 JTT+I        4701.306    0.061       174421at5125	0h:3m:57s (0h:53m:8s left)
 252 VT           3980.796    0.038       186889at5125	0h:3m:57s (0h:52m:57s left)
 253 HIVb+F       8894.331    0.016       124854at5125	0h:3m:58s (0h:52m:55s left)
 254 JTT+I        6023.517    0.051       215950at5125	0h:3m:58s (0h:52m:44s left)
 255 VT+F         3373.221    0.048       114765at5125	0h:3m:59s (0h:52m:41s left)
 256 JTT          10147.521   0.014       197921at5125	0h:4m:0s (0h:52m:41s left)
 257 VT           3906.497    0.044       194382at5125	0h:4m:0s (0h:52m:29s left)
 258 VT           4460.823    0.036       112857at5125	0h:4m:0s (0h:52m:18s left)
 259 VT           1675.320    0.148       196877at5125	0h:4m:1s (0h:52m:9s left)
 260 VT           2449.398    0.065       146949at5125	0h:4m:1s (0h:52m:1s left)
 261 VT+I         4555.462    0.041       214615at5125	0h:4m:1s (0h:51m:51s left)
 262 HIVb+F       23406.176   0.006       149010at5125	0h:4m:1s (0h:51m:41s left)
 263 JTT+F        5610.691    0.013       151794at5125	0h:4m:2s (0h:51m:33s left)
 264 VT           10958.550   0.013       167458at5125	0h:4m:2s (0h:51m:26s left)
 265 LG           5056.196    0.029       175985at5125	0h:4m:3s (0h:51m:17s left)
 266 VT           4077.813    0.043       212874at5125	0h:4m:3s (0h:51m:12s left)
 267 JTT          12708.528   0.011       160656at5125	0h:4m:3s (0h:51m:1s left)
 268 HIVb+F       7209.636    0.020       204017at5125	0h:4m:3s (0h:50m:50s left)
 269 HIVb+F       10564.259   0.012       220597at5125	0h:4m:4s (0h:50m:41s left)
 270 VT           10201.667   0.013       102991at5125	0h:4m:4s (0h:50m:33s left)
 271 JTT          4531.783    0.034       213251at5125	0h:4m:5s (0h:50m:28s left)
 272 HIVb+F       6758.956    0.022       180318at5125	0h:4m:5s (0h:50m:24s left)
 273 VT           2839.564    0.059       213370at5125	0h:4m:5s (0h:50m:12s left)
 274 JTT          9453.824    0.015       166815at5125	0h:4m:5s (0h:50m:2s left)
 275 WAG          4536.807    0.036       151705at5125	0h:4m:6s (0h:49m:55s left)
 276 JTT          2958.505    0.058       204030at5125	0h:4m:6s (0h:49m:49s left)
 277 HIVw+F       8702.825    0.017       218525at5125	0h:4m:7s (0h:49m:43s left)
 278 mtVer+F      7983.748    0.017       149746at5125	0h:4m:7s (0h:49m:35s left)
 279 HIVb+F       12860.941   0.011       176503at5125	0h:4m:7s (0h:49m:26s left)
 280 JTT          4671.473    0.029       196071at5125	0h:4m:7s (0h:49m:17s left)
 281 JTT          4112.791    0.036       218521at5125	0h:4m:8s (0h:49m:11s left)
 282 JTTDCMut+F   8897.020    0.015       151237at5125	0h:4m:9s (0h:49m:7s left)
 283 VT           6001.495    0.022       150346at5125	0h:4m:9s (0h:48m:57s left)
 284 VT           5026.130    0.018       217918at5125	0h:4m:9s (0h:48m:46s left)
 285 PMB          2802.350    0.056       155071at5125	0h:4m:9s (0h:48m:40s left)
 286 JTT          10295.441   0.014       61042at5125	0h:4m:9s (0h:48m:30s left)
 287 JTT          6916.997    0.021       191739at5125	0h:4m:10s (0h:48m:30s left)
 288 VT           2948.800    0.067       155231at5125	0h:4m:10s (0h:48m:21s left)
 289 HIVw+F       11109.354   0.012       59126at5125	0h:4m:11s (0h:48m:15s left)
 290 VT           2631.023    0.059       224170at5125	0h:4m:11s (0h:48m:7s left)
 291 LG           2132.004    0.080       194553at5125	0h:4m:12s (0h:48m:3s left)
 292 JTT          5582.248    0.025       223819at5125	0h:4m:12s (0h:47m:57s left)
 293 JTT          2071.797    0.037       223893at5125	0h:4m:12s (0h:47m:50s left)
 294 mtVer+F      4288.277    0.031       195452at5125	0h:4m:12s (0h:47m:41s left)
 295 JTT          7436.473    0.019       36308at5125	0h:4m:13s (0h:47m:36s left)
 296 JTT          1957.512    0.027       201917at5125	0h:4m:13s (0h:47m:31s left)
 297 JTT          4655.642    0.028       167682at5125	0h:4m:13s (0h:47m:21s left)
 298 JTTDCMut+F   8895.600    0.009       111745at5125	0h:4m:14s (0h:47m:13s left)
 299 VT           6277.962    0.020       177880at5125	0h:4m:14s (0h:47m:7s left)
 300 VT+F         3979.940    0.036       223067at5125	0h:4m:14s (0h:47m:1s left)
 301 WAG          4138.076    0.032       98063at5125	0h:4m:15s (0h:46m:59s left)
 302 JTT+F        2419.110    0.020       133074at5125	0h:4m:15s (0h:46m:51s left)
 303 FLU          5513.722    0.027       174696at5125	0h:4m:16s (0h:46m:43s left)
 304 HIVb+F       7388.256    0.017       132880at5125	0h:4m:16s (0h:46m:38s left)
 305 mtVer+F+I    11245.121   0.014       176762at5125	0h:4m:16s (0h:46m:32s left)
 306 JTT          9435.437    0.013       195958at5125	0h:4m:17s (0h:46m:25s left)
 307 JTT          4595.730    0.027       224058at5125	0h:4m:17s (0h:46m:20s left)
 308 JTT          4323.980    0.031       222766at5125	0h:4m:17s (0h:46m:10s left)
 309 LG           4211.869    0.032       219583at5125	0h:4m:18s (0h:46m:7s left)
 310 HIVw+F       5704.445    0.021       151627at5125	0h:4m:18s (0h:46m:2s left)
 311 VT+I         13541.825   0.021       158971at5125	0h:4m:18s (0h:45m:54s left)
 312 LG+I         10843.313   0.013       189659at5125	0h:4m:19s (0h:45m:48s left)
 313 VT           1172.923    0.098       121996at5125	0h:4m:19s (0h:45m:40s left)
 314 JTT+I        3864.154    0.049       29110at5125	0h:4m:19s (0h:45m:36s left)
 315 JTTDCMut     6829.006    0.020       177231at5125	0h:4m:20s (0h:45m:29s left)
 316 WAG          4716.992    0.028       216159at5125	0h:4m:20s (0h:45m:20s left)
 317 VT           3571.984    0.036       222153at5125	0h:4m:20s (0h:45m:14s left)
 318 VT           6599.185    0.019       215106at5125	0h:4m:21s (0h:45m:15s left)
 319 HIVw+F       2751.716    0.049       132532at5125	0h:4m:21s (0h:45m:7s left)
 320 cpREV        3666.455    0.040       220524at5125	0h:4m:21s (0h:44m:59s left)
 321 JTT          7479.744    0.018       148818at5125	0h:4m:22s (0h:44m:53s left)
 322 JTT          4780.603    0.025       96036at5125	0h:4m:22s (0h:44m:44s left)
 323 JTT+I        4799.400    0.033       162562at5125	0h:4m:22s (0h:44m:40s left)
 324 VT+F         4416.740    0.030       173363at5125	0h:4m:23s (0h:44m:36s left)
 325 LG           8935.641    0.013       148850at5125	0h:4m:23s (0h:44m:29s left)
 326 JTT+F        4334.831    0.034       221476at5125	0h:4m:23s (0h:44m:20s left)
 327 LG           6772.339    0.020       215545at5125	0h:4m:23s (0h:44m:14s left)
 328 JTT          5125.889    0.026       125149at5125	0h:4m:23s (0h:44m:6s left)
 329 HIVb+F       6737.923    0.017       172016at5125	0h:4m:24s (0h:44m:6s left)
 330 JTT          6549.836    0.020       147328at5125	0h:4m:24s (0h:43m:57s left)
 331 JTTDCMut     5717.720    0.021       31075at5125	0h:4m:25s (0h:43m:53s left)
 332 JTT          5839.743    0.022       91097at5125	0h:4m:25s (0h:43m:47s left)
 333 mtVer+F      6658.210    0.007       152081at5125	0h:4m:25s (0h:43m:43s left)
 334 JTT          2312.458    0.056       220250at5125	0h:4m:26s (0h:43m:38s left)
 335 JTT          2810.961    0.047       178105at5125	0h:4m:26s (0h:43m:33s left)
 336 JTT          8759.037    0.014       149099at5125	0h:4m:27s (0h:43m:34s left)
 337 JTT          2068.361    0.035       48014at5125	0h:4m:27s (0h:43m:30s left)
 338 JTT          4831.666    0.010       151413at5125	0h:4m:28s (0h:43m:23s left)
 339 JTT          5469.052    0.023       102469at5125	0h:4m:28s (0h:43m:14s left)
 340 VT+I         3061.254    0.104       78381at5125	0h:4m:28s (0h:43m:10s left)
 341 JTT          6661.724    0.017       176811at5125	0h:4m:29s (0h:43m:7s left)
 342 LG           6458.903    0.018       125329at5125	0h:4m:29s (0h:43m:4s left)
 343 JTT          4023.075    0.032       207475at5125	0h:4m:30s (0h:43m:1s left)
 344 JTT+I        5191.574    0.031       217750at5125	0h:4m:30s (0h:42m:55s left)
 345 VT+I         4308.929    0.067       81611at5125	0h:4m:30s (0h:42m:50s left)
 346 JTT          3171.954    0.010       93590at5125	0h:4m:31s (0h:42m:51s left)
 347 VT           5153.453    0.027       172742at5125	0h:4m:31s (0h:42m:45s left)
 348 HIVb+F       10986.803   0.012       67164at5125	0h:4m:32s (0h:42m:39s left)
 349 VT           5476.312    0.022       192949at5125	0h:4m:32s (0h:42m:34s left)
 350 WAG          3417.842    0.039       199899at5125	0h:4m:32s (0h:42m:27s left)
 351 VT           4179.909    0.027       169002at5125	0h:4m:33s (0h:42m:27s left)
 352 VT           4831.014    0.027       174344at5125	0h:4m:33s (0h:42m:23s left)
 353 JTT          4009.144    0.029       218689at5125	0h:4m:34s (0h:42m:17s left)
 354 VT           4280.618    0.029       93172at5125	0h:4m:34s (0h:42m:11s left)
 355 JTT          1869.606    0.087       147430at5125	0h:4m:34s (0h:42m:7s left)
 356 JTT          22952.128   0.005       169978at5125	0h:4m:35s (0h:42m:2s left)
 357 JTT+I        5770.249    0.026       121522at5125	0h:4m:35s (0h:41m:54s left)
 358 JTT          10945.375   0.010       72413at5125	0h:4m:36s (0h:41m:56s left)
 359 VT           7054.257    0.018       191618at5125	0h:4m:36s (0h:41m:48s left)
 360 JTT          4577.122    0.025       171602at5125	0h:4m:36s (0h:41m:42s left)
 361 mtVer+F+I    10919.331   0.012       106881at5125	0h:4m:36s (0h:41m:39s left)
 362 VT           2579.426    0.046       220205at5125	0h:4m:37s (0h:41m:33s left)
 363 HIVw+F       7344.885    0.017       175799at5125	0h:4m:37s (0h:41m:30s left)
 364 VT           8751.486    0.013       213780at5125	0h:4m:38s (0h:41m:28s left)
 365 HIVw+F       5068.333    0.023       205212at5125	0h:4m:38s (0h:41m:22s left)
 366 WAG+I        2285.250    0.086       144383at5125	0h:4m:38s (0h:41m:15s left)
 367 JTT          3555.049    0.038       213453at5125	0h:4m:38s (0h:41m:8s left)
 368 HIVb+F       12249.040   0.009       170143at5125	0h:4m:38s (0h:41m:3s left)
 369 JTT          4876.933    0.026       204990at5125	0h:4m:39s (0h:40m:58s left)
 370 JTT          6545.290    0.016       150461at5125	0h:4m:39s (0h:40m:57s left)
 371 VT           5251.422    0.030       187890at5125	0h:4m:39s (0h:40m:50s left)
 372 VT           5930.436    0.021       168429at5125	0h:4m:40s (0h:40m:44s left)
 373 LG           5371.649    0.022       170726at5125	0h:4m:40s (0h:40m:39s left)
 374 HIVb+F       7668.288    0.015       151028at5125	0h:4m:40s (0h:40m:32s left)
 375 HIVb+F       7445.723    0.015       165983at5125	0h:4m:41s (0h:40m:32s left)
 376 PMB          1569.962    0.087       120027at5125	0h:4m:41s (0h:40m:28s left)
 377 VT           4422.321    0.026       218136at5125	0h:4m:42s (0h:40m:26s left)
 378 JTT          4727.142    0.023       73333at5125	0h:4m:42s (0h:40m:23s left)
 379 HIVb+F+I     6896.231    0.020       149188at5125	0h:4m:42s (0h:40m:19s left)
 380 VT+I         1668.922    0.210       63896at5125	0h:4m:43s (0h:40m:14s left)
 381 JTT          4839.895    0.023       202131at5125	0h:4m:43s (0h:40m:10s left)
 382 HIVw+F+I     8750.018    0.014       151457at5125	0h:4m:44s (0h:40m:9s left)
 383 JTT          6316.539    0.020       143494at5125	0h:4m:44s (0h:40m:2s left)
 384 JTT          6270.813    0.018       170488at5125	0h:4m:44s (0h:39m:59s left)
 385 cpREV        5938.735    0.019       96220at5125	0h:4m:44s (0h:39m:54s left)
 386 JTT          5738.078    0.019       216296at5125	0h:4m:45s (0h:39m:53s left)
 387 mtMAM+F      14964.446   0.007       217571at5125	0h:4m:46s (0h:39m:50s left)
 388 JTT          9786.092    0.012       165768at5125	0h:4m:46s (0h:39m:47s left)
 389 VT+I         9762.521    0.013       220517at5125	0h:4m:47s (0h:39m:44s left)
 390 JTT          7127.477    0.014       221047at5125	0h:4m:47s (0h:39m:37s left)
 391 JTT          3613.402    0.029       147105at5125	0h:4m:47s (0h:39m:35s left)
 392 JTT          2460.277    0.017       222418at5125	0h:4m:48s (0h:39m:33s left)
 393 JTT          6316.840    0.017       147370at5125	0h:4m:48s (0h:39m:28s left)
 394 JTT          3688.445    0.032       178094at5125	0h:4m:49s (0h:39m:26s left)
 395 HIVw+F       4044.652    0.026       129579at5125	0h:4m:49s (0h:39m:20s left)
 396 rtREV+I      2500.195    0.086       79655at5125	0h:4m:50s (0h:39m:21s left)
 397 LG           8486.729    0.013       60382at5125	0h:4m:50s (0h:39m:15s left)
 398 JTT          2843.565    0.040       150220at5125	0h:4m:50s (0h:39m:8s left)
 399 JTT          4348.830    0.026       199971at5125	0h:4m:50s (0h:39m:5s left)
 400 JTT          7025.973    0.015       120267at5125	0h:4m:50s (0h:38m:59s left)
 401 VT+I         5297.362    0.046       162051at5125	0h:4m:51s (0h:38m:56s left)
 402 HIVb+F       3774.780    0.033       151449at5125	0h:4m:52s (0h:38m:57s left)
 403 JTT          15125.150   0.007       167468at5125	0h:4m:52s (0h:38m:52s left)
 404 JTTDCMut     8176.730    0.013       82577at5125	0h:4m:53s (0h:38m:54s left)
 405 JTT          6320.927    0.018       214076at5125	0h:4m:53s (0h:38m:49s left)
 406 VT+I         3714.292    0.040       2019at5125	0h:4m:53s (0h:38m:43s left)
 407 JTT          4542.072    0.025       115231at5125	0h:4m:53s (0h:38m:40s left)
 408 VT           3197.001    0.038       72371at5125	0h:4m:54s (0h:38m:37s left)
 409 WAG+I        2250.496    0.169       80945at5125	0h:4m:54s (0h:38m:33s left)
 410 PMB          2189.253    0.057       157655at5125	0h:4m:54s (0h:38m:28s left)
 411 WAG          1296.503    0.111       157540at5125	0h:4m:55s (0h:38m:25s left)
 412 VT           8670.939    0.012       167651at5125	0h:4m:56s (0h:38m:26s left)
 413 HIVw+F       5794.474    0.018       171887at5125	0h:4m:56s (0h:38m:21s left)
 414 JTT          4909.039    0.021       149958at5125	0h:4m:57s (0h:38m:20s left)
 415 JTT          6686.061    0.019       148703at5125	0h:4m:57s (0h:38m:16s left)
 416 PMB          2604.976    0.042       215749at5125	0h:4m:58s (0h:38m:15s left)
 417 cpREV        8837.314    0.013       218337at5125	0h:4m:58s (0h:38m:9s left)
 418 cpREV+I      3557.516    0.044       219512at5125	0h:4m:58s (0h:38m:3s left)
 419 JTT          5581.765    0.017       162917at5125	0h:4m:58s (0h:38m:1s left)
 420 VT+I         1842.028    0.138       95185at5125	0h:4m:58s (0h:37m:56s left)
 421 LG           6034.867    0.018       214865at5125	0h:4m:58s (0h:37m:51s left)
 422 HIVw+F       7771.267    0.013       216527at5125	0h:4m:59s (0h:37m:47s left)
 423 HIVb+F       7044.970    0.012       218197at5125	0h:4m:59s (0h:37m:41s left)
 424 HIVw+F       5025.346    0.023       182804at5125	0h:4m:59s (0h:37m:37s left)
 425 JTT          8058.268    0.012       168224at5125	0h:4m:59s (0h:37m:34s left)
 426 mtVer+F      5953.633    0.016       174700at5125	0h:5m:0s (0h:37m:29s left)
 427 VT           6387.229    0.015       218852at5125	0h:5m:0s (0h:37m:24s left)
 428 VT           4360.698    0.023       142711at5125	0h:5m:0s (0h:37m:22s left)
 429 JTT          5751.993    0.018       216855at5125	0h:5m:0s (0h:37m:16s left)
 430 JTT          8253.435    0.012       162724at5125	0h:5m:0s (0h:37m:11s left)
 431 mtVer+F      4999.895    0.019       117708at5125	0h:5m:1s (0h:37m:10s left)
 432 JTT+F        3609.761    0.030       152266at5125	0h:5m:1s (0h:37m:6s left)
 433 JTT          6317.249    0.015       190097at5125	0h:5m:1s (0h:37m:1s left)
 434 HIVb+F       4187.351    0.024       205088at5125	0h:5m:2s (0h:36m:58s left)
 435 JTT          5784.837    0.018       160944at5125	0h:5m:2s (0h:36m:53s left)
 436 mtVer+F      7306.051    0.013       210838at5125	0h:5m:2s (0h:36m:50s left)
 437 JTT+I        7441.238    0.015       214800at5125	0h:5m:2s (0h:36m:45s left)
 438 HIVb+F       8483.062    0.012       221527at5125	0h:5m:3s (0h:36m:41s left)
 439 HIVb+F       6916.314    0.014       156648at5125	0h:5m:3s (0h:36m:37s left)
 440 JTTDCMut     2636.605    0.044       213023at5125	0h:5m:3s (0h:36m:35s left)
 441 HIVb+F       6113.144    0.016       176713at5125	0h:5m:3s (0h:36m:30s left)
 442 JTT          1821.331    0.063       48063at5125	0h:5m:3s (0h:36m:24s left)
 443 HIVb+F       5473.900    0.018       223392at5125	0h:5m:4s (0h:36m:23s left)
 444 JTT          5041.523    0.019       145064at5125	0h:5m:4s (0h:36m:17s left)
 445 JTT          3146.014    0.020       218149at5125	0h:5m:5s (0h:36m:17s left)
 446 HIVb         4738.348    0.022       50655at5125	0h:5m:5s (0h:36m:12s left)
 447 JTT          6555.950    0.017       173430at5125	0h:5m:5s (0h:36m:10s left)
 448 mtVer+F      3279.858    0.030       130536at5125	0h:5m:5s (0h:36m:5s left)
 449 HIVb+F       10431.450   0.009       170879at5125	0h:5m:6s (0h:36m:4s left)
 450 JTT          7111.666    0.013       150456at5125	0h:5m:6s (0h:36m:2s left)
 451 JTT          5038.626    0.022       218079at5125	0h:5m:7s (0h:35m:57s left)
 452 PMB+I        2298.454    0.139       190757at5125	0h:5m:7s (0h:35m:52s left)
 453 WAG          3413.823    0.051       198259at5125	0h:5m:7s (0h:35m:47s left)
 454 cpREV+I      5435.321    0.022       149988at5125	0h:5m:7s (0h:35m:45s left)
 455 VT           10037.588   0.009       71324at5125	0h:5m:8s (0h:35m:42s left)
 456 HIVb+F       7088.052    0.013       149862at5125	0h:5m:8s (0h:35m:38s left)
 457 VT           5581.250    0.020       136161at5125	0h:5m:8s (0h:35m:33s left)
 458 JTT          3883.633    0.026       221004at5125	0h:5m:8s (0h:35m:30s left)
 459 JTT          5822.816    0.016       159434at5125	0h:5m:9s (0h:35m:29s left)
 460 JTT          2752.024    0.038       158919at5125	0h:5m:9s (0h:35m:24s left)
 461 JTT          5077.505    0.018       150047at5125	0h:5m:9s (0h:35m:20s left)
 462 JTT          5611.838    0.016       213421at5125	0h:5m:9s (0h:35m:15s left)
 463 JTT+I        4226.038    0.031       123209at5125	0h:5m:9s (0h:35m:13s left)
 464 PMB          2581.353    0.039       160146at5125	0h:5m:9s (0h:35m:8s left)
 465 HIVw+F       10933.953   0.008       201363at5125	0h:5m:10s (0h:35m:6s left)
 466 HIVw+F       5641.043    0.015       200697at5125	0h:5m:10s (0h:35m:1s left)
 467 JTT          9448.375    0.009       218109at5125	0h:5m:10s (0h:34m:56s left)
 468 PMB          3147.774    0.031       211008at5125	0h:5m:10s (0h:34m:53s left)
 469 JTT          6533.075    0.014       150103at5125	0h:5m:11s (0h:34m:51s left)
 470 VT           1353.158    0.022       216508at5125	0h:5m:11s (0h:34m:48s left)
 471 mtMAM+F      7011.234    0.012       205851at5125	0h:5m:11s (0h:34m:43s left)
 472 VT           5813.104    0.016       164904at5125	0h:5m:11s (0h:34m:39s left)
 473 WAG          2707.312    0.049       214425at5125	0h:5m:12s (0h:34m:38s left)
 474 JTT          3478.261    0.031       148712at5125	0h:5m:12s (0h:34m:34s left)
 475 LG           4119.158    0.023       216345at5125	0h:5m:12s (0h:34m:31s left)
 476 JTT          9532.212    0.011       147418at5125	0h:5m:13s (0h:34m:29s left)
 477 HIVb+F       8848.609    0.010       204327at5125	0h:5m:13s (0h:34m:26s left)
 478 mtVer+F      14123.719   0.006       150308at5125	0h:5m:13s (0h:34m:23s left)
 479 HIVb+F       4073.090    0.025       150867at5125	0h:5m:14s (0h:34m:19s left)
 480 VT           2651.253    0.041       152222at5125	0h:5m:14s (0h:34m:15s left)
 481 mtVer+F      7920.395    0.011       202998at5125	0h:5m:14s (0h:34m:11s left)
 482 JTT+I        3846.996    0.033       147604at5125	0h:5m:15s (0h:34m:12s left)
 483 LG           7374.961    0.013       158729at5125	0h:5m:15s (0h:34m:9s left)
 484 JTT          6584.789    0.013       93093at5125	0h:5m:15s (0h:34m:4s left)
 485 JTT          2918.014    0.036       143798at5125	0h:5m:16s (0h:34m:3s left)
 486 HIVb+F       6383.582    0.015       179762at5125	0h:5m:16s (0h:34m:2s left)
 487 VT           4521.069    0.020       189623at5125	0h:5m:16s (0h:33m:57s left)
 488 WAG          9161.091    0.010       143274at5125	0h:5m:17s (0h:33m:59s left)
 489 VT           2674.785    0.036       72837at5125	0h:5m:17s (0h:33m:54s left)
 490 cpREV+I      3859.993    0.035       79853at5125	0h:5m:18s (0h:33m:51s left)
 491 JTT          4821.504    0.019       126821at5125	0h:5m:18s (0h:33m:47s left)
 492 JTT          7577.864    0.012       81721at5125	0h:5m:18s (0h:33m:47s left)
 493 HIVb+F       8562.754    0.011       175600at5125	0h:5m:19s (0h:33m:44s left)
 494 JTTDCMut     2144.746    0.045       145948at5125	0h:5m:19s (0h:33m:43s left)
 495 JTT          5498.464    0.016       173487at5125	0h:5m:20s (0h:33m:40s left)
 496 mtMet+F      9454.070    0.009       178119at5125	0h:5m:20s (0h:33m:37s left)
 497 JTT          9159.459    0.010       172843at5125	0h:5m:20s (0h:33m:35s left)
 498 JTT          4065.826    0.025       143458at5125	0h:5m:21s (0h:33m:37s left)
 499 JTT          6983.627    0.013       171567at5125	0h:5m:21s (0h:33m:33s left)
 500 LG           4757.721    0.022       176785at5125	0h:5m:22s (0h:33m:30s left)
 501 rtREV+I      2506.746    0.071       215917at5125	0h:5m:22s (0h:33m:28s left)
 502 JTT          7988.683    0.012       174457at5125	0h:5m:22s (0h:33m:24s left)
 503 JTT          5568.106    0.015       204874at5125	0h:5m:23s (0h:33m:24s left)
 504 HIVw+F       5213.755    0.016       204852at5125	0h:5m:23s (0h:33m:22s left)
 505 LG           3901.817    0.023       217678at5125	0h:5m:24s (0h:33m:20s left)
 506 JTT+I        4903.264    0.020       143343at5125	0h:5m:24s (0h:33m:18s left)
 507 JTT          3563.137    0.026       192649at5125	0h:5m:25s (0h:33m:15s left)
 508 VT           4518.468    0.021       220985at5125	0h:5m:25s (0h:33m:13s left)
 509 JTT          3122.016    0.028       124897at5125	0h:5m:25s (0h:33m:9s left)
 510 JTT+I        2291.590    0.071       190197at5125	0h:5m:25s (0h:33m:5s left)
 511 VT           7004.527    0.012       157724at5125	0h:5m:25s (0h:33m:2s left)
 512 mtMet+F      9558.308    0.009       150694at5125	0h:5m:26s (0h:32m:59s left)
 513 JTT+I        2700.185    0.051       219418at5125	0h:5m:26s (0h:32m:56s left)
 514 mtREV+F      5294.555    0.016       124478at5125	0h:5m:26s (0h:32m:53s left)
 515 JTT          3946.045    0.022       187641at5125	0h:5m:26s (0h:32m:50s left)
 516 JTT          8866.996    0.009       211748at5125	0h:5m:26s (0h:32m:46s left)
 517 HIVw+F       6051.753    0.015       178886at5125	0h:5m:27s (0h:32m:44s left)
 518 JTT          5284.261    0.016       41048at5125	0h:5m:27s (0h:32m:40s left)
 519 JTT          2250.486    0.040       39467at5125	0h:5m:27s (0h:32m:36s left)
 520 HIVb+F       5626.750    0.018       149224at5125	0h:5m:28s (0h:32m:35s left)
 521 LG           5572.181    0.016       149240at5125	0h:5m:28s (0h:32m:32s left)
 522 mtMAM+F      8429.342    0.010       179971at5125	0h:5m:28s (0h:32m:29s left)
 523 VT           4510.401    0.019       165659at5125	0h:5m:28s (0h:32m:25s left)
 524 cpREV        4249.557    0.024       18011at5125	0h:5m:28s (0h:32m:22s left)
 525 JTT+I        3787.625    0.021       97185at5125	0h:5m:29s (0h:32m:22s left)
 526 VT           3805.028    0.024       223179at5125	0h:5m:30s (0h:32m:22s left)
 527 mtMet+F      8154.024    0.010       150019at5125	0h:5m:30s (0h:32m:19s left)
 528 HIVw+F       7028.168    0.012       130446at5125	0h:5m:30s (0h:32m:15s left)
 529 HIVb         3220.465    0.020       161328at5125	0h:5m:30s (0h:32m:11s left)
 530 JTT+I        4846.239    0.020       197849at5125	0h:5m:31s (0h:32m:10s left)
 531 JTT          5221.555    0.016       168155at5125	0h:5m:31s (0h:32m:9s left)
 532 JTT          4705.290    0.021       161391at5125	0h:5m:32s (0h:32m:7s left)
 533 JTT          2432.271    0.040       88294at5125	0h:5m:32s (0h:32m:3s left)
 534 JTT          9137.276    0.010       168857at5125	0h:5m:32s (0h:32m:0s left)
 535 HIVw+F       8579.583    0.010       171683at5125	0h:5m:32s (0h:32m:0s left)
 536 HIVw+F       10074.506   0.009       148880at5125	0h:5m:33s (0h:31m:58s left)
 537 JTT          2918.969    0.032       222177at5125	0h:5m:33s (0h:31m:55s left)
 538 JTT          5879.118    0.016       78553at5125	0h:5m:33s (0h:31m:52s left)
 539 VT           1998.712    0.048       211278at5125	0h:5m:34s (0h:31m:49s left)
 540 JTT          8478.183    0.010       177818at5125	0h:5m:34s (0h:31m:48s left)
 541 LG           18730.199   0.005       166819at5125	0h:5m:34s (0h:31m:45s left)
 542 JTT          3545.989    0.024       221533at5125	0h:5m:35s (0h:31m:42s left)
 543 JTT          3867.891    0.027       151756at5125	0h:5m:35s (0h:31m:42s left)
 544 VT           5905.036    0.014       123402at5125	0h:5m:35s (0h:31m:38s left)
 545 JTT          2721.659    0.032       148243at5125	0h:5m:36s (0h:31m:36s left)
 546 JTT          5065.431    0.017       190666at5125	0h:5m:36s (0h:31m:32s left)
 547 VT           12910.588   0.007       186434at5125	0h:5m:37s (0h:31m:33s left)
 548 JTT          6265.751    0.014       110607at5125	0h:5m:37s (0h:31m:29s left)
 549 JTT          3022.803    0.033       146492at5125	0h:5m:37s (0h:31m:26s left)
 550 JTT          2462.230    0.039       112495at5125	0h:5m:37s (0h:31m:25s left)
 551 JTT          5901.660    0.014       148544at5125	0h:5m:38s (0h:31m:24s left)
 552 JTT          3130.679    0.026       176523at5125	0h:5m:38s (0h:31m:22s left)
 553 JTT          3841.105    0.025       215744at5125	0h:5m:38s (0h:31m:18s left)
 554 JTTDCMut     2435.582    0.038       217330at5125	0h:5m:39s (0h:31m:16s left)
 555 HIVb         2812.626    0.032       217223at5125	0h:5m:39s (0h:31m:16s left)
 556 LG           6466.773    0.013       148968at5125	0h:5m:39s (0h:31m:13s left)
 557 JTT          2723.357    0.037       224044at5125	0h:5m:40s (0h:31m:10s left)
 558 LG+I         11885.254   0.009       98873at5125	0h:5m:40s (0h:31m:9s left)
 559 JTT          4919.449    0.018       178324at5125	0h:5m:40s (0h:31m:6s left)
 560 VT           7196.265    0.011       217018at5125	0h:5m:40s (0h:31m:3s left)
 561 cpREV        3949.021    0.023       147197at5125	0h:5m:41s (0h:30m:59s left)
 562 LG+I         3673.440    0.040       218024at5125	0h:5m:41s (0h:30m:56s left)
 563 JTT          3851.997    0.024       216833at5125	0h:5m:41s (0h:30m:55s left)
 564 JTT          6840.000    0.012       169582at5125	0h:5m:42s (0h:30m:53s left)
 565 JTT          4871.645    0.017       216741at5125	0h:5m:42s (0h:30m:50s left)
 566 mtVer+F      5493.085    0.015       176646at5125	0h:5m:42s (0h:30m:47s left)
 567 DCMut        2331.881    0.046       201747at5125	0h:5m:42s (0h:30m:44s left)
 568 LG           5370.948    0.015       177039at5125	0h:5m:42s (0h:30m:42s left)
 569 HIVw+F+I     5099.541    0.021       178139at5125	0h:5m:43s (0h:30m:40s left)
 570 LG           4255.848    0.019       104238at5125	0h:5m:43s (0h:30m:39s left)
 571 JTT          4139.330    0.019       218732at5125	0h:5m:43s (0h:30m:35s left)
 572 JTT          6013.582    0.014       197068at5125	0h:5m:43s (0h:30m:31s left)
 573 JTT          5958.665    0.014       148585at5125	0h:5m:43s (0h:30m:28s left)
 574 JTT          5733.811    0.014       187129at5125	0h:5m:44s (0h:30m:25s left)
 575 LG           4773.672    0.017       213968at5125	0h:5m:44s (0h:30m:25s left)
 576 HIVw+F       6881.311    0.012       172619at5125	0h:5m:44s (0h:30m:22s left)
 577 LG           5946.705    0.013       216153at5125	0h:5m:45s (0h:30m:20s left)
 578 JTT          6741.391    0.012       166533at5125	0h:5m:45s (0h:30m:16s left)
 579 JTT          3316.463    0.029       228275at5125	0h:5m:46s (0h:30m:18s left)
 580 JTT+I        3978.621    0.026       27800at5125	0h:5m:46s (0h:30m:14s left)
 581 rtREV        2803.176    0.032       201351at5125	0h:5m:46s (0h:30m:11s left)
 582 JTT          6876.804    0.011       151218at5125	0h:5m:46s (0h:30m:7s left)
 583 JTT          3295.141    0.025       200628at5125	0h:5m:46s (0h:30m:5s left)
 584 HIVw+F       5469.899    0.015       151520at5125	0h:5m:47s (0h:30m:4s left)
 585 HIVb+F       4203.707    0.019       117758at5125	0h:5m:47s (0h:30m:2s left)
 586 VT           14037.303   0.005       65810at5125	0h:5m:47s (0h:29m:59s left)
 587 JTTDCMut     1750.148    0.049       174774at5125	0h:5m:47s (0h:29m:56s left)
 588 HIVw+F       5501.256    0.015       174884at5125	0h:5m:48s (0h:29m:54s left)
 589 VT           6592.291    0.012       175206at5125	0h:5m:48s (0h:29m:55s left)
 590 Dayhoff      2404.791    0.037       152034at5125	0h:5m:49s (0h:29m:53s left)
 591 LG           2567.654    0.043       215713at5125	0h:5m:49s (0h:29m:51s left)
 592 mtVer+F      6681.874    0.013       203508at5125	0h:5m:50s (0h:29m:50s left)
 593 FLU+F+I      6177.845    0.015       152023at5125	0h:5m:50s (0h:29m:47s left)
 594 cpREV+I      3812.252    0.028       83007at5125	0h:5m:50s (0h:29m:43s left)
 595 HIVw+F       13154.164   0.006       106941at5125	0h:5m:50s (0h:29m:42s left)
 596 WAG+I        2138.046    0.133       86770at5125	0h:5m:50s (0h:29m:38s left)
 597 HIVw+F       8568.429    0.010       152202at5125	0h:5m:50s (0h:29m:36s left)
 598 JTT          4282.685    0.019       63103at5125	0h:5m:51s (0h:29m:35s left)
 599 VT           4510.531    0.019       217586at5125	0h:5m:51s (0h:29m:31s left)
 600 VT           1375.256    0.103       199382at5125	0h:5m:51s (0h:29m:30s left)
 601 LG           3917.359    0.020       218010at5125	0h:5m:52s (0h:29m:29s left)
 602 Blosum62     2652.164    0.032       58722at5125	0h:5m:52s (0h:29m:28s left)
 603 HIVb         3377.735    0.024       197725at5125	0h:5m:53s (0h:29m:26s left)
 604 JTT+I        4966.192    0.019       150271at5125	0h:5m:53s (0h:29m:23s left)
 605 JTT          4011.036    0.021       197724at5125	0h:5m:53s (0h:29m:23s left)
 606 cpREV        3816.551    0.022       214520at5125	0h:5m:54s (0h:29m:21s left)
 607 JTT          1541.872    0.067       127075at5125	0h:5m:54s (0h:29m:18s left)
 608 LG           4896.038    0.017       205809at5125	0h:5m:54s (0h:29m:15s left)
 609 cpREV        3377.503    0.027       149655at5125	0h:5m:55s (0h:29m:17s left)
 610 LG           4930.220    0.016       149444at5125	0h:5m:55s (0h:29m:14s left)
 611 LG           4327.091    0.019       197264at5125	0h:5m:55s (0h:29m:12s left)
 612 HIVb+F       2765.455    0.034       223741at5125	0h:5m:55s (0h:29m:8s left)
 613 WAG          5790.852    0.016       146210at5125	0h:5m:56s (0h:29m:7s left)
 614 FLU          4563.010    0.019       170607at5125	0h:5m:57s (0h:29m:8s left)
 615 HIVb+F       7591.449    0.011       176258at5125	0h:5m:57s (0h:29m:5s left)
 616 JTTDCMut     3745.284    0.024       148406at5125	0h:5m:57s (0h:29m:2s left)
 617 WAG          5130.710    0.017       167865at5125	0h:5m:57s (0h:29m:0s left)
 618 JTT          9096.129    0.009       159795at5125	0h:5m:57s (0h:28m:58s left)
 619 FLU          2506.475    0.038       146108at5125	0h:5m:58s (0h:28m:57s left)
 620 JTT          7458.413    0.010       147122at5125	0h:5m:58s (0h:28m:54s left)
 621 JTT          9079.053    0.009       193301at5125	0h:5m:58s (0h:28m:52s left)
 622 WAG          1219.410    0.079       212144at5125	0h:5m:58s (0h:28m:49s left)
 623 JTT          5203.841    0.015       146454at5125	0h:5m:59s (0h:28m:49s left)
 624 HIVw+F       7563.780    0.011       223543at5125	0h:5m:59s (0h:28m:46s left)
 625 mtVer+F      17004.713   0.005       168410at5125	0h:5m:59s (0h:28m:43s left)
 626 JTT          4695.752    0.017       218596at5125	0h:5m:59s (0h:28m:40s left)
 627 JTT          3735.705    0.024       146835at5125	0h:6m:0s (0h:28m:38s left)
 628 VT           7990.835    0.009       173599at5125	0h:6m:0s (0h:28m:38s left)
 629 LG           6282.363    0.012       214766at5125	0h:6m:0s (0h:28m:35s left)
 630 JTT          2648.960    0.029       212892at5125	0h:6m:0s (0h:28m:32s left)
 631 mtVer+F      4736.487    0.015       108096at5125	0h:6m:1s (0h:28m:30s left)
 632 JTT          2173.719    0.034       173737at5125	0h:6m:1s (0h:28m:27s left)
 633 mtMAM+F      4280.055    0.018       223421at5125	0h:6m:1s (0h:28m:26s left)
 634 VT           8904.229    0.008       165951at5125	0h:6m:1s (0h:28m:23s left)
 635 JTT          4706.150    0.017       102999at5125	0h:6m:1s (0h:28m:20s left)
 636 Blosum62+I   3552.822    0.041       55284at5125	0h:6m:2s (0h:28m:19s left)
 637 WAG          3242.965    0.022       150438at5125	0h:6m:2s (0h:28m:17s left)
 638 JTT          3006.979    0.025       177232at5125	0h:6m:2s (0h:28m:14s left)
 639 LG           7301.087    0.009       150600at5125	0h:6m:2s (0h:28m:13s left)
 640 cpREV        3523.077    0.023       214164at5125	0h:6m:3s (0h:28m:10s left)
 641 JTT          5463.155    0.015       102712at5125	0h:6m:3s (0h:28m:9s left)
 642 JTT          4471.571    0.016       107397at5125	0h:6m:3s (0h:28m:7s left)
 643 mtVer+F      5077.129    0.014       223198at5125	0h:6m:3s (0h:28m:4s left)
 644 JTT          4557.828    0.018       199233at5125	0h:6m:3s (0h:28m:0s left)
 645 mtMAM+F      7440.984    0.010       218104at5125	0h:6m:4s (0h:27m:59s left)
 646 WAG          3437.642    0.022       45442at5125	0h:6m:4s (0h:27m:58s left)
 647 JTT          5056.720    0.015       97356at5125	0h:6m:4s (0h:27m:55s left)
 648 VT           3249.069    0.023       90279at5125	0h:6m:4s (0h:27m:53s left)
 649 WAG          2811.539    0.029       197899at5125	0h:6m:5s (0h:27m:52s left)
 650 mtVer+F      3865.440    0.017       223166at5125	0h:6m:5s (0h:27m:50s left)
 651 JTT          7726.723    0.009       214647at5125	0h:6m:5s (0h:27m:47s left)
 652 HIVw+F+I     3914.228    0.010       131341at5125	0h:6m:6s (0h:27m:46s left)
 653 VT+F         1723.438    0.064       132557at5125	0h:6m:6s (0h:27m:44s left)
 654 JTTDCMut     4026.787    0.020       193637at5125	0h:6m:6s (0h:27m:42s left)
 655 VT           1844.896    0.053       131496at5125	0h:6m:6s (0h:27m:39s left)
 656 HIVb+F       7225.367    0.010       81170at5125	0h:6m:6s (0h:27m:36s left)
 657 mtVer+F      4268.416    0.017       118246at5125	0h:6m:7s (0h:27m:35s left)
 658 HIVw+F       5111.877    0.018       205272at5125	0h:6m:7s (0h:27m:33s left)
 659 mtMet+F      7340.631    0.010       216519at5125	0h:6m:7s (0h:27m:31s left)
 660 JTT          3040.932    0.024       215399at5125	0h:6m:8s (0h:27m:30s left)
 661 VT           9098.628    0.008       146966at5125	0h:6m:8s (0h:27m:28s left)
 662 JTT          3195.895    0.025       221492at5125	0h:6m:8s (0h:27m:26s left)
 663 JTT          7755.643    0.011       215417at5125	0h:6m:8s (0h:27m:24s left)
 664 HIVb+F       3254.709    0.018       178137at5125	0h:6m:9s (0h:27m:23s left)
 665 JTT          3316.491    0.023       216040at5125	0h:6m:9s (0h:27m:22s left)
 666 FLU          3197.647    0.024       203639at5125	0h:6m:9s (0h:27m:19s left)
 667 JTT          7066.103    0.010       100591at5125	0h:6m:9s (0h:27m:16s left)
 668 JTT+I        3713.894    0.026       80265at5125	0h:6m:9s (0h:27m:14s left)
 669 JTTDCMut     5211.630    0.014       203145at5125	0h:6m:10s (0h:27m:14s left)
 670 cpREV        6332.609    0.012       215669at5125	0h:6m:10s (0h:27m:11s left)
 671 VT           6911.658    0.010       162679at5125	0h:6m:10s (0h:27m:9s left)
 672 LG           7605.868    0.010       85694at5125	0h:6m:11s (0h:27m:9s left)
 673 JTT+I        2702.808    0.036       221698at5125	0h:6m:11s (0h:27m:7s left)
 674 JTT          3219.545    0.023       147317at5125	0h:6m:11s (0h:27m:5s left)
 675 JTT          2568.300    0.029       147388at5125	0h:6m:11s (0h:27m:2s left)
 676 JTT          2668.318    0.030       147386at5125	0h:6m:11s (0h:26m:59s left)
 677 JTT          8484.100    0.008       147436at5125	0h:6m:12s (0h:26m:59s left)
 678 JTT          5144.849    0.015       150827at5125	0h:6m:12s (0h:26m:58s left)
 679 JTT          7887.043    0.009       170372at5125	0h:6m:12s (0h:26m:55s left)
 680 JTT          3801.190    0.020       173893at5125	0h:6m:13s (0h:26m:52s left)
 681 LG+I         2002.382    0.074       162432at5125	0h:6m:14s (0h:26m:54s left)
 682 HIVb+F       3289.647    0.021       152758at5125	0h:6m:14s (0h:26m:51s left)
 683 cpREV        6367.927    0.014       217212at5125	0h:6m:14s (0h:26m:50s left)
 684 JTT          2151.212    0.038       164556at5125	0h:6m:15s (0h:26m:49s left)
 685 LG           6843.249    0.011       151118at5125	0h:6m:15s (0h:26m:47s left)
 686 VT           3839.939    0.018       221279at5125	0h:6m:15s (0h:26m:45s left)
 687 HIVw+F+I     5305.995    0.017       221228at5125	0h:6m:15s (0h:26m:42s left)
 688 Blosum62     1088.664    0.099       151185at5125	0h:6m:15s (0h:26m:42s left)
 689 JTT          3304.360    0.023       169487at5125	0h:6m:16s (0h:26m:39s left)
 690 LG           6256.534    0.011       118331at5125	0h:6m:16s (0h:26m:37s left)
 691 JTT          2984.839    0.025       160515at5125	0h:6m:16s (0h:26m:35s left)
 692 JTT          5868.688    0.013       168120at5125	0h:6m:16s (0h:26m:33s left)
 693 VT           10961.207   0.006       104269at5125	0h:6m:17s (0h:26m:32s left)
 694 cpREV        4123.670    0.020       187568at5125	0h:6m:17s (0h:26m:30s left)
 695 JTT          3954.652    0.020       171303at5125	0h:6m:18s (0h:26m:32s left)
 696 JTT+I        4529.627    0.019       195037at5125	0h:6m:18s (0h:26m:31s left)
 697 JTTDCMut+I   4769.785    0.019       160590at5125	0h:6m:18s (0h:26m:28s left)
 698 VT           2108.470    0.050       156506at5125	0h:6m:19s (0h:26m:27s left)
 699 WAG          6081.858    0.013       212964at5125	0h:6m:19s (0h:26m:26s left)
 700 JTT          6612.038    0.011       105530at5125	0h:6m:19s (0h:26m:25s left)
 701 JTT          7197.882    0.010       175857at5125	0h:6m:20s (0h:26m:23s left)
 702 HIVb+F       4190.835    0.019       176799at5125	0h:6m:20s (0h:26m:21s left)
 703 WAG          5768.646    0.013       185388at5125	0h:6m:20s (0h:26m:20s left)
 704 LG           5129.389    0.015       148624at5125	0h:6m:21s (0h:26m:18s left)
 705 JTT+I        3450.939    0.026       220180at5125	0h:6m:21s (0h:26m:15s left)
 706 cpREV        2274.090    0.034       223797at5125	0h:6m:21s (0h:26m:14s left)
 707 JTT          3926.210    0.017       116853at5125	0h:6m:21s (0h:26m:12s left)
 708 JTT          6338.124    0.011       177906at5125	0h:6m:22s (0h:26m:11s left)
 709 VT           10616.691   0.006       100912at5125	0h:6m:22s (0h:26m:8s left)
 710 JTT+I        2250.237    0.052       204606at5125	0h:6m:22s (0h:26m:7s left)
 711 JTT          6175.309    0.010       105299at5125	0h:6m:22s (0h:26m:5s left)
 712 JTT          5136.443    0.014       216427at5125	0h:6m:22s (0h:26m:2s left)
 713 VT           3126.752    0.021       170573at5125	0h:6m:22s (0h:26m:0s left)
 714 JTT          5266.773    0.012       125872at5125	0h:6m:23s (0h:26m:0s left)
 715 LG           9875.423    0.007       145704at5125	0h:6m:23s (0h:25m:58s left)
 716 VT           5752.822    0.011       170131at5125	0h:6m:23s (0h:25m:56s left)
 717 FLU+F        5753.056    0.013       219653at5125	0h:6m:24s (0h:25m:54s left)
 718 JTTDCMut     4795.700    0.014       160549at5125	0h:6m:24s (0h:25m:53s left)
 719 mtMet+F      4142.267    0.016       148656at5125	0h:6m:24s (0h:25m:51s left)
 720 JTT          4700.113    0.014       150311at5125	0h:6m:24s (0h:25m:49s left)
 721 JTT          4350.427    0.016       204967at5125	0h:6m:25s (0h:25m:48s left)
 722 JTTDCMut+F   5142.365    0.012       179152at5125	0h:6m:25s (0h:25m:45s left)
 723 VT           3801.270    0.017       149376at5125	0h:6m:25s (0h:25m:44s left)
 724 LG           3870.583    0.016       220145at5125	0h:6m:25s (0h:25m:43s left)
 725 HIVw+F       6266.381    0.010       170199at5125	0h:6m:26s (0h:25m:41s left)
 726 LG           4562.664    0.014       163803at5125	0h:6m:26s (0h:25m:40s left)
 727 mtVer+F      7627.484    0.009       118905at5125	0h:6m:26s (0h:25m:39s left)
 728 cpREV+I      1913.324    0.092       150481at5125	0h:6m:26s (0h:25m:37s left)
 729 JTT          3230.218    0.023       216925at5125	0h:6m:27s (0h:25m:34s left)
 730 mtVer+F      6520.141    0.012       178155at5125	0h:6m:27s (0h:25m:33s left)
 731 cpREV+I      2445.486    0.035       109787at5125	0h:6m:27s (0h:25m:31s left)
 732 JTT          3211.031    0.022       69552at5125	0h:6m:27s (0h:25m:29s left)
 733 WAG          2915.057    0.023       219516at5125	0h:6m:27s (0h:25m:27s left)
 734 JTTDCMut     2407.043    0.029       194757at5125	0h:6m:28s (0h:25m:26s left)
 735 JTT          3864.113    0.017       220097at5125	0h:6m:28s (0h:25m:23s left)
 736 VT+I         8871.235    0.011       164134at5125	0h:6m:28s (0h:25m:22s left)
 737 LG           2892.853    0.024       148876at5125	0h:6m:28s (0h:25m:20s left)
 738 LG           5123.636    0.013       221415at5125	0h:6m:28s (0h:25m:18s left)
 739 HIVb+F       4308.787    0.014       175737at5125	0h:6m:29s (0h:25m:16s left)
 740 HIVb+F       6773.443    0.010       151009at5125	0h:6m:29s (0h:25m:15s left)
 741 JTTDCMut+I   3643.019    0.031       216819at5125	0h:6m:29s (0h:25m:12s left)
 742 JTT          6152.717    0.011       216683at5125	0h:6m:29s (0h:25m:11s left)
 743 FLU          5807.491    0.011       108906at5125	0h:6m:30s (0h:25m:10s left)
 744 LG           5635.229    0.014       159947at5125	0h:6m:30s (0h:25m:9s left)
 745 LG+I         4106.999    0.021       67275at5125	0h:6m:30s (0h:25m:7s left)
 746 JTT          5274.616    0.012       151471at5125	0h:6m:30s (0h:25m:5s left)
 747 LG           6916.732    0.009       145875at5125	0h:6m:31s (0h:25m:3s left)
 748 HIVw+F       4034.461    0.014       178764at5125	0h:6m:31s (0h:25m:3s left)
 749 JTTDCMut     7949.800    0.009       147050at5125	0h:6m:31s (0h:25m:1s left)
 750 HIVw+F       3860.708    0.019       148928at5125	0h:6m:31s (0h:24m:59s left)
 751 JTT          2012.957    0.035       107842at5125	0h:6m:32s (0h:24m:59s left)
 752 VT           4691.735    0.014       220877at5125	0h:6m:32s (0h:24m:56s left)
 753 JTT          4387.731    0.017       218384at5125	0h:6m:32s (0h:24m:55s left)
 754 JTT+F        6354.680    0.010       202944at5125	0h:6m:32s (0h:24m:52s left)
 755 VT           4265.211    0.015       216541at5125	0h:6m:33s (0h:24m:51s left)
 756 LG+I         3374.884    0.025       197337at5125	0h:6m:33s (0h:24m:49s left)
 757 HIVb+F       11198.358   0.006       149950at5125	0h:6m:33s (0h:24m:48s left)
 758 mtVer+F      13193.828   0.005       193711at5125	0h:6m:33s (0h:24m:46s left)
 759 JTT          3757.241    0.017       214020at5125	0h:6m:33s (0h:24m:44s left)
 760 mtVer+F      8683.185    0.008       175228at5125	0h:6m:34s (0h:24m:43s left)
 761 JTT+F        9940.021    0.006       221689at5125	0h:6m:34s (0h:24m:40s left)
 762 HIVw+F       6801.782    0.009       175820at5125	0h:6m:34s (0h:24m:39s left)
 763 JTT          2545.360    0.026       177630at5125	0h:6m:34s (0h:24m:37s left)
 764 HIVw+F       3883.921    0.020       180173at5125	0h:6m:34s (0h:24m:35s left)
 765 HIVw+F       4033.177    0.015       223190at5125	0h:6m:34s (0h:24m:33s left)
 766 JTT          3493.390    0.020       44251at5125	0h:6m:35s (0h:24m:32s left)
 767 JTT          2962.540    0.024       202556at5125	0h:6m:35s (0h:24m:31s left)
 768 mtVer+F      8195.009    0.008       203184at5125	0h:6m:35s (0h:24m:28s left)
 769 VT           7710.330    0.008       148450at5125	0h:6m:35s (0h:24m:26s left)
 770 JTT          4813.466    0.015       176249at5125	0h:6m:36s (0h:24m:27s left)
 771 VT           11371.829   0.006       85573at5125	0h:6m:36s (0h:24m:24s left)
 772 JTT          4951.302    0.014       111256at5125	0h:6m:36s (0h:24m:22s left)
 773 mtMet+F      5094.259    0.014       223470at5125	0h:6m:36s (0h:24m:20s left)
 774 JTT          2137.031    0.033       172680at5125	0h:6m:36s (0h:24m:19s left)
 775 HIVb+F+I     4860.528    0.017       91733at5125	0h:6m:37s (0h:24m:17s left)
 776 LG           10468.649   0.006       149477at5125	0h:6m:37s (0h:24m:16s left)
 777 LG           6515.600    0.011       218638at5125	0h:6m:37s (0h:24m:14s left)
 778 LG           5316.390    0.012       197782at5125	0h:6m:37s (0h:24m:13s left)
 779 mtMet+F      4582.542    0.015       152195at5125	0h:6m:38s (0h:24m:11s left)
 780 LG           8629.846    0.008       214720at5125	0h:6m:38s (0h:24m:9s left)
 781 mtVer+F      6656.452    0.009       129299at5125	0h:6m:38s (0h:24m:8s left)
 782 LG+I         4716.902    0.018       35744at5125	0h:6m:39s (0h:24m:8s left)
 783 JTT          7331.531    0.009       173436at5125	0h:6m:39s (0h:24m:6s left)
 784 JTTDCMut     3413.706    0.020       221670at5125	0h:6m:39s (0h:24m:6s left)
 785 JTT          3839.655    0.019       177122at5125	0h:6m:39s (0h:24m:3s left)
 786 JTT          2458.188    0.030       223920at5125	0h:6m:39s (0h:24m:1s left)
 787 LG           4003.184    0.017       219981at5125	0h:6m:40s (0h:24m:0s left)
 788 VT           11963.509   0.006       147615at5125	0h:6m:40s (0h:23m:59s left)
 789 JTT          4509.954    0.013       79767at5125	0h:6m:40s (0h:23m:58s left)
 790 JTT          3550.849    0.017       146977at5125	0h:6m:40s (0h:23m:56s left)
 791 JTT          3488.064    0.017       224144at5125	0h:6m:40s (0h:23m:54s left)
 792 LG           4150.448    0.015       174722at5125	0h:6m:41s (0h:23m:52s left)
 793 HIVb+I       1989.000    0.044       223909at5125	0h:6m:41s (0h:23m:51s left)
 794 HIVw+F       3894.386    0.017       151354at5125	0h:6m:41s (0h:23m:49s left)
 795 VT           2550.887    0.024       219721at5125	0h:6m:42s (0h:23m:48s left)
 796 WAG          3175.999    0.020       81416at5125	0h:6m:42s (0h:23m:46s left)
 797 WAG          3505.362    0.019       151703at5125	0h:6m:42s (0h:23m:44s left)
 798 JTT          6315.940    0.009       159093at5125	0h:6m:42s (0h:23m:43s left)
 799 VT           2297.221    0.034       222284at5125	0h:6m:43s (0h:23m:42s left)
 800 mtVer+F      4494.646    0.013       178227at5125	0h:6m:43s (0h:23m:41s left)
 801 cpREV        3742.232    0.017       213372at5125	0h:6m:43s (0h:23m:39s left)
 802 JTT          1878.528    0.037       144326at5125	0h:6m:43s (0h:23m:38s left)
 803 HIVw+F       4710.002    0.014       175475at5125	0h:6m:44s (0h:23m:38s left)
 804 JTT          4466.379    0.016       144298at5125	0h:6m:44s (0h:23m:36s left)
 805 JTT          3635.635    0.019       104173at5125	0h:6m:44s (0h:23m:34s left)
 806 LG           3220.223    0.019       147139at5125	0h:6m:45s (0h:23m:35s left)
 807 WAG          3654.924    0.017       215257at5125	0h:6m:45s (0h:23m:33s left)
 808 LG           4410.847    0.013       146305at5125	0h:6m:45s (0h:23m:31s left)
 809 JTT          4249.468    0.016       216482at5125	0h:6m:45s (0h:23m:29s left)
 810 WAG          4028.797    0.017       120211at5125	0h:6m:45s (0h:23m:27s left)
 811 LG           6783.482    0.009       219651at5125	0h:6m:46s (0h:23m:27s left)
 812 HIVb         4845.151    0.014       16289at5125	0h:6m:46s (0h:23m:25s left)
 813 JTT          3392.383    0.020       148496at5125	0h:6m:46s (0h:23m:24s left)
 814 VT           5093.304    0.013       117043at5125	0h:6m:47s (0h:23m:24s left)
 815 HIVb+F       7206.543    0.010       177981at5125	0h:6m:47s (0h:23m:22s left)
 816 LG           2787.941    0.026       203712at5125	0h:6m:48s (0h:23m:22s left)
 817 LG           8931.509    0.007       83280at5125	0h:6m:48s (0h:23m:21s left)
 818 JTT          1144.553    0.068       151470at5125	0h:6m:48s (0h:23m:20s left)
 819 JTT          4417.970    0.014       216679at5125	0h:6m:49s (0h:23m:19s left)
 820 HIVb+F       2799.447    0.019       221879at5125	0h:6m:49s (0h:23m:17s left)
 821 JTT          2868.002    0.021       151867at5125	0h:6m:49s (0h:23m:16s left)
 822 JTT          4748.446    0.013       146990at5125	0h:6m:50s (0h:23m:16s left)
 823 HIVb+I       2921.233    0.029       215780at5125	0h:6m:50s (0h:23m:14s left)
 824 JTT+I        2761.039    0.049       202566at5125	0h:6m:50s (0h:23m:12s left)
 825 LG           1862.775    0.040       221648at5125	0h:6m:50s (0h:23m:11s left)
 826 cpREV        2615.207    0.027       224050at5125	0h:6m:50s (0h:23m:10s left)
 827 cpREV        3591.801    0.017       146614at5125	0h:6m:51s (0h:23m:8s left)
 828 VT           5798.923    0.010       118348at5125	0h:6m:51s (0h:23m:7s left)
 829 VT           5977.967    0.010       171553at5125	0h:6m:51s (0h:23m:5s left)
 830 JTT          3247.067    0.018       90405at5125	0h:6m:51s (0h:23m:4s left)
 831 mtVer+F      2235.050    0.031       179419at5125	0h:6m:52s (0h:23m:3s left)
 832 JTT          3985.035    0.015       176038at5125	0h:6m:52s (0h:23m:0s left)
 833 Dayhoff      3296.519    0.018       127405at5125	0h:6m:52s (0h:23m:1s left)
 834 JTT          3046.320    0.020       62809at5125	0h:6m:53s (0h:22m:59s left)
 835 LG           7139.076    0.008       217996at5125	0h:6m:53s (0h:22m:57s left)
 836 JTT          3634.825    0.019       149080at5125	0h:6m:53s (0h:22m:58s left)
 837 JTT          3895.631    0.016       198909at5125	0h:6m:54s (0h:22m:56s left)
 838 JTT          3110.080    0.022       217998at5125	0h:6m:54s (0h:22m:54s left)
 839 VT           1880.313    0.034       183976at5125	0h:6m:54s (0h:22m:53s left)
 840 JTT+I        4803.286    0.020       166969at5125	0h:6m:54s (0h:22m:52s left)
 841 JTT          4454.039    0.013       25373at5125	0h:6m:54s (0h:22m:51s left)
 842 JTT          8089.870    0.007       145732at5125	0h:6m:55s (0h:22m:49s left)
 843 LG           10478.318   0.005       63492at5125	0h:6m:55s (0h:22m:48s left)
 844 JTT+I        2596.035    0.072       84420at5125	0h:6m:55s (0h:22m:48s left)
 845 JTT          3516.757    0.019       217747at5125	0h:6m:56s (0h:22m:46s left)
 846 JTT          2855.241    0.022       91104at5125	0h:6m:56s (0h:22m:44s left)
 847 JTT          2233.393    0.028       222814at5125	0h:6m:56s (0h:22m:42s left)
 848 JTT          4347.000    0.017       214844at5125	0h:6m:56s (0h:22m:40s left)
 849 JTT          3161.913    0.022       168073at5125	0h:6m:56s (0h:22m:39s left)
 850 JTT          4644.939    0.013       145447at5125	0h:6m:56s (0h:22m:38s left)
 851 JTT          4084.761    0.015       91167at5125	0h:6m:57s (0h:22m:37s left)
 852 cpREV        5762.798    0.011       31314at5125	0h:6m:57s (0h:22m:35s left)
 853 JTT          3964.959    0.015       170909at5125	0h:6m:57s (0h:22m:33s left)
 854 LG           5925.661    0.010       46946at5125	0h:6m:57s (0h:22m:32s left)
 855 JTT          4902.186    0.012       161150at5125	0h:6m:58s (0h:22m:31s left)
 856 WAG          2333.075    0.027       33226at5125	0h:6m:58s (0h:22m:30s left)
 857 JTT+I        2471.736    0.033       212830at5125	0h:6m:58s (0h:22m:29s left)
 858 VT           2411.834    0.030       223246at5125	0h:6m:58s (0h:22m:27s left)
 859 LG           7299.573    0.009       220496at5125	0h:6m:58s (0h:22m:26s left)
 860 WAG          6764.705    0.010       145316at5125	0h:6m:58s (0h:22m:24s left)
 861 JTT          3121.080    0.020       147983at5125	0h:6m:59s (0h:22m:23s left)
 862 VT           3305.476    0.018       223466at5125	0h:6m:59s (0h:22m:22s left)
 863 VT           17948.146   0.004       158038at5125	0h:6m:59s (0h:22m:21s left)
 864 LG           4206.501    0.012       172332at5125	0h:6m:59s (0h:22m:19s left)
 865 JTTDCMut     2862.517    0.022       212114at5125	0h:7m:0s (0h:22m:17s left)
 866 JTT          2408.680    0.026       69204at5125	0h:7m:0s (0h:22m:17s left)
 867 JTT          3119.945    0.019       109291at5125	0h:7m:0s (0h:22m:15s left)
 868 JTT          4102.564    0.015       121374at5125	0h:7m:1s (0h:22m:14s left)
 869 VT           2411.531    0.029       69233at5125	0h:7m:1s (0h:22m:13s left)
 870 WAG          8148.724    0.009       67406at5125	0h:7m:1s (0h:22m:12s left)
 871 VT           9619.914    0.006       70516at5125	0h:7m:1s (0h:22m:10s left)
 872 JTT          2633.198    0.026       217363at5125	0h:7m:2s (0h:22m:10s left)
 873 PMB          1060.211    0.082       187793at5125	0h:7m:3s (0h:22m:11s left)
 874 JTT          3460.513    0.019       148888at5125	0h:7m:3s (0h:22m:9s left)
 875 LG           3078.476    0.022       123677at5125	0h:7m:3s (0h:22m:8s left)
 876 JTT+I        2760.427    0.027       109749at5125	0h:7m:4s (0h:22m:8s left)
 877 JTT+I        3619.878    0.020       170435at5125	0h:7m:4s (0h:22m:6s left)
 878 JTT          1330.277    0.056       217582at5125	0h:7m:4s (0h:22m:5s left)
 879 WAG          2667.194    0.028       199372at5125	0h:7m:4s (0h:22m:3s left)
 880 JTTDCMut+I   2739.598    0.030       204387at5125	0h:7m:4s (0h:22m:2s left)
 881 FLU          2269.655    0.029       227300at5125	0h:7m:4s (0h:22m:1s left)
 882 VT           5518.147    0.011       157705at5125	0h:7m:5s (0h:21m:59s left)
 883 JTT          4426.504    0.015       171475at5125	0h:7m:5s (0h:21m:58s left)
 884 JTT          3319.241    0.016       86087at5125	0h:7m:5s (0h:21m:57s left)
 885 HIVb+F       3048.107    0.018       176871at5125	0h:7m:6s (0h:21m:56s left)
 886 JTT          2027.463    0.028       146650at5125	0h:7m:6s (0h:21m:54s left)
 887 LG           3173.454    0.019       100543at5125	0h:7m:6s (0h:21m:53s left)
 888 WAG          3650.622    0.015       212885at5125	0h:7m:6s (0h:21m:52s left)
 889 WAG          2761.019    0.025       216966at5125	0h:7m:6s (0h:21m:50s left)
 890 JTT          5376.223    0.010       104538at5125	0h:7m:7s (0h:21m:50s left)
 891 HIVw+F       6166.834    0.009       107077at5125	0h:7m:7s (0h:21m:48s left)
 892 HIVw+F       3242.298    0.019       107837at5125	0h:7m:7s (0h:21m:46s left)
 893 LG           2555.260    0.022       176071at5125	0h:7m:7s (0h:21m:45s left)
 894 JTT          5441.359    0.010       177444at5125	0h:7m:7s (0h:21m:43s left)
 895 cpREV        2099.489    0.028       213215at5125	0h:7m:7s (0h:21m:42s left)
 896 JTT          5149.423    0.010       214448at5125	0h:7m:8s (0h:21m:41s left)
 897 JTT          3145.941    0.019       211978at5125	0h:7m:8s (0h:21m:41s left)
 898 JTT          4252.996    0.012       209086at5125	0h:7m:8s (0h:21m:40s left)
 899 VT           7139.921    0.008       162375at5125	0h:7m:9s (0h:21m:38s left)
 900 cpREV        3345.501    0.020       92482at5125	0h:7m:9s (0h:21m:38s left)
 901 JTTDCMut     8857.785    0.006       212797at5125	0h:7m:9s (0h:21m:37s left)
 902 FLU+F+I      4176.401    0.016       177426at5125	0h:7m:9s (0h:21m:35s left)
 903 JTT          1300.468    0.053       176322at5125	0h:7m:10s (0h:21m:34s left)
 904 cpREV        4509.156    0.013       98801at5125	0h:7m:10s (0h:21m:33s left)
 905 rtREV        3815.929    0.018       204165at5125	0h:7m:10s (0h:21m:32s left)
 906 JTT          3327.203    0.018       162236at5125	0h:7m:10s (0h:21m:30s left)
 907 mtVer+F      5997.752    0.009       105180at5125	0h:7m:11s (0h:21m:31s left)
 908 JTT          5853.790    0.009       156597at5125	0h:7m:11s (0h:21m:30s left)
 909 FLU+F        4362.138    0.015       176471at5125	0h:7m:11s (0h:21m:28s left)
 910 VT           1385.845    0.046       158169at5125	0h:7m:11s (0h:21m:26s left)
 911 JTT          3391.241    0.017       105580at5125	0h:7m:12s (0h:21m:25s left)
 912 JTTDCMut     2008.271    0.028       175362at5125	0h:7m:12s (0h:21m:25s left)
 913 JTT          3098.577    0.018       159074at5125	0h:7m:12s (0h:21m:23s left)
 914 LG           25260.201   0.002       211916at5125	0h:7m:13s (0h:21m:21s left)
 915 JTT          5935.368    0.009       212749at5125	0h:7m:13s (0h:21m:20s left)
 916 JTTDCMut     3048.424    0.018       86559at5125	0h:7m:13s (0h:21m:19s left)
 917 JTT          5986.944    0.010       214698at5125	0h:7m:13s (0h:21m:18s left)
 918 mtVer+F      3300.706    0.016       180445at5125	0h:7m:14s (0h:21m:18s left)
 919 JTTDCMut     3192.534    0.018       106494at5125	0h:7m:14s (0h:21m:16s left)
 920 FLU          1628.569    0.041       218964at5125	0h:7m:14s (0h:21m:16s left)
 921 JTT          3124.267    0.022       206952at5125	0h:7m:15s (0h:21m:15s left)
 922 JTT          7218.062    0.007       172585at5125	0h:7m:15s (0h:21m:13s left)
 923 JTT+I        2048.387    0.057       176491at5125	0h:7m:15s (0h:21m:12s left)
 924 JTT          2671.411    0.013       218856at5125	0h:7m:15s (0h:21m:11s left)
 925 VT+I         7238.480    0.009       218915at5125	0h:7m:15s (0h:21m:9s left)
 926 LG+I         4223.993    0.019       188618at5125	0h:7m:16s (0h:21m:8s left)
 927 LG           6387.392    0.009       32284at5125	0h:7m:16s (0h:21m:7s left)
 928 JTTDCMut     3005.357    0.018       218850at5125	0h:7m:16s (0h:21m:5s left)
 929 JTTDCMut     5968.424    0.010       35308at5125	0h:7m:16s (0h:21m:5s left)
 930 JTT          7954.602    0.008       149103at5125	0h:7m:17s (0h:21m:4s left)
 931 WAG          2677.671    0.021       43025at5125	0h:7m:17s (0h:21m:3s left)
 932 JTT          2365.372    0.026       197053at5125	0h:7m:17s (0h:21m:3s left)
 933 mtZOA        2556.816    0.023       222812at5125	0h:7m:18s (0h:21m:1s left)
 934 LG+I         5233.535    0.015       218490at5125	0h:7m:18s (0h:20m:59s left)
 935 JTT          4079.497    0.014       180908at5125	0h:7m:18s (0h:20m:58s left)
 936 JTT          2837.339    0.019       192713at5125	0h:7m:18s (0h:20m:57s left)
 937 JTT          2617.826    0.023       172851at5125	0h:7m:18s (0h:20m:55s left)
 938 LG           5382.178    0.011       169418at5125	0h:7m:19s (0h:20m:55s left)
 939 VT           2431.298    0.022       150028at5125	0h:7m:19s (0h:20m:54s left)
 940 WAG          2000.619    0.030       197780at5125	0h:7m:19s (0h:20m:53s left)
 941 LG           2110.451    0.027       223499at5125	0h:7m:19s (0h:20m:52s left)
 942 JTT          3438.972    0.016       194785at5125	0h:7m:20s (0h:20m:51s left)
 943 WAG          1908.554    0.035       134497at5125	0h:7m:20s (0h:20m:50s left)
 944 HIVb         2002.863    0.035       145877at5125	0h:7m:20s (0h:20m:48s left)
 945 HIVb+F       3663.505    0.015       223769at5125	0h:7m:20s (0h:20m:47s left)
 946 JTT          3873.778    0.014       144311at5125	0h:7m:20s (0h:20m:46s left)
 947 cpREV        3892.444    0.015       194568at5125	0h:7m:21s (0h:20m:45s left)
 948 JTT          3495.305    0.016       16795at5125	0h:7m:21s (0h:20m:43s left)
 949 VT           1085.110    0.070       148238at5125	0h:7m:21s (0h:20m:42s left)
 950 VT           2119.418    0.026       167056at5125	0h:7m:21s (0h:20m:41s left)
 951 JTTDCMut     2647.917    0.023       194952at5125	0h:7m:21s (0h:20m:39s left)
 952 LG           3891.776    0.014       148804at5125	0h:7m:22s (0h:20m:39s left)
 953 JTT          2601.056    0.021       222574at5125	0h:7m:22s (0h:20m:38s left)
 954 JTT          8377.504    0.006       193733at5125	0h:7m:22s (0h:20m:36s left)
 955 HIVb         2052.030    0.027       143886at5125	0h:7m:22s (0h:20m:35s left)
 956 JTT          4947.019    0.011       186048at5125	0h:7m:22s (0h:20m:34s left)
 957 JTT          2026.536    0.027       148915at5125	0h:7m:23s (0h:20m:33s left)
 958 FLU          3031.615    0.019       223102at5125	0h:7m:23s (0h:20m:32s left)
 959 JTT          2151.290    0.029       224092at5125	0h:7m:23s (0h:20m:30s left)
 960 LG           5931.661    0.010       147572at5125	0h:7m:23s (0h:20m:29s left)
 961 VT           3945.984    0.013       219087at5125	0h:7m:24s (0h:20m:29s left)
 962 cpREV        5253.880    0.011       78896at5125	0h:7m:24s (0h:20m:28s left)
 963 JTT          5166.520    0.012       196217at5125	0h:7m:24s (0h:20m:27s left)
 964 FLU          2735.234    0.024       184561at5125	0h:7m:25s (0h:20m:26s left)
 965 JTT          1589.944    0.041       217264at5125	0h:7m:25s (0h:20m:24s left)
 966 JTT          3395.848    0.018       172493at5125	0h:7m:25s (0h:20m:25s left)
 967 mtMet+F      3335.251    0.020       221396at5125	0h:7m:26s (0h:20m:23s left)
 968 VT           5631.957    0.010       190124at5125	0h:7m:26s (0h:20m:22s left)
 969 FLU          1174.711    0.059       178276at5125	0h:7m:26s (0h:20m:21s left)
 970 Dayhoff      4716.228    0.012       178441at5125	0h:7m:26s (0h:20m:20s left)
 971 HIVb+F       4396.098    0.012       151611at5125	0h:7m:27s (0h:20m:19s left)
 972 FLU          2854.328    0.019       151541at5125	0h:7m:27s (0h:20m:17s left)
 973 JTT          2550.663    0.023       178344at5125	0h:7m:27s (0h:20m:16s left)
 974 JTT          3074.518    0.020       78683at5125	0h:7m:27s (0h:20m:15s left)
 975 JTT          2447.248    0.023       216385at5125	0h:7m:27s (0h:20m:14s left)
 976 cpREV        3594.876    0.017       222052at5125	0h:7m:28s (0h:20m:14s left)
 977 Dayhoff      2334.536    0.022       216326at5125	0h:7m:28s (0h:20m:12s left)
 978 WAG          3031.777    0.018       221831at5125	0h:7m:28s (0h:20m:11s left)
 979 JTT          4466.950    0.012       114290at5125	0h:7m:28s (0h:20m:11s left)
 980 JTT          3166.260    0.017       175161at5125	0h:7m:29s (0h:20m:10s left)
 981 JTT          2164.629    0.025       221866at5125	0h:7m:29s (0h:20m:9s left)
 982 LG           4870.836    0.011       162624at5125	0h:7m:29s (0h:20m:7s left)
 983 VT           2403.543    0.024       152057at5125	0h:7m:30s (0h:20m:7s left)
 984 LG           11590.580   0.005       162678at5125	0h:7m:30s (0h:20m:6s left)
 985 DCMut        2485.651    0.021       177564at5125	0h:7m:30s (0h:20m:5s left)
 986 JTT          3981.623    0.014       173898at5125	0h:7m:30s (0h:20m:4s left)
 987 LG           8550.819    0.006       50124at5125	0h:7m:31s (0h:20m:3s left)
 988 HIVw+F       9086.503    0.006       150279at5125	0h:7m:31s (0h:20m:2s left)
 989 JTT          2978.586    0.018       222430at5125	0h:7m:31s (0h:20m:1s left)
 990 HIVb+I       992.164     0.088       53485at5125	0h:7m:31s (0h:20m:0s left)
 991 JTT          3143.698    0.019       147196at5125	0h:7m:32s (0h:19m:59s left)
 992 JTT          2970.623    0.018       199079at5125	0h:7m:32s (0h:19m:59s left)
 993 HIVb+F+I     4196.932    0.016       221222at5125	0h:7m:32s (0h:19m:57s left)
 994 JTT          6215.274    0.008       150457at5125	0h:7m:32s (0h:19m:56s left)
 995 LG           4579.062    0.013       217730at5125	0h:7m:33s (0h:19m:55s left)
 996 JTT          5152.890    0.010       217693at5125	0h:7m:33s (0h:19m:55s left)
 997 mtVer+F      5097.121    0.011       173960at5125	0h:7m:33s (0h:19m:54s left)
 998 FLU+F        2345.036    0.030       126537at5125	0h:7m:33s (0h:19m:52s left)
 999 JTTDCMut     3623.793    0.016       67190at5125	0h:7m:34s (0h:19m:52s left)
1000 WAG          2126.870    0.027       164705at5125	0h:7m:34s (0h:19m:51s left)
1001 HIVw+F       3803.761    0.016       179026at5125	0h:7m:34s (0h:19m:50s left)
1002 LG           3256.953    0.019       124677at5125	0h:7m:35s (0h:19m:48s left)
1003 WAG          4941.820    0.012       217701at5125	0h:7m:35s (0h:19m:47s left)
1004 HIVb         3943.271    0.014       171080at5125	0h:7m:35s (0h:19m:46s left)
1005 LG           4121.287    0.011       169905at5125	0h:7m:35s (0h:19m:45s left)
1006 HIVb         2636.070    0.018       170956at5125	0h:7m:35s (0h:19m:44s left)
1007 JTT          7068.098    0.007       168213at5125	0h:7m:35s (0h:19m:43s left)
1008 JTT          2606.716    0.019       194414at5125	0h:7m:36s (0h:19m:42s left)
1009 JTT          8104.928    0.006       169985at5125	0h:7m:36s (0h:19m:41s left)
1010 LG+I         2680.360    0.042       117138at5125	0h:7m:36s (0h:19m:40s left)
1011 JTT          4174.599    0.012       192893at5125	0h:7m:36s (0h:19m:39s left)
1012 cpREV        1887.974    0.027       191303at5125	0h:7m:36s (0h:19m:37s left)
1013 JTTDCMut     3421.245    0.016       193073at5125	0h:7m:37s (0h:19m:37s left)
1014 VT           4047.429    0.012       188731at5125	0h:7m:37s (0h:19m:36s left)
1015 LG           1586.138    0.032       99767at5125	0h:7m:37s (0h:19m:34s left)
1016 JTT          10878.999   0.004       189299at5125	0h:7m:37s (0h:19m:33s left)
1017 LG           6848.788    0.007       193166at5125	0h:7m:37s (0h:19m:32s left)
1018 LG           3211.577    0.015       193587at5125	0h:7m:38s (0h:19m:31s left)
1019 VT           3664.247    0.015       188596at5125	0h:7m:38s (0h:19m:30s left)
1020 JTT          2904.710    0.017       164965at5125	0h:7m:38s (0h:19m:29s left)
1021 HIVb+F       3579.023    0.016       180249at5125	0h:7m:38s (0h:19m:27s left)
1022 JTT          3552.103    0.014       172978at5125	0h:7m:38s (0h:19m:26s left)
1023 JTTDCMut     2297.719    0.024       173042at5125	0h:7m:38s (0h:19m:24s left)
1024 HIVb+F       4300.915    0.012       179990at5125	0h:7m:39s (0h:19m:24s left)
1025 mtMAM+F      3562.888    0.014       179871at5125	0h:7m:39s (0h:19m:23s left)
1026 VT           10951.514   0.004       179189at5125	0h:7m:39s (0h:19m:22s left)
1027 JTT          5333.389    0.009       198862at5125	0h:7m:39s (0h:19m:20s left)
1028 VT           5431.608    0.009       197982at5125	0h:7m:39s (0h:19m:19s left)
1029 mtMAM+F      8432.771    0.006       172728at5125	0h:7m:40s (0h:19m:19s left)
1030 JTT          3357.507    0.015       163863at5125	0h:7m:40s (0h:19m:17s left)
1031 HIVb+F       4327.671    0.012       178166at5125	0h:7m:40s (0h:19m:16s left)
1032 HIVw+F       4349.506    0.011       177916at5125	0h:7m:40s (0h:19m:15s left)
1033 JTT          4431.762    0.013       165187at5125	0h:7m:40s (0h:19m:14s left)
1034 JTT          5772.060    0.008       163274at5125	0h:7m:41s (0h:19m:13s left)
1035 JTT          2161.777    0.022       202921at5125	0h:7m:41s (0h:19m:12s left)
1036 HIVw+F       8963.462    0.005       203516at5125	0h:7m:41s (0h:19m:11s left)
1037 WAG          2423.191    0.020       175175at5125	0h:7m:41s (0h:19m:9s left)
1038 JTT          4421.022    0.012       177353at5125	0h:7m:41s (0h:19m:9s left)
1039 LG           4431.118    0.011       159977at5125	0h:7m:42s (0h:19m:8s left)
1040 JTT          4214.680    0.011       211429at5125	0h:7m:42s (0h:19m:7s left)
1041 WAG          3543.178    0.015       196158at5125	0h:7m:42s (0h:19m:6s left)
1042 VT           1286.910    0.041       186540at5125	0h:7m:42s (0h:19m:5s left)
1043 JTT          3304.091    0.016       186387at5125	0h:7m:43s (0h:19m:4s left)
1044 JTT          3165.525    0.016       186393at5125	0h:7m:43s (0h:19m:3s left)
1045 VT           2983.321    0.018       171555at5125	0h:7m:43s (0h:19m:2s left)
1046 JTT          3184.349    0.016       211479at5125	0h:7m:43s (0h:19m:1s left)
1047 JTT          3118.790    0.015       185107at5125	0h:7m:43s (0h:19m:0s left)
1048 LG           2063.513    0.006       196715at5125	0h:7m:44s (0h:18m:59s left)
1049 JTT          3930.569    0.014       160254at5125	0h:7m:44s (0h:18m:58s left)
1050 VT           6933.397    0.007       176029at5125	0h:7m:44s (0h:18m:57s left)
1051 JTT          2049.711    0.024       177189at5125	0h:7m:44s (0h:18m:56s left)
1052 JTT          2206.317    0.022       207067at5125	0h:7m:45s (0h:18m:55s left)
1053 HIVw+F       4220.514    0.010       206043at5125	0h:7m:45s (0h:18m:54s left)
1054 HIVb+F       5464.706    0.010       196906at5125	0h:7m:45s (0h:18m:53s left)
1055 PMB+I        988.774     0.174       211096at5125	0h:7m:45s (0h:18m:52s left)
1056 LG           7080.855    0.006       165977at5125	0h:7m:45s (0h:18m:51s left)
1057 JTT          2627.505    0.022       111633at5125	0h:7m:45s (0h:18m:49s left)
1058 JTT          2114.435    0.024       83818at5125	0h:7m:46s (0h:18m:48s left)
1059 JTTDCMut     6018.856    0.008       106128at5125	0h:7m:46s (0h:18m:47s left)
1060 mtVer+F      3883.740    0.012       152373at5125	0h:7m:46s (0h:18m:46s left)
1061 JTTDCMut     3324.935    0.015       143435at5125	0h:7m:46s (0h:18m:45s left)
1062 JTT          3034.071    0.016       219209at5125	0h:7m:46s (0h:18m:44s left)
1063 JTT          2940.108    0.016       215508at5125	0h:7m:46s (0h:18m:43s left)
1064 mtVer+F      10299.711   0.005       149043at5125	0h:7m:47s (0h:18m:42s left)
1065 VT           9490.025    0.005       71475at5125	0h:7m:47s (0h:18m:41s left)
1066 JTT          3446.009    0.016       152211at5125	0h:7m:47s (0h:18m:40s left)
1067 HIVb         2545.752    0.019       215633at5125	0h:7m:47s (0h:18m:39s left)
1068 WAG          5006.691    0.009       72609at5125	0h:7m:48s (0h:18m:38s left)
1069 FLU          2649.467    0.020       215733at5125	0h:7m:48s (0h:18m:38s left)
1070 JTT          4317.720    0.012       215109at5125	0h:7m:48s (0h:18m:37s left)
1071 LG           8413.242    0.006       215782at5125	0h:7m:48s (0h:18m:35s left)
1072 FLU+I        1967.068    0.040       120257at5125	0h:7m:48s (0h:18m:34s left)
1073 JTT          1464.646    0.043       223184at5125	0h:7m:48s (0h:18m:33s left)
1074 WAG          3486.886    0.013       219367at5125	0h:7m:49s (0h:18m:33s left)
1075 JTTDCMut     2845.919    0.017       219573at5125	0h:7m:49s (0h:18m:31s left)
1076 JTT          2337.408    0.022       214952at5125	0h:7m:49s (0h:18m:30s left)
1077 JTT          4189.621    0.011       219655at5125	0h:7m:49s (0h:18m:29s left)
1078 VT           5662.074    0.008       83615at5125	0h:7m:49s (0h:18m:28s left)
1079 WAG          4791.402    0.011       215991at5125	0h:7m:50s (0h:18m:27s left)
1080 VT           1958.700    0.025       145576at5125	0h:7m:50s (0h:18m:27s left)
1081 Dayhoff      3102.907    0.016       219692at5125	0h:7m:50s (0h:18m:25s left)
1082 JTT          4057.460    0.012       219696at5125	0h:7m:50s (0h:18m:24s left)
1083 JTT          5167.059    0.009       214583at5125	0h:7m:51s (0h:18m:23s left)
1084 JTT          3972.224    0.012       214507at5125	0h:7m:51s (0h:18m:23s left)
1085 VT           1487.285    0.040       222933at5125	0h:7m:51s (0h:18m:22s left)
1086 WAG          2843.793    0.019       41182at5125	0h:7m:52s (0h:18m:21s left)
1087 JTT          3453.923    0.013       220045at5125	0h:7m:52s (0h:18m:20s left)
1088 HIVb+I       1711.345    0.039       214850at5125	0h:7m:52s (0h:18m:18s left)
1089 VT           6464.528    0.008       218102at5125	0h:7m:52s (0h:18m:18s left)
1090 JTTDCMut     2145.934    0.024       150373at5125	0h:7m:52s (0h:18m:17s left)
1091 LG           5373.000    0.010       148294at5125	0h:7m:52s (0h:18m:16s left)
1092 WAG          2177.192    0.022       150672at5125	0h:7m:53s (0h:18m:15s left)
1093 VT           2810.879    0.017       223908at5125	0h:7m:53s (0h:18m:13s left)
1094 cpREV        1796.161    0.032       223824at5125	0h:7m:53s (0h:18m:12s left)
1095 JTT          2752.198    0.019       217432at5125	0h:7m:53s (0h:18m:12s left)
1096 JTT          2131.434    0.027       224042at5125	0h:7m:53s (0h:18m:11s left)
1097 JTT          3338.236    0.014       218090at5125	0h:7m:54s (0h:18m:10s left)
1098 JTT          3661.889    0.013       150957at5125	0h:7m:54s (0h:18m:9s left)
1099 VT           2262.204    0.022       217999at5125	0h:7m:54s (0h:18m:8s left)
1100 JTT          2508.383    0.020       217259at5125	0h:7m:54s (0h:18m:7s left)
1101 JTT          3923.294    0.015       217982at5125	0h:7m:55s (0h:18m:6s left)
1102 VT           5219.674    0.009       108912at5125	0h:7m:55s (0h:18m:5s left)
1103 LG           1892.966    0.026       217186at5125	0h:7m:55s (0h:18m:4s left)
1104 mtVer+F      4173.610    0.011       151095at5125	0h:7m:55s (0h:18m:3s left)
1105 HIVw+F       6729.996    0.007       144059at5125	0h:7m:55s (0h:18m:2s left)
1106 JTT          5323.063    0.009       146956at5125	0h:7m:55s (0h:18m:1s left)
1107 JTT          3000.245    0.016       224488at5125	0h:7m:55s (0h:18m:0s left)
1108 VT           3196.502    0.015       107412at5125	0h:7m:56s (0h:17m:59s left)
1109 VT           4705.976    0.010       217088at5125	0h:7m:56s (0h:17m:58s left)
1110 JTTDCMut     5563.162    0.009       118702at5125	0h:7m:56s (0h:17m:57s left)
1111 VT           6753.070    0.007       151232at5125	0h:7m:56s (0h:17m:56s left)
1112 mtREV+F      4389.698    0.014       151131at5125	0h:7m:57s (0h:17m:56s left)
1113 LG           2903.567    0.017       218486at5125	0h:7m:57s (0h:17m:55s left)
1114 HIVw+F       2785.265    0.020       151120at5125	0h:7m:57s (0h:17m:53s left)
1115 JTT          2821.793    0.017       224557at5125	0h:7m:57s (0h:17m:52s left)
1116 WAG          3494.760    0.013       218523at5125	0h:7m:57s (0h:17m:51s left)
1117 mtVer+F      3843.672    0.013       149362at5125	0h:7m:57s (0h:17m:50s left)
1118 mtVer+F      3927.523    0.012       151725at5125	0h:7m:58s (0h:17m:50s left)
1119 VT           1939.969    0.027       144984at5125	0h:7m:58s (0h:17m:49s left)
1120 VT           2081.854    0.023       102187at5125	0h:7m:58s (0h:17m:48s left)
1121 JTT          2605.762    0.018       47141at5125	0h:7m:59s (0h:17m:48s left)
1122 JTT          5060.416    0.011       216230at5125	0h:7m:59s (0h:17m:47s left)
1123 Dayhoff      4542.991    0.010       146584at5125	0h:7m:59s (0h:17m:46s left)
1124 JTT+I        3900.270    0.016       106359at5125	0h:7m:59s (0h:17m:45s left)
1125 JTT          3005.567    0.016       48777at5125	0h:7m:59s (0h:17m:43s left)
1126 FLU+F        4605.870    0.010       127853at5125	0h:8m:0s (0h:17m:43s left)
1127 LG           1030.687    0.060       222227at5125	0h:8m:0s (0h:17m:42s left)
1128 JTT          2410.124    0.020       147307at5125	0h:8m:0s (0h:17m:41s left)
1129 JTT          3040.476    0.016       213183at5125	0h:8m:0s (0h:17m:40s left)
1130 JTT          3609.021    0.013       146373at5125	0h:8m:0s (0h:17m:39s left)
1131 JTT          2353.594    0.024       220452at5125	0h:8m:1s (0h:17m:38s left)
1132 VT           6932.363    0.007       79364at5125	0h:8m:1s (0h:17m:37s left)
1133 HIVw+F       2219.928    0.025       132861at5125	0h:8m:1s (0h:17m:36s left)
1134 LG           4854.521    0.010       147407at5125	0h:8m:1s (0h:17m:36s left)
1135 JTTDCMut     6517.065    0.008       213225at5125	0h:8m:1s (0h:17m:35s left)
1136 LG           8803.349    0.005       96805at5125	0h:8m:2s (0h:17m:34s left)
1137 WAG          2927.291    0.017       213555at5125	0h:8m:2s (0h:17m:33s left)
1138 WAG          6381.811    0.008       96733at5125	0h:8m:2s (0h:17m:32s left)
1139 JTT          2262.664    0.027       221075at5125	0h:8m:3s (0h:17m:32s left)
1140 HIVb+F       3931.364    0.012       221060at5125	0h:8m:3s (0h:17m:31s left)
1141 JTT          2538.287    0.020       77888at5125	0h:8m:3s (0h:17m:30s left)
1142 JTT          3351.550    0.018       213616at5125	0h:8m:3s (0h:17m:29s left)
1143 JTTDCMut     2546.302    0.019       98559at5125	0h:8m:3s (0h:17m:28s left)
1144 JTT          4053.216    0.012       222290at5125	0h:8m:4s (0h:17m:27s left)
1145 LG           3109.034    0.016       221466at5125	0h:8m:4s (0h:17m:26s left)
1146 LG           2514.074    0.022       220890at5125	0h:8m:4s (0h:17m:25s left)
1147 Dayhoff+F    2385.325    0.020       134824at5125	0h:8m:4s (0h:17m:24s left)
1148 JTT          3713.061    0.013       220211at5125	0h:8m:4s (0h:17m:23s left)
1149 JTT          3845.580    0.012       116813at5125	0h:8m:5s (0h:17m:23s left)
1150 HIVw+F       5625.391    0.009       145767at5125	0h:8m:5s (0h:17m:22s left)
1151 JTT          3690.133    0.015       68189at5125	0h:8m:5s (0h:17m:21s left)
1152 VT           6138.730    0.009       212510at5125	0h:8m:6s (0h:17m:21s left)
1153 rtREV+I      1565.874    0.048       147464at5125	0h:8m:6s (0h:17m:20s left)
1154 LG           5228.002    0.011       62918at5125	0h:8m:6s (0h:17m:19s left)
1155 JTT          4691.187    0.011       213834at5125	0h:8m:6s (0h:17m:18s left)
1156 LG           2306.591    0.029       117713at5125	0h:8m:7s (0h:17m:18s left)
1157 HIVw+F       3332.537    0.014       129422at5125	0h:8m:7s (0h:17m:17s left)
1158 JTT          5800.405    0.007       149901at5125	0h:8m:7s (0h:17m:16s left)
1159 JTT          5158.411    0.008       218694at5125	0h:8m:7s (0h:17m:15s left)
1160 VT           4179.667    0.013       82295at5125	0h:8m:7s (0h:17m:14s left)
1161 JTT          4097.937    0.010       165703at5125	0h:8m:8s (0h:17m:14s left)
1162 LG           3577.610    0.012       100890at5125	0h:8m:8s (0h:17m:13s left)
1163 cpREV        3161.066    0.013       197313at5125	0h:8m:8s (0h:17m:12s left)
1164 PMB          1860.677    0.023       74793at5125	0h:8m:8s (0h:17m:11s left)
1165 HIVw+F       6868.050    0.006       197491at5125	0h:8m:9s (0h:17m:10s left)
1166 JTT          3616.415    0.013       223268at5125	0h:8m:9s (0h:17m:10s left)
1167 cpREV        3158.580    0.013       150210at5125	0h:8m:9s (0h:17m:9s left)
1168 JTT          3170.032    0.015       223556at5125	0h:8m:9s (0h:17m:8s left)
1169 VT           3718.080    0.011       223681at5125	0h:8m:9s (0h:17m:6s left)
1170 LG           3059.385    0.014       198823at5125	0h:8m:10s (0h:17m:7s left)
1171 LG+I         10215.757   0.005       199009at5125	0h:8m:10s (0h:17m:6s left)
1172 WAG          2746.828    0.015       117522at5125	0h:8m:10s (0h:17m:5s left)
1173 HIVw+F       4609.462    0.010       166182at5125	0h:8m:10s (0h:17m:3s left)
1174 JTT          5227.873    0.008       147056at5125	0h:8m:10s (0h:17m:2s left)
1175 JTT          6101.566    0.007       78330at5125	0h:8m:11s (0h:17m:2s left)
1176 LG           5885.796    0.007       221395at5125	0h:8m:11s (0h:17m:1s left)
1177 JTT          3406.871    0.012       191625at5125	0h:8m:11s (0h:17m:0s left)
1178 JTT          3007.005    0.015       150227at5125	0h:8m:11s (0h:16m:59s left)
1179 JTT          2227.001    0.022       109748at5125	0h:8m:11s (0h:16m:58s left)
1180 JTT          3123.918    0.014       221352at5125	0h:8m:12s (0h:16m:58s left)
1181 WAG+I        3641.648    0.017       147165at5125	0h:8m:12s (0h:16m:57s left)
1182 JTT          5527.266    0.009       218440at5125	0h:8m:12s (0h:16m:56s left)
1183 LG           4784.447    0.009       150037at5125	0h:8m:12s (0h:16m:55s left)
1184 HIVb         2116.708    0.021       187547at5125	0h:8m:12s (0h:16m:54s left)
1185 HIVw+F+I     5472.779    0.012       175516at5125	0h:8m:13s (0h:16m:53s left)
1186 JTT          4361.273    0.009       174815at5125	0h:8m:13s (0h:16m:52s left)
1187 JTT          2420.351    0.018       87718at5125	0h:8m:13s (0h:16m:51s left)
1188 JTT          5695.536    0.007       148932at5125	0h:8m:13s (0h:16m:50s left)
1189 WAG          3522.129    0.011       223015at5125	0h:8m:13s (0h:16m:49s left)
1190 LG           3155.724    0.013       220397at5125	0h:8m:13s (0h:16m:48s left)
1191 LG           3469.222    0.012       220363at5125	0h:8m:14s (0h:16m:48s left)
1192 mtVer+F      4757.530    0.009       219567at5125	0h:8m:14s (0h:16m:47s left)
1193 LG           1516.863    0.029       219532at5125	0h:8m:14s (0h:16m:46s left)
1194 HIVw+F       4688.153    0.009       168018at5125	0h:8m:14s (0h:16m:45s left)
1195 VT           4520.434    0.009       188560at5125	0h:8m:15s (0h:16m:45s left)
1196 JTT          3288.425    0.009       148128at5125	0h:8m:15s (0h:16m:43s left)
1197 JTT          5398.011    0.008       145577at5125	0h:8m:15s (0h:16m:43s left)
1198 JTT          3745.772    0.011       219245at5125	0h:8m:15s (0h:16m:42s left)
1199 LG+I         4134.435    0.014       220241at5125	0h:8m:15s (0h:16m:41s left)
1200 HIVw+F       5582.067    0.008       177762at5125	0h:8m:16s (0h:16m:40s left)
1201 VT           5462.105    0.008       167407at5125	0h:8m:16s (0h:16m:39s left)
1202 LG           1865.031    0.023       145619at5125	0h:8m:16s (0h:16m:38s left)
1203 JTT          1983.338    0.022       118228at5125	0h:8m:16s (0h:16m:37s left)
1204 VT           7443.284    0.006       77314at5125	0h:8m:16s (0h:16m:36s left)
1205 JTT          3209.837    0.014       219833at5125	0h:8m:16s (0h:16m:35s left)
1206 JTT          2450.381    0.017       219977at5125	0h:8m:16s (0h:16m:34s left)
1207 JTT          7988.375    0.005       188935at5125	0h:8m:17s (0h:16m:34s left)
1208 LG           6308.838    0.007       113478at5125	0h:8m:17s (0h:16m:32s left)
1209 LG           3939.828    0.011       220164at5125	0h:8m:17s (0h:16m:31s left)
1210 LG           4147.523    0.010       148251at5125	0h:8m:17s (0h:16m:30s left)
1211 JTT          3662.537    0.011       86761at5125	0h:8m:17s (0h:16m:30s left)
1212 LG           2822.148    0.014       197145at5125	0h:8m:18s (0h:16m:29s left)
1213 VT           6304.380    0.006       168804at5125	0h:8m:18s (0h:16m:28s left)
1214 JTTDCMut     1904.453    0.023       147534at5125	0h:8m:18s (0h:16m:28s left)
1215 VT           10713.898   0.004       74950at5125	0h:8m:19s (0h:16m:27s left)
1216 cpREV        4795.758    0.008       166384at5125	0h:8m:19s (0h:16m:26s left)
1217 JTT          3969.448    0.012       170249at5125	0h:8m:19s (0h:16m:25s left)
1218 JTT          3378.553    0.014       197120at5125	0h:8m:19s (0h:16m:24s left)
1219 mtVer+F      6217.428    0.008       166288at5125	0h:8m:19s (0h:16m:24s left)
1220 JTT          2194.755    0.019       223225at5125	0h:8m:19s (0h:16m:23s left)
1221 JTT          3080.127    0.016       116774at5125	0h:8m:20s (0h:16m:22s left)
1222 HIVw+F       2334.510    0.021       171105at5125	0h:8m:20s (0h:16m:21s left)
1223 mtVer+F+I    8000.000    0.007       177455at5125	0h:8m:20s (0h:16m:21s left)
1224 JTT          1372.146    0.036       145393at5125	0h:8m:20s (0h:16m:20s left)
1225 VT           3270.578    0.013       147785at5125	0h:8m:20s (0h:16m:19s left)
1226 JTT          4231.803    0.010       145874at5125	0h:8m:20s (0h:16m:18s left)
1227 LG           1599.309    0.028       147969at5125	0h:8m:21s (0h:16m:17s left)
1228 WAG+I        3312.300    0.017       220715at5125	0h:8m:21s (0h:16m:16s left)
1229 JTT          2901.180    0.015       220511at5125	0h:8m:21s (0h:16m:16s left)
1230 JTT          7244.630    0.006       168222at5125	0h:8m:21s (0h:16m:15s left)
1231 JTTDCMut     3234.608    0.013       219235at5125	0h:8m:22s (0h:16m:14s left)
1232 LG           4410.390    0.009       161480at5125	0h:8m:22s (0h:16m:13s left)
1233 HIVb+F       3281.809    0.015       180078at5125	0h:8m:22s (0h:16m:13s left)
1234 LG+F         2377.230    0.020       133785at5125	0h:8m:22s (0h:16m:12s left)
1235 LG           4585.052    0.010       219203at5125	0h:8m:22s (0h:16m:11s left)
1236 WAG          2431.074    0.018       47007at5125	0h:8m:23s (0h:16m:10s left)
1237 JTT          5147.997    0.009       196727at5125	0h:8m:23s (0h:16m:9s left)
1238 cpREV        3945.111    0.011       136016at5125	0h:8m:23s (0h:16m:8s left)
1239 JTT          2983.003    0.012       136066at5125	0h:8m:23s (0h:16m:7s left)
1240 LG           4458.419    0.009       95759at5125	0h:8m:23s (0h:16m:6s left)
1241 VT           6846.205    0.006       161125at5125	0h:8m:23s (0h:16m:6s left)
1242 JTT          1358.023    0.036       176948at5125	0h:8m:24s (0h:16m:5s left)
1243 JTT          3401.250    0.012       95427at5125	0h:8m:24s (0h:16m:4s left)
1244 JTT          3612.031    0.012       105225at5125	0h:8m:24s (0h:16m:3s left)
1245 JTT          3043.485    0.013       44525at5125	0h:8m:24s (0h:16m:2s left)
1246 JTT          3263.756    0.013       161503at5125	0h:8m:25s (0h:16m:2s left)
1247 JTT          4002.741    0.011       214839at5125	0h:8m:25s (0h:16m:1s left)
1248 WAG          1839.584    0.024       161527at5125	0h:8m:25s (0h:16m:0s left)
1249 mtVer+F+I    2831.892    0.024       94917at5125	0h:8m:25s (0h:16m:0s left)
1250 WAG          2509.229    0.022       39398at5125	0h:8m:26s (0h:15m:59s left)
1251 HIVb         1450.314    0.030       1531at5125	0h:8m:26s (0h:15m:58s left)
1252 WAG          4946.971    0.008       122130at5125	0h:8m:26s (0h:15m:57s left)
1253 mtZOA        1616.834    0.030       142796at5125	0h:8m:26s (0h:15m:56s left)
1254 WAG          1318.532    0.039       156263at5125	0h:8m:26s (0h:15m:56s left)
1255 HIVw+F       2547.895    0.017       121723at5125	0h:8m:26s (0h:15m:55s left)
1256 JTT          2427.247    0.015       204130at5125	0h:8m:27s (0h:15m:54s left)
1257 JTT          2829.517    0.015       70552at5125	0h:8m:27s (0h:15m:53s left)
1258 VT           3738.411    0.011       215254at5125	0h:8m:27s (0h:15m:52s left)
1259 LG           11486.686   0.004       184484at5125	0h:8m:27s (0h:15m:52s left)
1260 JTTDCMut     2496.977    0.017       157348at5125	0h:8m:28s (0h:15m:51s left)
1261 LG           4914.647    0.008       66960at5125	0h:8m:28s (0h:15m:50s left)
1262 WAG          2709.934    0.016       212402at5125	0h:8m:28s (0h:15m:49s left)
1263 HIVb+I       2360.964    0.026       143201at5125	0h:8m:28s (0h:15m:48s left)
1264 FLU          4431.531    0.010       124218at5125	0h:8m:28s (0h:15m:48s left)
1265 JTT          3137.461    0.015       28081at5125	0h:8m:28s (0h:15m:47s left)
1266 JTT          5348.300    0.008       212591at5125	0h:8m:29s (0h:15m:46s left)
1267 FLU          2850.735    0.016       179304at5125	0h:8m:29s (0h:15m:45s left)
1268 VT           6804.645    0.006       159240at5125	0h:8m:29s (0h:15m:44s left)
1269 JTT          6975.999    0.006       159414at5125	0h:8m:29s (0h:15m:44s left)
1270 VT+I         5512.978    0.010       159220at5125	0h:8m:29s (0h:15m:43s left)
1271 VT           2226.112    0.019       176723at5125	0h:8m:29s (0h:15m:42s left)
1272 LG           1382.143    0.031       128686at5125	0h:8m:29s (0h:15m:41s left)
1273 JTT          5682.611    0.007       173562at5125	0h:8m:30s (0h:15m:40s left)
1274 JTT          4544.231    0.009       211957at5125	0h:8m:30s (0h:15m:39s left)
1275 LG           5318.432    0.008       101626at5125	0h:8m:30s (0h:15m:39s left)
1276 JTT          2288.700    0.022       144516at5125	0h:8m:30s (0h:15m:38s left)
1277 WAG          3129.275    0.014       212920at5125	0h:8m:30s (0h:15m:37s left)
1278 WAG          2803.830    0.015       58060at5125	0h:8m:30s (0h:15m:36s left)
1279 JTT          2352.535    0.018       211484at5125	0h:8m:31s (0h:15m:35s left)
1280 JTT          2909.537    0.014       213145at5125	0h:8m:31s (0h:15m:34s left)
1281 JTT          3698.217    0.011       55702at5125	0h:8m:31s (0h:15m:33s left)
1282 VT           6056.172    0.008       54472at5125	0h:8m:31s (0h:15m:32s left)
1283 WAG          5042.077    0.008       67291at5125	0h:8m:31s (0h:15m:32s left)
1284 LG           2212.386    0.020       132508at5125	0h:8m:31s (0h:15m:31s left)
1285 HIVw+F       4895.723    0.009       176259at5125	0h:8m:32s (0h:15m:31s left)
1286 HIVb+F       6221.415    0.007       202111at5125	0h:8m:32s (0h:15m:30s left)
1287 JTT          2455.841    0.020       103916at5125	0h:8m:33s (0h:15m:30s left)
1288 JTT          2434.908    0.017       199419at5125	0h:8m:33s (0h:15m:29s left)
1289 LG           4685.663    0.009       106221at5125	0h:8m:33s (0h:15m:28s left)
1290 cpREV+I      2858.479    0.022       160649at5125	0h:8m:33s (0h:15m:27s left)
1291 JTT          7051.735    0.006       216053at5125	0h:8m:33s (0h:15m:27s left)
1292 JTT          6327.195    0.006       164835at5125	0h:8m:34s (0h:15m:26s left)
1293 HIVb+F       7688.325    0.005       175921at5125	0h:8m:34s (0h:15m:26s left)
1294 FLU+F        3405.002    0.012       174305at5125	0h:8m:34s (0h:15m:25s left)
1295 LG           5973.822    0.007       172069at5125	0h:8m:35s (0h:15m:25s left)
1296 JTT          2054.408    0.025       143758at5125	0h:8m:35s (0h:15m:24s left)
1297 LG           1855.280    0.020       177241at5125	0h:8m:35s (0h:15m:23s left)
1298 JTT+I        2200.069    0.027       151672at5125	0h:8m:35s (0h:15m:23s left)
1299 JTT          1733.732    0.028       150938at5125	0h:8m:36s (0h:15m:22s left)
1300 LG           1838.518    0.024       201116at5125	0h:8m:36s (0h:15m:21s left)
1301 JTT          5750.165    0.004       151105at5125	0h:8m:36s (0h:15m:21s left)
1302 JTT+I        2377.357    0.019       215288at5125	0h:8m:37s (0h:15m:20s left)
1303 JTT          2620.588    0.017       217140at5125	0h:8m:37s (0h:15m:20s left)
1304 VT           11046.401   0.004       74061at5125	0h:8m:38s (0h:15m:20s left)
1305 FLU          3798.508    0.012       163684at5125	0h:8m:38s (0h:15m:19s left)
1306 HIVb         3487.692    0.012       185075at5125	0h:8m:39s (0h:15m:20s left)
1307 WAG          3429.545    0.014       163818at5125	0h:8m:39s (0h:15m:18s left)
1308 VT           3643.736    0.011       150670at5125	0h:8m:39s (0h:15m:18s left)
1309 JTT          2350.415    0.018       215861at5125	0h:8m:40s (0h:15m:18s left)
1310 Dayhoff+I    930.635     0.086       107223at5125	0h:8m:40s (0h:15m:17s left)
1311 JTT          4915.868    0.008       215272at5125	0h:8m:40s (0h:15m:16s left)
1312 HIVb         2177.504    0.022       151896at5125	0h:8m:40s (0h:15m:15s left)
1313 JTT          2074.584    0.021       143612at5125	0h:8m:41s (0h:15m:15s left)
1314 LG           3410.236    0.013       175948at5125	0h:8m:41s (0h:15m:15s left)
1315 LG           5172.142    0.010       187205at5125	0h:8m:41s (0h:15m:13s left)
1316 HIVb+F       2393.009    0.020       152006at5125	0h:8m:41s (0h:15m:12s left)
1317 JTT+I        3712.865    0.024       49263at5125	0h:8m:41s (0h:15m:12s left)
1318 JTT          2205.242    0.020       144467at5125	0h:8m:42s (0h:15m:11s left)
1319 JTT          3048.282    0.016       144552at5125	0h:8m:42s (0h:15m:11s left)
1320 HIVb+F       4955.767    0.007       221680at5125	0h:8m:42s (0h:15m:10s left)
1321 LG           1754.742    0.021       223673at5125	0h:8m:42s (0h:15m:9s left)
1322 Blosum62     3246.886    0.011       58942at5125	0h:8m:42s (0h:15m:8s left)
1323 WAG          2456.011    0.015       117967at5125	0h:8m:42s (0h:15m:7s left)
1324 JTT          9190.778    0.004       144225at5125	0h:8m:43s (0h:15m:7s left)
1325 HIVb+F       3339.685    0.011       224494at5125	0h:8m:43s (0h:15m:6s left)
1326 Dayhoff+I    1128.488    0.062       186300at5125	0h:8m:43s (0h:15m:5s left)
1327 LG           5446.490    0.006       77682at5125	0h:8m:43s (0h:15m:5s left)
1328 HIVb         2992.998    0.012       144753at5125	0h:8m:43s (0h:15m:4s left)
1329 JTT          7131.819    0.005       170226at5125	0h:8m:44s (0h:15m:3s left)
1330 JTT          7215.300    0.005       148862at5125	0h:8m:44s (0h:15m:2s left)
1331 JTT          3783.388    0.009       173863at5125	0h:8m:44s (0h:15m:2s left)
1332 LG           4285.174    0.008       173819at5125	0h:8m:44s (0h:15m:1s left)
1333 HIVb+F       1914.829    0.019       224473at5125	0h:8m:44s (0h:15m:0s left)
1334 HIVb+F       3861.794    0.009       173625at5125	0h:8m:44s (0h:14m:59s left)
1335 JTT          6586.589    0.005       118684at5125	0h:8m:45s (0h:14m:59s left)
1336 JTT          1426.327    0.031       171700at5125	0h:8m:45s (0h:14m:58s left)
1337 LG           4018.553    0.009       123602at5125	0h:8m:46s (0h:14m:58s left)
1338 LG           1683.701    0.026       222173at5125	0h:8m:46s (0h:14m:57s left)
1339 JTTDCMut     4866.396    0.004       187504at5125	0h:8m:46s (0h:14m:56s left)
1340 JTT+I        4663.447    0.011       146599at5125	0h:8m:46s (0h:14m:56s left)
1341 HIVb         1788.164    0.025       190298at5125	0h:8m:46s (0h:14m:55s left)
1342 JTT          2516.570    0.014       227791at5125	0h:8m:47s (0h:14m:55s left)
1343 HIVw+F       5186.293    0.007       178523at5125	0h:8m:47s (0h:14m:54s left)
1344 JTT          2323.972    0.015       223468at5125	0h:8m:47s (0h:14m:53s left)
1345 JTTDCMut+F   6456.921    0.005       140216at5125	0h:8m:47s (0h:14m:52s left)
1346 HIVb+I       1438.292    0.049       60029at5125	0h:8m:47s (0h:14m:51s left)
1347 JTT          2233.231    0.017       122644at5125	0h:8m:48s (0h:14m:51s left)
1348 JTT          4270.539    0.008       227331at5125	0h:8m:48s (0h:14m:50s left)
1349 JTTDCMut     4330.335    0.008       46939at5125	0h:8m:48s (0h:14m:49s left)
1350 WAG          2263.383    0.019       186030at5125	0h:8m:48s (0h:14m:48s left)
1351 JTT          1908.425    0.025       223386at5125	0h:8m:48s (0h:14m:48s left)
1352 WAG          2687.724    0.013       31179at5125	0h:8m:49s (0h:14m:48s left)
1353 VT           3493.871    0.010       188349at5125	0h:8m:49s (0h:14m:47s left)
1354 WAG          4591.411    0.009       145590at5125	0h:8m:49s (0h:14m:46s left)
1355 JTT          1345.997    0.034       187913at5125	0h:8m:49s (0h:14m:45s left)
1356 JTT          2636.717    0.014       185058at5125	0h:8m:50s (0h:14m:45s left)
1357 cpREV        6129.483    0.006       120738at5125	0h:8m:50s (0h:14m:44s left)
1358 LG           2867.224    0.015       174012at5125	0h:8m:50s (0h:14m:43s left)
1359 VT           2207.967    0.017       145444at5125	0h:8m:50s (0h:14m:42s left)
1360 JTTDCMut     2150.016    0.020       145787at5125	0h:8m:50s (0h:14m:42s left)
1361 LG           1624.504    0.023       179505at5125	0h:8m:51s (0h:14m:41s left)
1362 HIVw+F       4706.617    0.007       222528at5125	0h:8m:51s (0h:14m:41s left)
1363 VT           3093.307    0.012       53093at5125	0h:8m:51s (0h:14m:40s left)
1364 JTT          2123.238    0.017       179758at5125	0h:8m:51s (0h:14m:39s left)
1365 LG           5038.802    0.007       187581at5125	0h:8m:52s (0h:14m:39s left)
1366 mtMet+F      2440.834    0.017       224534at5125	0h:8m:52s (0h:14m:38s left)
1367 WAG          5584.097    0.006       222567at5125	0h:8m:52s (0h:14m:37s left)
1368 Blosum62+I   1130.653    0.079       23412at5125	0h:8m:52s (0h:14m:37s left)
1369 LG           2447.608    0.018       145901at5125	0h:8m:52s (0h:14m:36s left)
1370 LG           2492.405    0.020       118180at5125	0h:8m:53s (0h:14m:35s left)
1371 WAG          2575.691    0.014       173197at5125	0h:8m:53s (0h:14m:34s left)
1372 LG           6320.949    0.005       173307at5125	0h:8m:53s (0h:14m:34s left)
1373 HIVb+F       6183.511    0.006       171989at5125	0h:8m:53s (0h:14m:33s left)
1374 LG           4891.427    0.007       143850at5125	0h:8m:53s (0h:14m:32s left)
1375 JTT          2524.494    0.014       178597at5125	0h:8m:54s (0h:14m:31s left)
1376 LG           2654.495    0.013       170581at5125	0h:8m:54s (0h:14m:31s left)
1377 LG           4558.926    0.009       222665at5125	0h:8m:54s (0h:14m:30s left)
1378 LG           3218.286    0.011       187776at5125	0h:8m:54s (0h:14m:29s left)
1379 LG           4251.144    0.009       94224at5125	0h:8m:54s (0h:14m:28s left)
1380 HIVb         2664.062    0.014       162575at5125	0h:8m:54s (0h:14m:28s left)
1381 JTT          1818.473    0.020       152260at5125	0h:8m:55s (0h:14m:27s left)
1382 JTT+F        4375.077    0.009       152261at5125	0h:8m:55s (0h:14m:26s left)
1383 HIVw+F       8152.345    0.005       203914at5125	0h:8m:55s (0h:14m:26s left)
1384 HIVw+F       2296.657    0.016       152349at5125	0h:8m:55s (0h:14m:25s left)
1385 JTT          4930.429    0.007       94166at5125	0h:8m:55s (0h:14m:24s left)
1386 JTT          2319.761    0.016       152227at5125	0h:8m:56s (0h:14m:24s left)
1387 WAG          2257.557    0.018       215237at5125	0h:8m:56s (0h:14m:23s left)
1388 VT           3008.861    0.012       215013at5125	0h:8m:56s (0h:14m:22s left)
1389 JTT          4025.004    0.009       204298at5125	0h:8m:56s (0h:14m:21s left)
1390 HIVw+F       3158.760    0.015       152322at5125	0h:8m:56s (0h:14m:20s left)
1391 JTTDCMut     2220.805    0.022       204319at5125	0h:8m:56s (0h:14m:20s left)
1392 JTT          5220.089    0.007       214912at5125	0h:8m:57s (0h:14m:19s left)
1393 WAG          3562.341    0.010       214889at5125	0h:8m:57s (0h:14m:18s left)
1394 LG           4720.628    0.008       161429at5125	0h:8m:57s (0h:14m:17s left)
1395 VT           7636.067    0.005       214626at5125	0h:8m:57s (0h:14m:17s left)
1396 JTT          5391.648    0.007       214738at5125	0h:8m:57s (0h:14m:16s left)
1397 HIVw+F       4201.377    0.008       175802at5125	0h:8m:58s (0h:14m:16s left)
1398 JTT          2527.672    0.015       217021at5125	0h:8m:58s (0h:14m:15s left)
1399 JTTDCMut     1298.908    0.028       216779at5125	0h:8m:58s (0h:14m:14s left)
1400 LG           1992.618    0.018       221607at5125	0h:8m:58s (0h:14m:13s left)
1401 HIVw+F       5384.675    0.006       216716at5125	0h:8m:58s (0h:14m:12s left)
1402 JTTDCMut     3520.931    0.012       106566at5125	0h:8m:58s (0h:14m:12s left)
1403 JTT          4017.287    0.009       216539at5125	0h:8m:58s (0h:14m:11s left)
1404 JTT          3699.145    0.010       161216at5125	0h:8m:59s (0h:14m:11s left)
1405 JTT          5570.221    0.006       216518at5125	0h:8m:59s (0h:14m:10s left)
1406 WAG          2121.123    0.017       216343at5125	0h:8m:59s (0h:14m:9s left)
1407 JTT          3864.005    0.009       163259at5125	0h:8m:59s (0h:14m:8s left)
1408 JTT          5968.187    0.006       163041at5125	0h:8m:59s (0h:14m:8s left)
1409 JTT          6839.018    0.005       163016at5125	0h:9m:0s (0h:14m:7s left)
1410 WAG          3986.141    0.009       215702at5125	0h:9m:0s (0h:14m:6s left)
1411 WAG          3616.210    0.010       162765at5125	0h:9m:0s (0h:14m:5s left)
1412 JTT+I        2172.842    0.022       202097at5125	0h:9m:0s (0h:14m:4s left)
1413 VT           6978.784    0.005       106152at5125	0h:9m:0s (0h:14m:4s left)
1414 VT           5824.753    0.006       157586at5125	0h:9m:0s (0h:14m:3s left)
1415 JTT          3994.430    0.009       213534at5125	0h:9m:0s (0h:14m:2s left)
1416 LG           1653.623    0.023       213396at5125	0h:9m:1s (0h:14m:2s left)
1417 JTT          4397.268    0.008       176443at5125	0h:9m:1s (0h:14m:1s left)
1418 LG           2886.400    0.013       159849at5125	0h:9m:1s (0h:14m:0s left)
1419 JTTDCMut     2199.235    0.017       213080at5125	0h:9m:1s (0h:13m:59s left)
1420 JTT          2205.597    0.017       102495at5125	0h:9m:1s (0h:13m:59s left)
1421 cpREV        2555.029    0.015       211587at5125	0h:9m:2s (0h:13m:58s left)
1422 LG           3478.713    0.010       160150at5125	0h:9m:2s (0h:13m:58s left)
1423 WAG          3875.749    0.009       211980at5125	0h:9m:2s (0h:13m:57s left)
1424 JTT          6028.236    0.006       158146at5125	0h:9m:2s (0h:13m:56s left)
1425 JTT+I        1965.676    0.025       211468at5125	0h:9m:2s (0h:13m:56s left)
1426 LG           4961.008    0.007       212598at5125	0h:9m:3s (0h:13m:56s left)
1427 cpREV        4515.820    0.008       158635at5125	0h:9m:3s (0h:13m:55s left)
1428 LG           3031.661    0.012       158279at5125	0h:9m:3s (0h:13m:54s left)
1429 WAG          2340.874    0.015       212388at5125	0h:9m:3s (0h:13m:53s left)
1430 JTT          2935.282    0.012       212467at5125	0h:9m:3s (0h:13m:52s left)
1431 JTT          4001.703    0.009       160829at5125	0h:9m:4s (0h:13m:53s left)
1432 JTT          2170.790    0.017       214547at5125	0h:9m:4s (0h:13m:52s left)
1433 JTT          2946.462    0.012       214010at5125	0h:9m:4s (0h:13m:51s left)
1434 JTT          4217.873    0.008       214067at5125	0h:9m:4s (0h:13m:50s left)
1435 JTT          775.575     0.073       158153at5125	0h:9m:4s (0h:13m:49s left)
1436 LG           2999.448    0.012       213974at5125	0h:9m:4s (0h:13m:48s left)
1437 mtMAM+F      2666.745    0.013       206982at5125	0h:9m:5s (0h:13m:48s left)
1438 JTT          2882.457    0.013       213889at5125	0h:9m:5s (0h:13m:47s left)
1439 VT           5424.779    0.005       92364at5125	0h:9m:5s (0h:13m:47s left)
1440 LG           5040.974    0.007       213869at5125	0h:9m:5s (0h:13m:46s left)
1441 JTT          2203.890    0.019       207293at5125	0h:9m:5s (0h:13m:45s left)
1442 FLU          3190.868    0.011       96059at5125	0h:9m:6s (0h:13m:45s left)
1443 PMB          4944.616    0.007       96684at5125	0h:9m:6s (0h:13m:44s left)
1444 LG           3828.616    0.009       104084at5125	0h:9m:6s (0h:13m:43s left)
1445 LG           3110.172    0.014       156336at5125	0h:9m:7s (0h:13m:43s left)
1446 VT           7422.398    0.005       211400at5125	0h:9m:7s (0h:13m:43s left)
1447 VT           4102.256    0.009       219762at5125	0h:9m:7s (0h:13m:42s left)
1448 WAG          2406.259    0.015       148025at5125	0h:9m:7s (0h:13m:41s left)
1449 JTT+I        2158.870    0.025       213766at5125	0h:9m:7s (0h:13m:40s left)
1450 JTT          4323.487    0.008       220414at5125	0h:9m:8s (0h:13m:40s left)
1451 WAG+I        2035.944    0.021       213695at5125	0h:9m:8s (0h:13m:39s left)
1452 JTT          3487.508    0.010       175097at5125	0h:9m:8s (0h:13m:38s left)
1453 JTT          3022.193    0.012       167858at5125	0h:9m:8s (0h:13m:38s left)
1454 JTT          3893.980    0.009       167575at5125	0h:9m:9s (0h:13m:37s left)
1455 JTT          1847.821    0.023       113297at5125	0h:9m:9s (0h:13m:36s left)
1456 JTT          1978.058    0.018       219801at5125	0h:9m:9s (0h:13m:36s left)
1457 HIVb         3110.147    0.011       115723at5125	0h:9m:9s (0h:13m:35s left)
1458 FLU          2599.641    0.015       195164at5125	0h:9m:9s (0h:13m:35s left)
1459 JTT          3714.097    0.013       167949at5125	0h:9m:9s (0h:13m:34s left)
1460 JTT          2126.059    0.018       167188at5125	0h:9m:10s (0h:13m:33s left)
1461 JTT          2289.655    0.015       195426at5125	0h:9m:10s (0h:13m:32s left)
1462 LG           8021.080    0.004       167122at5125	0h:9m:10s (0h:13m:32s left)
1463 WAG          3084.142    0.012       201373at5125	0h:9m:10s (0h:13m:31s left)
1464 VT           2040.397    0.018       196731at5125	0h:9m:10s (0h:13m:30s left)
1465 JTT          2830.476    0.013       149114at5125	0h:9m:10s (0h:13m:30s left)
1466 JTT          2894.606    0.012       147480at5125	0h:9m:10s (0h:13m:29s left)
1467 LG           1864.458    0.020       191124at5125	0h:9m:11s (0h:13m:28s left)
1468 JTT          4443.183    0.008       169678at5125	0h:9m:11s (0h:13m:28s left)
1469 JTT          3312.522    0.012       191486at5125	0h:9m:11s (0h:13m:27s left)
1470 JTTDCMut     4544.580    0.008       147187at5125	0h:9m:11s (0h:13m:27s left)
1471 mtVer+F      3897.937    0.011       221389at5125	0h:9m:11s (0h:13m:26s left)
1472 JTT          3447.609    0.011       116909at5125	0h:9m:11s (0h:13m:25s left)
1473 JTT          2069.647    0.021       166537at5125	0h:9m:12s (0h:13m:24s left)
1474 VT           4067.645    0.009       221042at5125	0h:9m:12s (0h:13m:24s left)
1475 JTT          4993.638    0.007       166982at5125	0h:9m:12s (0h:13m:23s left)
1476 JTT          2982.614    0.012       221021at5125	0h:9m:12s (0h:13m:23s left)
1477 JTT          3502.625    0.012       177827at5125	0h:9m:12s (0h:13m:22s left)
1478 LG           1956.148    0.023       175003at5125	0h:9m:13s (0h:13m:22s left)
1479 LG           2516.771    0.019       177853at5125	0h:9m:13s (0h:13m:21s left)
1480 LG           3409.436    0.011       220723at5125	0h:9m:13s (0h:13m:20s left)
1481 JTT          4190.699    0.008       168447at5125	0h:9m:13s (0h:13m:19s left)
1482 JTT          6185.303    0.006       116160at5125	0h:9m:13s (0h:13m:18s left)
1483 JTTDCMut     3168.837    0.013       193406at5125	0h:9m:14s (0h:13m:18s left)
1484 JTT          3891.766    0.010       175786at5125	0h:9m:14s (0h:13m:18s left)
1485 VT           1386.548    0.032       149138at5125	0h:9m:14s (0h:13m:17s left)
1486 JTT          1899.631    0.019       108323at5125	0h:9m:14s (0h:13m:16s left)
1487 VT           2962.348    0.012       164437at5125	0h:9m:14s (0h:13m:15s left)
1488 LG           2446.108    0.015       150768at5125	0h:9m:15s (0h:13m:15s left)
1489 JTTDCMut     4244.099    0.009       150523at5125	0h:9m:15s (0h:13m:15s left)
1490 VT           3153.539    0.011       199674at5125	0h:9m:15s (0h:13m:14s left)
1491 PMB          3388.629    0.005       164959at5125	0h:9m:15s (0h:13m:13s left)
1492 JTT          4284.982    0.009       200518at5125	0h:9m:16s (0h:13m:13s left)
1493 JTT          4194.720    0.008       217978at5125	0h:9m:16s (0h:13m:12s left)
1494 JTTDCMut     2429.633    0.015       150236at5125	0h:9m:16s (0h:13m:11s left)
1495 JTT          4026.113    0.010       89990at5125	0h:9m:16s (0h:13m:11s left)
1496 JTT          1603.274    0.022       218582at5125	0h:9m:16s (0h:13m:10s left)
1497 JTT          2781.673    0.013       165969at5125	0h:9m:17s (0h:13m:10s left)
1498 JTT+I        1507.335    0.039       217757at5125	0h:9m:17s (0h:13m:9s left)
1499 LG           4284.345    0.004       177415at5125	0h:9m:17s (0h:13m:8s left)
1500 JTT          5870.348    0.006       149343at5125	0h:9m:17s (0h:13m:8s left)
1501 JTT          2653.922    0.016       218230at5125	0h:9m:18s (0h:13m:7s left)
1502 cpREV        4160.669    0.009       166371at5125	0h:9m:18s (0h:13m:6s left)
1503 VT           8724.312    0.005       85971at5125	0h:9m:18s (0h:13m:6s left)
1504 cpREV        4465.854    0.007       183377at5125	0h:9m:18s (0h:13m:5s left)
1505 LG           1910.874    0.023       166414at5125	0h:9m:18s (0h:13m:4s left)
1506 JTT          2697.080    0.011       212492at5125	0h:9m:18s (0h:13m:4s left)
1507 VT           2800.461    0.011       99494at5125	0h:9m:18s (0h:13m:3s left)
1508 JTT          2302.799    0.013       67210at5125	0h:9m:19s (0h:13m:2s left)
1509 JTT          2246.987    0.014       67232at5125	0h:9m:19s (0h:13m:2s left)
1510 WAG          5277.508    0.006       76505at5125	0h:9m:19s (0h:13m:1s left)
1511 JTT          4159.016    0.007       86949at5125	0h:9m:19s (0h:13m:1s left)
1512 LG           2158.908    0.013       99321at5125	0h:9m:20s (0h:13m:0s left)
1513 JTT          1878.189    0.016       178535at5125	0h:9m:20s (0h:13m:0s left)
1514 cpREV+I      2996.253    0.014       91532at5125	0h:9m:20s (0h:12m:59s left)
1515 JTT          3202.980    0.009       68921at5125	0h:9m:20s (0h:12m:58s left)
1516 JTT+I        2672.443    0.016       95110at5125	0h:9m:20s (0h:12m:58s left)
1517 LG           4980.538    0.007       88557at5125	0h:9m:20s (0h:12m:57s left)
1518 cpREV        1742.249    0.018       73549at5125	0h:9m:20s (0h:12m:56s left)
1519 JTT          4763.241    0.006       85984at5125	0h:9m:21s (0h:12m:56s left)
1520 LG           5851.328    0.005       88040at5125	0h:9m:21s (0h:12m:55s left)
1521 JTTDCMut     1604.702    0.020       74166at5125	0h:9m:21s (0h:12m:54s left)
1522 cpREV        2271.357    0.013       95890at5125	0h:9m:21s (0h:12m:54s left)
1523 JTT          3603.315    0.008       80487at5125	0h:9m:21s (0h:12m:53s left)
1524 JTT          2805.185    0.011       81735at5125	0h:9m:22s (0h:12m:52s left)
1525 WAG          1428.570    0.026       178327at5125	0h:9m:22s (0h:12m:52s left)
1526 JTT+F        3390.338    0.009       177290at5125	0h:9m:22s (0h:12m:51s left)
1527 HIVb+F       5357.816    0.006       177342at5125	0h:9m:22s (0h:12m:51s left)
1528 LG           10954.727   0.003       87578at5125	0h:9m:22s (0h:12m:50s left)
1529 VT           4486.969    0.007       74795at5125	0h:9m:22s (0h:12m:49s left)
1530 VT           3564.464    0.008       216194at5125	0h:9m:23s (0h:12m:49s left)
1531 JTT          4765.198    0.006       217928at5125	0h:9m:23s (0h:12m:48s left)
1532 JTT          3504.272    0.008       216210at5125	0h:9m:23s (0h:12m:48s left)
1533 LG           3639.761    0.008       216377at5125	0h:9m:23s (0h:12m:47s left)
1534 JTT          1380.010    0.027       82942at5125	0h:9m:23s (0h:12m:46s left)
1535 JTT          5977.760    0.005       202036at5125	0h:9m:24s (0h:12m:46s left)
1536 JTT          4075.397    0.007       216581at5125	0h:9m:24s (0h:12m:45s left)
1537 JTT          2391.095    0.012       201961at5125	0h:9m:24s (0h:12m:44s left)
1538 HIVb         1195.819    0.027       201452at5125	0h:9m:24s (0h:12m:44s left)
1539 JTT          4094.186    0.007       201505at5125	0h:9m:24s (0h:12m:43s left)
1540 JTT          3172.890    0.009       217172at5125	0h:9m:24s (0h:12m:42s left)
1541 JTTDCMut     1254.798    0.025       200910at5125	0h:9m:24s (0h:12m:42s left)
1542 VT           2077.652    0.015       217322at5125	0h:9m:25s (0h:12m:41s left)
1543 LG           3672.620    0.008       217454at5125	0h:9m:25s (0h:12m:41s left)
1544 JTT          3193.028    0.009       200645at5125	0h:9m:25s (0h:12m:40s left)
1545 LG           3983.107    0.009       199312at5125	0h:9m:25s (0h:12m:39s left)
1546 JTT          1886.694    0.022       202829at5125	0h:9m:25s (0h:12m:38s left)
1547 VT           2111.028    0.017       218145at5125	0h:9m:26s (0h:12m:38s left)
1548 VT           5463.320    0.005       218390at5125	0h:9m:26s (0h:12m:38s left)
1549 mtVer+F      3584.428    0.010       218326at5125	0h:9m:26s (0h:12m:37s left)
1550 LG           6600.289    0.004       197523at5125	0h:9m:26s (0h:12m:36s left)
1551 JTT          4876.583    0.006       218583at5125	0h:9m:27s (0h:12m:36s left)
1552 HIVb         3118.233    0.012       198921at5125	0h:9m:27s (0h:12m:35s left)
1553 WAG          6443.594    0.004       218627at5125	0h:9m:27s (0h:12m:34s left)
1554 LG           3411.361    0.011       218234at5125	0h:9m:27s (0h:12m:34s left)
1555 JTT          3849.174    0.008       218706at5125	0h:9m:27s (0h:12m:33s left)
1556 HIVb         1354.359    0.022       218731at5125	0h:9m:27s (0h:12m:33s left)
1557 mtMAM+F      3535.409    0.008       218777at5125	0h:9m:27s (0h:12m:32s left)
1558 JTT          3199.378    0.009       219123at5125	0h:9m:28s (0h:12m:31s left)
1559 JTT          1529.878    0.020       219181at5125	0h:9m:28s (0h:12m:31s left)
1560 JTT          5790.867    0.005       213747at5125	0h:9m:28s (0h:12m:30s left)
1561 JTT          7668.175    0.004       196194at5125	0h:9m:28s (0h:12m:29s left)
1562 JTT          1133.888    0.028       212332at5125	0h:9m:28s (0h:12m:29s left)
1563 LG           2667.211    0.011       212517at5125	0h:9m:28s (0h:12m:28s left)
1564 JTT          2612.704    0.014       212171at5125	0h:9m:29s (0h:12m:28s left)
1565 HIVb         2146.462    0.014       212056at5125	0h:9m:29s (0h:12m:27s left)
1566 JTT          4192.912    0.007       212829at5125	0h:9m:29s (0h:12m:26s left)
1567 LG           3477.177    0.009       212806at5125	0h:9m:29s (0h:12m:25s left)
1568 JTT          2985.086    0.010       211726at5125	0h:9m:29s (0h:12m:25s left)
1569 HIVb         3248.789    0.009       211548at5125	0h:9m:29s (0h:12m:24s left)
1570 LG           2176.608    0.014       212983at5125	0h:9m:29s (0h:12m:24s left)
1571 JTT          4376.566    0.007       213393at5125	0h:9m:30s (0h:12m:23s left)
1572 JTT          2849.467    0.011       211277at5125	0h:9m:30s (0h:12m:22s left)
1573 JTT          3460.945    0.009       213624at5125	0h:9m:30s (0h:12m:22s left)
1574 cpREV        3168.074    0.009       213719at5125	0h:9m:30s (0h:12m:21s left)
1575 WAG          2512.325    0.012       219582at5125	0h:9m:30s (0h:12m:21s left)
1576 cpREV        1285.249    0.030       213754at5125	0h:9m:30s (0h:12m:20s left)
1577 LG           7053.569    0.004       213755at5125	0h:9m:30s (0h:12m:19s left)
1578 LG           2122.301    0.015       209555at5125	0h:9m:31s (0h:12m:18s left)
1579 cpREV        1750.714    0.022       213931at5125	0h:9m:31s (0h:12m:18s left)
1580 JTT          4342.620    0.007       214533at5125	0h:9m:31s (0h:12m:18s left)
1581 WAG          3670.277    0.008       214541at5125	0h:9m:31s (0h:12m:17s left)
1582 Dayhoff      1224.718    0.029       205135at5125	0h:9m:32s (0h:12m:17s left)
1583 cpREV        3410.744    0.009       214705at5125	0h:9m:32s (0h:12m:16s left)
1584 JTT          3945.115    0.009       214228at5125	0h:9m:32s (0h:12m:16s left)
1585 VT           2585.377    0.011       215093at5125	0h:9m:32s (0h:12m:15s left)
1586 JTT          1759.548    0.025       205747at5125	0h:9m:32s (0h:12m:14s left)
1587 WAG          2640.367    0.011       29683at5125	0h:9m:33s (0h:12m:14s left)
1588 VT           2823.236    0.010       215697at5125	0h:9m:33s (0h:12m:14s left)
1589 LG           2593.686    0.015       215259at5125	0h:9m:34s (0h:12m:13s left)
1590 LG           1228.522    0.031       223398at5125	0h:9m:34s (0h:12m:13s left)
1591 VT           3566.934    0.010       203829at5125	0h:9m:34s (0h:12m:12s left)
1592 JTT          4688.465    0.006       187543at5125	0h:9m:34s (0h:12m:12s left)
1593 JTT          2579.026    0.014       215549at5125	0h:9m:34s (0h:12m:11s left)
1594 VT           1600.785    0.018       187488at5125	0h:9m:35s (0h:12m:11s left)
1595 JTT          2082.949    0.014       224507at5125	0h:9m:35s (0h:12m:10s left)
1596 cpREV        5000.123    0.006       226951at5125	0h:9m:35s (0h:12m:9s left)
1597 LG           1701.673    0.018       226417at5125	0h:9m:35s (0h:12m:9s left)
1598 VT           5805.059    0.005       185313at5125	0h:9m:36s (0h:12m:8s left)
1599 HIVb+F       6356.081    0.005       25334at5125	0h:9m:36s (0h:12m:8s left)
1600 JTT          2301.770    0.014       184752at5125	0h:9m:36s (0h:12m:7s left)
1601 WAG          4485.894    0.007       18472at5125	0h:9m:36s (0h:12m:7s left)
1602 cpREV+I      1329.191    0.049       223602at5125	0h:9m:36s (0h:12m:6s left)
1603 JTT          4531.923    0.007       183865at5125	0h:9m:36s (0h:12m:5s left)
1604 LG           2289.229    0.013       187892at5125	0h:9m:37s (0h:12m:5s left)
1605 LG           1433.868    0.031       224629at5125	0h:9m:37s (0h:12m:4s left)
1606 WAG          2085.867    0.014       33299at5125	0h:9m:37s (0h:12m:4s left)
1607 JTT          4683.157    0.006       35964at5125	0h:9m:37s (0h:12m:3s left)
1608 JTT          2520.397    0.012       44554at5125	0h:9m:38s (0h:12m:3s left)
1609 mtMAM+F      1870.771    0.019       180250at5125	0h:9m:38s (0h:12m:3s left)
1610 HIVb+F       2481.430    0.017       180064at5125	0h:9m:38s (0h:12m:2s left)
1611 WAG          2720.765    0.014       30405at5125	0h:9m:38s (0h:12m:1s left)
1612 VT+I         1706.088    0.029       28628at5125	0h:9m:39s (0h:12m:1s left)
1613 mtMet+F      3061.202    0.010       180025at5125	0h:9m:39s (0h:12m:0s left)
1614 JTT          5198.794    0.005       53733at5125	0h:9m:39s (0h:12m:0s left)
1615 JTT+I        3458.697    0.014       41003at5125	0h:9m:39s (0h:11m:59s left)
1616 FLU          1883.036    0.017       62445at5125	0h:9m:39s (0h:11m:58s left)
1617 JTT          5005.226    0.006       62516at5125	0h:9m:39s (0h:11m:58s left)
1618 LG           6545.176    0.005       62876at5125	0h:9m:39s (0h:11m:57s left)
1619 JTT+F+I      4113.693    0.012       219983at5125	0h:9m:40s (0h:11m:57s left)
1620 JTT          3008.218    0.009       64677at5125	0h:9m:40s (0h:11m:56s left)
1621 JTT          6019.234    0.005       192292at5125	0h:9m:40s (0h:11m:55s left)
1622 JTT          3999.931    0.007       219607at5125	0h:9m:40s (0h:11m:55s left)
1623 LG           1495.819    0.021       178923at5125	0h:9m:40s (0h:11m:54s left)
1624 mtVer+F      6804.405    0.004       219703at5125	0h:9m:40s (0h:11m:53s left)
1625 JTT          3222.509    0.009       220052at5125	0h:9m:41s (0h:11m:53s left)
1626 cpREV        3979.926    0.007       220456at5125	0h:9m:41s (0h:11m:53s left)
1627 JTT          2903.569    0.010       220529at5125	0h:9m:41s (0h:11m:52s left)
1628 Dayhoff      1999.274    0.014       220599at5125	0h:9m:41s (0h:11m:51s left)
1629 LG           5184.022    0.006       193628at5125	0h:9m:42s (0h:11m:51s left)
1630 JTT          1600.373    0.019       193439at5125	0h:9m:42s (0h:11m:51s left)
1631 PMB          2152.620    0.014       220842at5125	0h:9m:42s (0h:11m:50s left)
1632 JTT          3348.049    0.009       221018at5125	0h:9m:42s (0h:11m:50s left)
1633 LG           3607.557    0.010       220224at5125	0h:9m:42s (0h:11m:49s left)
1634 JTT          2949.720    0.014       194873at5125	0h:9m:43s (0h:11m:48s left)
1635 PMB          2943.768    0.010       192988at5125	0h:9m:43s (0h:11m:48s left)
1636 JTT          4029.921    0.007       66551at5125	0h:9m:43s (0h:11m:47s left)
1637 JTT          2382.522    0.013       221103at5125	0h:9m:43s (0h:11m:47s left)
1638 JTT          2186.084    0.013       221182at5125	0h:9m:43s (0h:11m:46s left)
1639 WAG          3492.693    0.009       221322at5125	0h:9m:43s (0h:11m:45s left)
1640 JTT+F        3896.356    0.008       221637at5125	0h:9m:44s (0h:11m:45s left)
1641 HIVw+F       9725.299    0.004       221758at5125	0h:9m:44s (0h:11m:44s left)
1642 WAG          2678.641    0.011       221810at5125	0h:9m:44s (0h:11m:44s left)
1643 cpREV        1797.454    0.017       222281at5125	0h:9m:44s (0h:11m:43s left)
1644 HIVb         2502.997    0.012       222174at5125	0h:9m:44s (0h:11m:42s left)
1645 LG           3410.775    0.009       222374at5125	0h:9m:44s (0h:11m:42s left)
1646 JTT          3093.679    0.010       222843at5125	0h:9m:45s (0h:11m:41s left)
1647 VT           3241.823    0.011       188849at5125	0h:9m:45s (0h:11m:41s left)
1648 JTT          2998.197    0.010       188305at5125	0h:9m:45s (0h:11m:40s left)
1649 WAG          2217.090    0.013       166802at5125	0h:9m:45s (0h:11m:40s left)
1650 JTT          2513.482    0.011       152000at5125	0h:9m:45s (0h:11m:39s left)
1651 VT           4202.973    0.008       222384at5125	0h:9m:46s (0h:11m:39s left)
1652 JTT          4127.796    0.007       149243at5125	0h:9m:46s (0h:11m:38s left)
1653 JTT          3077.513    0.010       143736at5125	0h:9m:46s (0h:11m:37s left)
1654 JTT          4653.598    0.006       160054at5125	0h:9m:46s (0h:11m:37s left)
1655 JTT          10488.929   0.003       159779at5125	0h:9m:46s (0h:11m:36s left)
1656 LG           3863.120    0.008       172616at5125	0h:9m:47s (0h:11m:36s left)
1657 JTT          2362.359    0.017       152012at5125	0h:9m:47s (0h:11m:35s left)
1658 JTT          1248.943    0.025       145513at5125	0h:9m:47s (0h:11m:35s left)
1659 JTT          5560.160    0.005       151056at5125	0h:9m:47s (0h:11m:34s left)
1660 cpREV        3143.256    0.010       173074at5125	0h:9m:47s (0h:11m:33s left)
1661 JTT          4800.174    0.006       149354at5125	0h:9m:47s (0h:11m:33s left)
1662 mtVer+F      2537.597    0.012       149403at5125	0h:9m:48s (0h:11m:32s left)
1663 HIVw+F       9294.733    0.003       172569at5125	0h:9m:48s (0h:11m:32s left)
1664 LG           3703.276    0.009       109489at5125	0h:9m:48s (0h:11m:31s left)
1665 cpREV+F      7967.457    0.004       151015at5125	0h:9m:48s (0h:11m:30s left)
1666 LG           2450.868    0.012       147974at5125	0h:9m:48s (0h:11m:30s left)
1667 VT           2818.094    0.013       149664at5125	0h:9m:48s (0h:11m:29s left)
1668 LG           4259.328    0.007       146958at5125	0h:9m:48s (0h:11m:29s left)
1669 JTTDCMut     2109.328    0.015       148328at5125	0h:9m:49s (0h:11m:28s left)
1670 JTT          5636.010    0.005       167501at5125	0h:9m:49s (0h:11m:28s left)
1671 LG           6435.634    0.005       147995at5125	0h:9m:49s (0h:11m:27s left)
1672 JTT          8584.142    0.003       165431at5125	0h:9m:49s (0h:11m:26s left)
1673 JTT          4065.634    0.007       148586at5125	0h:9m:50s (0h:11m:26s left)
1674 LG           3144.262    0.010       106422at5125	0h:9m:50s (0h:11m:26s left)
1675 HIVb         3751.527    0.008       156541at5125	0h:9m:50s (0h:11m:25s left)
1676 LG           1578.369    0.024       173731at5125	0h:9m:50s (0h:11m:24s left)
1677 JTT          1390.328    0.022       143455at5125	0h:9m:50s (0h:11m:24s left)
1678 LG           2478.455    0.012       173466at5125	0h:9m:51s (0h:11m:24s left)
1679 LG           2033.678    0.015       173373at5125	0h:9m:51s (0h:11m:23s left)
1680 LG           2379.100    0.012       128844at5125	0h:9m:51s (0h:11m:22s left)
1681 mtVer+F+I    4876.254    0.014       127620at5125	0h:9m:51s (0h:11m:22s left)
1682 JTT          1443.701    0.026       173843at5125	0h:9m:51s (0h:11m:21s left)
1683 JTT          2038.031    0.015       14550at5125	0h:9m:51s (0h:11m:21s left)
1684 Dayhoff      3970.751    0.007       107152at5125	0h:9m:52s (0h:11m:20s left)
1685 JTT          1292.403    0.023       148537at5125	0h:9m:52s (0h:11m:20s left)
1686 JTT          2870.470    0.010       146354at5125	0h:9m:52s (0h:11m:19s left)
1687 LG           2303.273    0.013       160311at5125	0h:9m:52s (0h:11m:19s left)
1688 HIVb+F       7350.949    0.004       165709at5125	0h:9m:52s (0h:11m:18s left)
1689 JTT          2385.818    0.012       17326at5125	0h:9m:53s (0h:11m:18s left)
1690 JTT          2121.957    0.014       107762at5125	0h:9m:53s (0h:11m:17s left)
1691 HIVb+F       4124.602    0.007       127455at5125	0h:9m:53s (0h:11m:17s left)
1692 JTT          3933.352    0.007       116362at5125	0h:9m:53s (0h:11m:16s left)
1693 JTT          3837.936    0.008       169530at5125	0h:9m:53s (0h:11m:15s left)
1694 JTT          3104.813    0.009       115232at5125	0h:9m:54s (0h:11m:15s left)
1695 JTT          5752.310    0.005       171343at5125	0h:9m:54s (0h:11m:14s left)
1696 JTT          1455.629    0.020       150051at5125	0h:9m:54s (0h:11m:14s left)
1697 JTT          2020.430    0.018       118929at5125	0h:9m:54s (0h:11m:13s left)
1698 JTT          2267.768    0.013       152327at5125	0h:9m:54s (0h:11m:13s left)
1699 cpREV        2152.346    0.014       115821at5125	0h:9m:54s (0h:11m:12s left)
1700 cpREV+I      1657.991    0.056       156459at5125	0h:9m:55s (0h:11m:12s left)
1701 VT           4040.971    0.009       116059at5125	0h:9m:55s (0h:11m:11s left)
1702 JTT          5047.455    0.006       118862at5125	0h:9m:55s (0h:11m:10s left)
1703 LG           4512.003    0.006       150363at5125	0h:9m:55s (0h:11m:10s left)
1704 JTT          5125.059    0.006       116889at5125	0h:9m:55s (0h:11m:9s left)
1705 JTT          2791.278    0.013       119210at5125	0h:9m:55s (0h:11m:9s left)
1706 VT           2522.146    0.014       144600at5125	0h:9m:56s (0h:11m:8s left)
1707 WAG          2886.205    0.010       170843at5125	0h:9m:56s (0h:11m:8s left)
1708 VT           7266.269    0.004       158575at5125	0h:9m:56s (0h:11m:7s left)
1709 JTT          1938.091    0.016       118253at5125	0h:9m:56s (0h:11m:7s left)
1710 VT           2310.575    0.013       152456at5125	0h:9m:56s (0h:11m:6s left)
1711 VT           2302.750    0.013       117651at5125	0h:9m:56s (0h:11m:6s left)
1712 JTT          1615.126    0.019       117461at5125	0h:9m:57s (0h:11m:5s left)
1713 WAG          3382.182    0.009       172166at5125	0h:9m:57s (0h:11m:4s left)
1714 JTT          3825.635    0.009       170121at5125	0h:9m:57s (0h:11m:4s left)
1715 WAG          4977.318    0.006       149736at5125	0h:9m:57s (0h:11m:3s left)
1716 JTT          1937.562    0.016       172443at5125	0h:9m:57s (0h:11m:3s left)
1717 JTT          3366.528    0.009       122741at5125	0h:9m:57s (0h:11m:2s left)
1718 JTTDCMut     3622.906    0.008       143977at5125	0h:9m:58s (0h:11m:2s left)
1719 LG           1559.862    0.025       111250at5125	0h:9m:58s (0h:11m:1s left)
1720 LG           2584.518    0.012       122625at5125	0h:9m:58s (0h:11m:1s left)
1721 JTT          1627.818    0.019       145386at5125	0h:9m:58s (0h:11m:0s left)
1722 LG           2045.963    0.017       149946at5125	0h:9m:58s (0h:11m:0s left)
1723 JTT          4204.522    0.007       148071at5125	0h:9m:59s (0h:10m:59s left)
1724 VT           7647.312    0.004       168749at5125	0h:9m:59s (0h:10m:59s left)
1725 JTT          4359.756    0.007       166209at5125	0h:9m:59s (0h:10m:58s left)
1726 WAG          1448.694    0.022       150509at5125	0h:9m:59s (0h:10m:57s left)
1727 LG           2698.810    0.013       145460at5125	0h:9m:59s (0h:10m:57s left)
1728 LG           4540.869    0.007       146886at5125	0h:9m:59s (0h:10m:56s left)
1729 WAG          2130.401    0.014       120029at5125	0h:10m:0s (0h:10m:56s left)
1730 LG           4665.114    0.006       150032at5125	0h:10m:0s (0h:10m:55s left)
1731 LG           3045.345    0.010       146866at5125	0h:10m:0s (0h:10m:55s left)
1732 JTT          4626.004    0.008       150406at5125	0h:10m:0s (0h:10m:54s left)
1733 cpREV        3587.656    0.009       114818at5125	0h:10m:0s (0h:10m:54s left)
1734 JTT          2241.707    0.015       174148at5125	0h:10m:1s (0h:10m:53s left)
1735 JTTDCMut     2243.535    0.011       145779at5125	0h:10m:1s (0h:10m:53s left)
1736 LG           6703.380    0.004       147679at5125	0h:10m:1s (0h:10m:52s left)
1737 JTTDCMut     5744.327    0.005       103389at5125	0h:10m:1s (0h:10m:52s left)
1738 JTT          6033.853    0.005       164522at5125	0h:10m:1s (0h:10m:51s left)
1739 cpREV        1824.791    0.017       102973at5125	0h:10m:2s (0h:10m:51s left)
1740 WAG          2188.216    0.014       142810at5125	0h:10m:2s (0h:10m:50s left)
1741 mtZOA+I      1351.334    0.038       144123at5125	0h:10m:2s (0h:10m:50s left)
1742 JTTDCMut     3048.130    0.010       174678at5125	0h:10m:2s (0h:10m:49s left)
1743 WAG          1957.973    0.015       13873at5125	0h:10m:3s (0h:10m:49s left)
1744 WAG          3035.509    0.010       103079at5125	0h:10m:3s (0h:10m:49s left)
1745 JTT          4347.238    0.008       164922at5125	0h:10m:3s (0h:10m:48s left)
1746 JTT          4387.485    0.008       147706at5125	0h:10m:3s (0h:10m:48s left)
1747 JTT          2686.806    0.011       164226at5125	0h:10m:4s (0h:10m:47s left)
1748 LG           2445.172    0.012       174291at5125	0h:10m:4s (0h:10m:46s left)
1749 JTT          2053.971    0.014       133284at5125	0h:10m:4s (0h:10m:46s left)
1750 HIVb+F       3211.806    0.013       132518at5125	0h:10m:4s (0h:10m:46s left)
1751 LG           3898.330    0.008       175949at5125	0h:10m:4s (0h:10m:45s left)
1752 mtVer+F      4938.633    0.006       174527at5125	0h:10m:4s (0h:10m:45s left)
1753 VT           1591.541    0.019       151789at5125	0h:10m:5s (0h:10m:44s left)
1754 JTT          1300.164    0.024       147390at5125	0h:10m:5s (0h:10m:44s left)
1755 LG           4579.370    0.006       102371at5125	0h:10m:5s (0h:10m:43s left)
1756 LG+I         4111.897    0.009       104466at5125	0h:10m:5s (0h:10m:43s left)
1757 JTTDCMut     3217.947    0.009       161030at5125	0h:10m:5s (0h:10m:42s left)
1758 JTTDCMut     3309.263    0.009       174559at5125	0h:10m:5s (0h:10m:41s left)
1759 JTT          2395.108    0.013       151837at5125	0h:10m:6s (0h:10m:41s left)
1760 JTT          4884.208    0.006       161490at5125	0h:10m:6s (0h:10m:41s left)
1761 LG           3336.587    0.009       160794at5125	0h:10m:6s (0h:10m:40s left)
1762 JTT          1664.942    0.018       100134at5125	0h:10m:6s (0h:10m:39s left)
1763 JTTDCMut     6250.057    0.005       147411at5125	0h:10m:7s (0h:10m:40s left)
1764 PMB          2995.393    0.013       163439at5125	0h:10m:7s (0h:10m:39s left)
1765 LG           1707.357    0.018       148868at5125	0h:10m:7s (0h:10m:38s left)
1766 mtMAM+F      2204.085    0.019       130464at5125	0h:10m:8s (0h:10m:38s left)
1767 LG           2844.051    0.011       164188at5125	0h:10m:8s (0h:10m:38s left)
1768 LG           2714.064    0.011       163352at5125	0h:10m:8s (0h:10m:37s left)
1769 LG           1698.647    0.022       151536at5125	0h:10m:8s (0h:10m:37s left)
1770 HIVb+F       3494.974    0.008       132392at5125	0h:10m:8s (0h:10m:36s left)
1771 JTT          1938.180    0.015       105614at5125	0h:10m:9s (0h:10m:36s left)
1772 JTTDCMut     4910.267    0.006       146260at5125	0h:10m:9s (0h:10m:35s left)
1773 FLU          3131.337    0.008       220372at5125	0h:10m:9s (0h:10m:34s left)
1774 WAG          2748.056    0.008       217804at5125	0h:10m:9s (0h:10m:34s left)
1775 JTT          4731.398    0.005       143964at5125	0h:10m:9s (0h:10m:33s left)
1776 JTT          4664.541    0.005       163287at5125	0h:10m:10s (0h:10m:33s left)
1777 PMB+F+I      1354.447    0.077       133736at5125	0h:10m:10s (0h:10m:32s left)
1778 JTT          2845.199    0.009       220366at5125	0h:10m:10s (0h:10m:32s left)
1779 LG           3926.109    0.006       192857at5125	0h:10m:10s (0h:10m:31s left)
1780 LG           2005.275    0.012       120864at5125	0h:10m:10s (0h:10m:31s left)
1781 JTT          2436.158    0.012       224150at5125	0h:10m:10s (0h:10m:30s left)
1782 WAG          4191.723    0.006       14224at5125	0h:10m:11s (0h:10m:30s left)
1783 JTT          2374.247    0.007       217661at5125	0h:10m:11s (0h:10m:29s left)
1784 mtMet+F      3096.318    0.009       134188at5125	0h:10m:11s (0h:10m:29s left)
1785 VT           6090.114    0.004       148057at5125	0h:10m:11s (0h:10m:28s left)
1786 VT           7027.548    0.003       215607at5125	0h:10m:11s (0h:10m:27s left)
1787 VT           1562.939    0.016       215577at5125	0h:10m:12s (0h:10m:27s left)
1788 JTT          2903.749    0.011       161397at5125	0h:10m:12s (0h:10m:27s left)
1789 HIVb+F       3128.420    0.009       224389at5125	0h:10m:12s (0h:10m:26s left)
1790 VT           4198.413    0.006       193853at5125	0h:10m:12s (0h:10m:25s left)
1791 LG           2856.129    0.009       202406at5125	0h:10m:12s (0h:10m:25s left)
1792 VT           3820.490    0.006       168579at5125	0h:10m:12s (0h:10m:25s left)
1793 JTT          1703.637    0.014       216264at5125	0h:10m:13s (0h:10m:24s left)
1794 JTT          2391.773    0.010       211948at5125	0h:10m:13s (0h:10m:23s left)
1795 WAG          3268.634    0.007       146944at5125	0h:10m:13s (0h:10m:23s left)
1796 JTT          2431.925    0.012       224454at5125	0h:10m:13s (0h:10m:22s left)
1797 VT           2454.138    0.009       217711at5125	0h:10m:13s (0h:10m:22s left)
1798 LG           10375.528   0.002       163290at5125	0h:10m:13s (0h:10m:22s left)
1799 LG           3858.038    0.006       220376at5125	0h:10m:13s (0h:10m:21s left)
1800 HIVb         1085.087    0.022       224257at5125	0h:10m:14s (0h:10m:20s left)
1801 HIVw+F       1774.282    0.017       152348at5125	0h:10m:14s (0h:10m:20s left)
1802 FLU          3190.973    0.008       216319at5125	0h:10m:14s (0h:10m:19s left)
1803 LG           4184.570    0.006       147417at5125	0h:10m:14s (0h:10m:18s left)
1804 VT           2269.768    0.010       212314at5125	0h:10m:14s (0h:10m:18s left)
1805 LG           2381.356    0.010       169970at5125	0h:10m:14s (0h:10m:18s left)
1806 JTT          3552.263    0.007       7497at5125	0h:10m:15s (0h:10m:17s left)
1807 LG           6139.738    0.004       215387at5125	0h:10m:15s (0h:10m:17s left)
1808 VT           5960.221    0.004       150382at5125	0h:10m:15s (0h:10m:17s left)
1809 VT           3577.074    0.007       162248at5125	0h:10m:15s (0h:10m:16s left)
1810 VT           2319.936    0.013       162355at5125	0h:10m:16s (0h:10m:16s left)
1811 JTT          2026.856    0.017       151701at5125	0h:10m:16s (0h:10m:15s left)
1812 JTTDCMut     1924.829    0.016       221089at5125	0h:10m:16s (0h:10m:15s left)
1813 JTT          1592.251    0.015       158376at5125	0h:10m:16s (0h:10m:14s left)
1814 VT           4209.589    0.006       162224at5125	0h:10m:16s (0h:10m:13s left)
1815 PMB          2497.818    0.010       144785at5125	0h:10m:16s (0h:10m:13s left)
1816 JTT          1895.905    0.012       117933at5125	0h:10m:16s (0h:10m:12s left)
1817 cpREV        4544.468    0.005       189332at5125	0h:10m:17s (0h:10m:12s left)
1818 LG           8342.127    0.003       170366at5125	0h:10m:17s (0h:10m:11s left)
1819 LG           1937.299    0.019       216386at5125	0h:10m:17s (0h:10m:11s left)
1820 LG           6123.466    0.004       215451at5125	0h:10m:18s (0h:10m:11s left)
1821 JTT          2308.186    0.011       21210at5125	0h:10m:18s (0h:10m:10s left)
1822 JTT          2338.552    0.015       152438at5125	0h:10m:18s (0h:10m:10s left)
1823 JTTDCMut     1884.854    0.016       202792at5125	0h:10m:18s (0h:10m:10s left)
1824 cpREV        2036.502    0.015       119948at5125	0h:10m:18s (0h:10m:9s left)
1825 WAG          1843.047    0.014       191871at5125	0h:10m:19s (0h:10m:8s left)
1826 JTT          2293.304    0.011       44703at5125	0h:10m:19s (0h:10m:8s left)
1827 JTT          2233.907    0.014       215501at5125	0h:10m:19s (0h:10m:7s left)
1828 LG           4746.075    0.005       215422at5125	0h:10m:19s (0h:10m:7s left)
1829 JTT          2342.240    0.010       163068at5125	0h:10m:19s (0h:10m:6s left)
1830 JTT          3675.395    0.006       162696at5125	0h:10m:20s (0h:10m:6s left)
1831 cpREV        2223.581    0.011       203204at5125	0h:10m:20s (0h:10m:5s left)
1832 JTT          3801.684    0.006       144401at5125	0h:10m:20s (0h:10m:5s left)
1833 FLU          2506.898    0.012       223820at5125	0h:10m:20s (0h:10m:4s left)
1834 JTT          3786.813    0.006       191407at5125	0h:10m:20s (0h:10m:4s left)
1835 JTT+I        3692.425    0.007       71452at5125	0h:10m:20s (0h:10m:3s left)
1836 cpREV        2739.472    0.009       216358at5125	0h:10m:20s (0h:10m:3s left)
1837 VT           2414.802    0.012       203469at5125	0h:10m:21s (0h:10m:2s left)
1838 VT           6297.302    0.004       25927at5125	0h:10m:21s (0h:10m:2s left)
1839 VT           2526.213    0.009       220786at5125	0h:10m:21s (0h:10m:1s left)
1840 LG           8853.569    0.003       60771at5125	0h:10m:21s (0h:10m:1s left)
1841 LG           9347.851    0.002       147070at5125	0h:10m:21s (0h:10m:0s left)
1842 mtZOA        2681.945    0.009       151383at5125	0h:10m:21s (0h:10m:0s left)
1843 JTT          2411.160    0.010       142792at5125	0h:10m:22s (0h:9m:59s left)
1844 JTT          1945.674    0.012       217017at5125	0h:10m:22s (0h:9m:59s left)
1845 VT+I         2606.527    0.013       203550at5125	0h:10m:22s (0h:9m:58s left)
1846 JTT          2326.262    0.010       23533at5125	0h:10m:22s (0h:9m:58s left)
1847 JTT          3556.839    0.007       216091at5125	0h:10m:22s (0h:9m:57s left)
1848 LG           3081.591    0.008       62738at5125	0h:10m:22s (0h:9m:57s left)
1849 JTT          2557.538    0.009       165485at5125	0h:10m:23s (0h:9m:56s left)
1850 JTT          2346.697    0.010       221501at5125	0h:10m:23s (0h:9m:56s left)
1851 WAG          3069.317    0.008       165808at5125	0h:10m:23s (0h:9m:55s left)
1852 LG           1918.532    0.013       217057at5125	0h:10m:23s (0h:9m:55s left)
1853 JTT          1754.854    0.014       158191at5125	0h:10m:23s (0h:9m:54s left)
1854 JTT          3701.715    0.009       151151at5125	0h:10m:23s (0h:9m:54s left)
1855 cpREV        3586.999    0.007       197129at5125	0h:10m:24s (0h:9m:53s left)
1856 JTT          3911.285    0.008       228044at5125	0h:10m:24s (0h:9m:53s left)
1857 LG           4195.718    0.006       166423at5125	0h:10m:24s (0h:9m:52s left)
1858 cpREV        3805.844    0.006       215856at5125	0h:10m:24s (0h:9m:52s left)
1859 cpREV        2356.758    0.011       56002at5125	0h:10m:24s (0h:9m:51s left)
1860 LG           3694.478    0.006       215968at5125	0h:10m:24s (0h:9m:51s left)
1861 JTT+I        5160.189    0.006       63495at5125	0h:10m:25s (0h:9m:51s left)
1862 cpREV        2489.230    0.010       53840at5125	0h:10m:25s (0h:9m:50s left)
1863 WAG          4989.417    0.005       31696at5125	0h:10m:25s (0h:9m:49s left)
1864 LG           1985.998    0.012       147132at5125	0h:10m:25s (0h:9m:49s left)
1865 HIVb         1153.051    0.020       151859at5125	0h:10m:26s (0h:9m:49s left)
1866 HIVb+F       5078.574    0.005       217156at5125	0h:10m:26s (0h:9m:48s left)
1867 FLU+F        3342.554    0.007       215883at5125	0h:10m:26s (0h:9m:48s left)
1868 JTT          2470.375    0.012       147226at5125	0h:10m:26s (0h:9m:47s left)
1869 JTT          4057.458    0.006       165230at5125	0h:10m:26s (0h:9m:47s left)
1870 WAG+I        4093.787    0.007       31343at5125	0h:10m:26s (0h:9m:46s left)
1871 JTT          1483.780    0.017       147097at5125	0h:10m:27s (0h:9m:46s left)
1872 JTT          1220.110    0.020       143419at5125	0h:10m:27s (0h:9m:45s left)
1873 VT           1962.502    0.012       27835at5125	0h:10m:27s (0h:9m:45s left)
1874 mtMAM+F      6768.659    0.003       207378at5125	0h:10m:27s (0h:9m:44s left)
1875 LG           2888.768    0.008       147732at5125	0h:10m:27s (0h:9m:44s left)
1876 LG           2367.904    0.010       211214at5125	0h:10m:27s (0h:9m:43s left)
1877 WAG          1463.646    0.024       128056at5125	0h:10m:28s (0h:9m:43s left)
1878 JTT          2615.723    0.009       150843at5125	0h:10m:28s (0h:9m:42s left)
1879 LG           1568.153    0.016       195205at5125	0h:10m:28s (0h:9m:42s left)
1880 cpREV        2643.622    0.010       211620at5125	0h:10m:28s (0h:9m:42s left)
1881 VT           2599.799    0.009       146969at5125	0h:10m:29s (0h:9m:41s left)
1882 WAG          2684.916    0.009       211655at5125	0h:10m:29s (0h:9m:41s left)
1883 cpREV        848.079     0.041       211131at5125	0h:10m:29s (0h:9m:40s left)
1884 WAG+I        3878.387    0.009       211720at5125	0h:10m:29s (0h:9m:40s left)
1885 HIVw+F       5110.316    0.006       152116at5125	0h:10m:29s (0h:9m:39s left)
1886 JTT          3276.893    0.009       123654at5125	0h:10m:29s (0h:9m:39s left)
1887 VT           6280.714    0.004       35216at5125	0h:10m:30s (0h:9m:38s left)
1888 WAG          3182.075    0.007       211601at5125	0h:10m:30s (0h:9m:38s left)
1889 VT           1745.507    0.014       194836at5125	0h:10m:30s (0h:9m:37s left)
1890 JTT          2584.855    0.009       221549at5125	0h:10m:30s (0h:9m:37s left)
1891 LG           3498.174    0.007       163789at5125	0h:10m:30s (0h:9m:36s left)
1892 JTTDCMut     2273.244    0.011       148036at5125	0h:10m:30s (0h:9m:36s left)
1893 LG           5134.361    0.005       167888at5125	0h:10m:31s (0h:9m:35s left)
1894 JTT          2056.839    0.014       216551at5125	0h:10m:31s (0h:9m:35s left)
1895 JTT          2048.570    0.012       163663at5125	0h:10m:31s (0h:9m:34s left)
1896 HIVb         1503.691    0.016       142765at5125	0h:10m:31s (0h:9m:34s left)
1897 JTT          1497.489    0.016       161133at5125	0h:10m:31s (0h:9m:33s left)
1898 JTT          3407.303    0.007       159599at5125	0h:10m:31s (0h:9m:33s left)
1899 cpREV        3253.015    0.008       201266at5125	0h:10m:31s (0h:9m:32s left)
1900 LG           2261.848    0.010       151104at5125	0h:10m:32s (0h:9m:32s left)
1901 WAG          1913.267    0.012       215730at5125	0h:10m:32s (0h:9m:31s left)
1902 JTT          3671.867    0.006       166753at5125	0h:10m:32s (0h:9m:31s left)
1903 JTT          3682.329    0.006       49280at5125	0h:10m:32s (0h:9m:30s left)
1904 JTT          2935.962    0.008       132837at5125	0h:10m:32s (0h:9m:30s left)
1905 VT           10325.987   0.002       166798at5125	0h:10m:33s (0h:9m:29s left)
1906 FLU          2378.346    0.010       206104at5125	0h:10m:33s (0h:9m:29s left)
1907 LG           3223.571    0.007       201225at5125	0h:10m:33s (0h:9m:28s left)
1908 rtREV        1842.816    0.012       133765at5125	0h:10m:33s (0h:9m:28s left)
1909 JTT          2499.493    0.012       64092at5125	0h:10m:33s (0h:9m:27s left)
1910 JTT          1971.275    0.012       166980at5125	0h:10m:33s (0h:9m:27s left)
1911 JTT          3382.228    0.007       65274at5125	0h:10m:34s (0h:9m:26s left)
1912 WAG          3700.344    0.006       167093at5125	0h:10m:34s (0h:9m:26s left)
1913 JTTDCMut     1371.201    0.018       4866at5125	0h:10m:34s (0h:9m:26s left)
1914 HIVw+F       4167.703    0.006       124584at5125	0h:10m:34s (0h:9m:25s left)
1915 HIVb+F       2702.582    0.013       151448at5125	0h:10m:34s (0h:9m:25s left)
1916 LG           4022.187    0.008       161032at5125	0h:10m:34s (0h:9m:24s left)
1917 HIVb+F       6764.936    0.003       89742at5125	0h:10m:34s (0h:9m:24s left)
1918 JTT          2107.609    0.018       164130at5125	0h:10m:35s (0h:9m:23s left)
1919 VT           2969.390    0.010       156876at5125	0h:10m:35s (0h:9m:23s left)
1920 JTT          2374.156    0.011       103560at5125	0h:10m:35s (0h:9m:22s left)
1921 VT           1737.597    0.014       218739at5125	0h:10m:35s (0h:9m:22s left)
1922 JTT          2296.610    0.010       172691at5125	0h:10m:35s (0h:9m:21s left)
1923 FLU          3512.360    0.007       219306at5125	0h:10m:35s (0h:9m:21s left)
1924 Dayhoff      1636.069    0.016       180624at5125	0h:10m:36s (0h:9m:20s left)
1925 JTT          3211.328    0.008       218786at5125	0h:10m:36s (0h:9m:20s left)
1926 JTT          2112.267    0.011       148742at5125	0h:10m:36s (0h:9m:19s left)
1927 JTT          2692.018    0.011       156070at5125	0h:10m:36s (0h:9m:19s left)
1928 WAG          1225.616    0.020       182999at5125	0h:10m:36s (0h:9m:18s left)
1929 JTT          2881.776    0.008       103841at5125	0h:10m:37s (0h:9m:18s left)
1930 VT           3784.122    0.006       109234at5125	0h:10m:37s (0h:9m:18s left)
1931 VT           2977.104    0.008       177959at5125	0h:10m:37s (0h:9m:17s left)
1932 HIVb         2061.258    0.011       149223at5125	0h:10m:37s (0h:9m:16s left)
1933 VT           1701.236    0.014       222999at5125	0h:10m:37s (0h:9m:16s left)
1934 Dayhoff      1982.955    0.012       188976at5125	0h:10m:38s (0h:9m:16s left)
1935 JTT          4721.077    0.005       174576at5125	0h:10m:38s (0h:9m:15s left)
1936 JTT          1530.858    0.020       213870at5125	0h:10m:38s (0h:9m:15s left)
1937 LG           1169.036    0.022       90769at5125	0h:10m:38s (0h:9m:14s left)
1938 PMB          3015.228    0.008       183796at5125	0h:10m:38s (0h:9m:14s left)
1939 JTT          1872.185    0.013       213184at5125	0h:10m:39s (0h:9m:14s left)
1940 FLU          942.701     0.026       111022at5125	0h:10m:39s (0h:9m:13s left)
1941 Dayhoff      1991.400    0.011       175253at5125	0h:10m:39s (0h:9m:13s left)
1942 PMB          1962.155    0.016       156767at5125	0h:10m:39s (0h:9m:12s left)
1943 FLU          2129.001    0.012       184300at5125	0h:10m:39s (0h:9m:12s left)
1944 mtMet+F      3585.598    0.003       223138at5125	0h:10m:39s (0h:9m:11s left)
1945 mtMAM+F      4304.576    0.005       222341at5125	0h:10m:39s (0h:9m:11s left)
1946 cpREV        2997.988    0.008       219940at5125	0h:10m:40s (0h:9m:10s left)
1947 JTT          1588.656    0.019       104111at5125	0h:10m:40s (0h:9m:10s left)
1948 cpREV        1110.486    0.022       156042at5125	0h:10m:40s (0h:9m:9s left)
1949 cpREV        2120.588    0.012       110350at5125	0h:10m:40s (0h:9m:9s left)
1950 JTT+I        4960.547    0.007       218647at5125	0h:10m:40s (0h:9m:8s left)
1951 JTT          2516.230    0.009       213464at5125	0h:10m:40s (0h:9m:8s left)
1952 VT           5207.553    0.004       149473at5125	0h:10m:40s (0h:9m:7s left)
1953 WAG          4526.144    0.005       109995at5125	0h:10m:41s (0h:9m:7s left)
1954 LG           5669.593    0.004       213305at5125	0h:10m:41s (0h:9m:6s left)
1955 JTT          2571.797    0.010       183561at5125	0h:10m:41s (0h:9m:6s left)
1956 JTT          3460.690    0.007       213947at5125	0h:10m:41s (0h:9m:5s left)
1957 JTTDCMut     1144.585    0.022       156052at5125	0h:10m:41s (0h:9m:5s left)
1958 LG           3084.966    0.007       219574at5125	0h:10m:41s (0h:9m:4s left)
1959 VT           3038.068    0.010       214831at5125	0h:10m:42s (0h:9m:4s left)
1960 JTT          1988.010    0.012       183171at5125	0h:10m:42s (0h:9m:3s left)
1961 LG           2030.157    0.012       21908at5125	0h:10m:42s (0h:9m:3s left)
1962 WAG          5308.299    0.006       213715at5125	0h:10m:42s (0h:9m:2s left)
1963 LG           1858.610    0.013       156487at5125	0h:10m:42s (0h:9m:2s left)
1964 WAG          3238.287    0.007       174321at5125	0h:10m:42s (0h:9m:2s left)
1965 VT           2464.554    0.010       92661at5125	0h:10m:42s (0h:9m:1s left)
1966 mtMAM+F      5487.903    0.004       174261at5125	0h:10m:43s (0h:9m:1s left)
1967 cpREV        2369.445    0.010       214653at5125	0h:10m:43s (0h:9m:0s left)
1968 mtMAM+F      3206.544    0.007       179097at5125	0h:10m:43s (0h:9m:0s left)
1969 cpREV        1073.943    0.023       174146at5125	0h:10m:43s (0h:8m:59s left)
1970 VT           3110.666    0.008       104768at5125	0h:10m:43s (0h:8m:59s left)
1971 JTT          3195.474    0.008       106728at5125	0h:10m:43s (0h:8m:58s left)
1972 rtREV        2193.788    0.011       219117at5125	0h:10m:44s (0h:8m:58s left)
1973 mtMAM+F      2139.576    0.014       178650at5125	0h:10m:44s (0h:8m:57s left)
1974 VT           6892.054    0.003       145748at5125	0h:10m:44s (0h:8m:57s left)
1975 LG+I         6485.832    0.005       219119at5125	0h:10m:44s (0h:8m:57s left)
1976 JTT          4172.689    0.006       105695at5125	0h:10m:45s (0h:8m:56s left)
1977 LG+I         5884.417    0.005       218984at5125	0h:10m:45s (0h:8m:56s left)
1978 LG           3046.820    0.008       173947at5125	0h:10m:45s (0h:8m:55s left)
1979 rtREV        1443.071    0.022       219707at5125	0h:10m:45s (0h:8m:55s left)
1980 LG           1989.163    0.015       222776at5125	0h:10m:45s (0h:8m:54s left)
1981 FLU          2343.581    0.013       105138at5125	0h:10m:45s (0h:8m:54s left)
1982 LG           2089.693    0.015       222951at5125	0h:10m:46s (0h:8m:54s left)
1983 JTT          2120.852    0.011       145636at5125	0h:10m:46s (0h:8m:53s left)
1984 JTT          2576.059    0.009       173242at5125	0h:10m:46s (0h:8m:53s left)
1985 LG           1333.730    0.019       219796at5125	0h:10m:46s (0h:8m:52s left)
1986 VT           3014.545    0.008       213589at5125	0h:10m:46s (0h:8m:52s left)
1987 HIVw+F+I     4683.135    0.007       174415at5125	0h:10m:47s (0h:8m:51s left)
1988 mtMet+F+I    3576.354    0.009       178375at5125	0h:10m:47s (0h:8m:51s left)
1989 JTT          1762.119    0.014       146308at5125	0h:10m:47s (0h:8m:50s left)
1990 LG           2042.612    0.012       91374at5125	0h:10m:47s (0h:8m:50s left)
1991 VT           4210.424    0.006       213636at5125	0h:10m:47s (0h:8m:49s left)
1992 WAG          1890.108    0.012       218963at5125	0h:10m:47s (0h:8m:49s left)
1993 JTT          1221.061    0.025       146029at5125	0h:10m:47s (0h:8m:48s left)
1994 JTT          2868.800    0.008       179554at5125	0h:10m:48s (0h:8m:48s left)
1995 mtVer+F      847.018     0.030       179610at5125	0h:10m:48s (0h:8m:48s left)
1996 JTT          4001.701    0.007       149105at5125	0h:10m:48s (0h:8m:47s left)
1997 LG           6994.336    0.003       148972at5125	0h:10m:48s (0h:8m:47s left)
1998 JTT          2784.860    0.010       173344at5125	0h:10m:48s (0h:8m:46s left)
1999 JTT          1094.924    0.023       155151at5125	0h:10m:48s (0h:8m:46s left)
2000 WAG          2804.499    0.008       106933at5125	0h:10m:49s (0h:8m:45s left)
2001 LG           4183.931    0.006       173613at5125	0h:10m:49s (0h:8m:45s left)
2002 VT           4240.894    0.006       218115at5125	0h:10m:49s (0h:8m:45s left)
2003 JTT          2356.066    0.010       175726at5125	0h:10m:49s (0h:8m:44s left)
2004 cpREV        4813.511    0.005       219414at5125	0h:10m:50s (0h:8m:44s left)
2005 JTT          2366.331    0.010       150091at5125	0h:10m:50s (0h:8m:43s left)
2006 LG           2552.530    0.009       22255at5125	0h:10m:50s (0h:8m:43s left)
2007 JTT          4068.058    0.006       171556at5125	0h:10m:50s (0h:8m:42s left)
2008 HIVw+F+I     3586.160    0.009       173587at5125	0h:10m:50s (0h:8m:42s left)
2009 VT           5260.431    0.004       187114at5125	0h:10m:50s (0h:8m:41s left)
2010 JTT+I        2645.425    0.015       92516at5125	0h:10m:51s (0h:8m:41s left)
2011 JTT          3285.769    0.007       82852at5125	0h:10m:51s (0h:8m:41s left)
2012 mtMet+F      3972.217    0.006       145843at5125	0h:10m:51s (0h:8m:40s left)
2013 cpREV        4507.812    0.005       171619at5125	0h:10m:51s (0h:8m:40s left)
2014 FLU          1120.748    0.027       176961at5125	0h:10m:51s (0h:8m:39s left)
2015 WAG          3135.023    0.008       82854at5125	0h:10m:51s (0h:8m:39s left)
2016 JTTDCMut     2276.838    0.011       218240at5125	0h:10m:51s (0h:8m:38s left)
2017 JTT          2977.138    0.008       149996at5125	0h:10m:52s (0h:8m:38s left)
2018 LG           4436.995    0.005       117246at5125	0h:10m:52s (0h:8m:37s left)
2019 PMB          2747.090    0.009       223340at5125	0h:10m:52s (0h:8m:37s left)
2020 HIVb         2151.773    0.011       214178at5125	0h:10m:52s (0h:8m:36s left)
2021 FLU          1113.058    0.022       99397at5125	0h:10m:52s (0h:8m:36s left)
2022 JTT          5458.731    0.004       144967at5125	0h:10m:52s (0h:8m:35s left)
2023 JTT          3127.997    0.008       146710at5125	0h:10m:52s (0h:8m:35s left)
2024 JTT          2986.150    0.008       146684at5125	0h:10m:52s (0h:8m:34s left)
2025 VT           3742.973    0.006       170867at5125	0h:10m:53s (0h:8m:34s left)
2026 VT           4586.656    0.005       98956at5125	0h:10m:53s (0h:8m:33s left)
2027 JTT          2190.124    0.011       145887at5125	0h:10m:53s (0h:8m:33s left)
2028 WAG          2716.900    0.011       212788at5125	0h:10m:53s (0h:8m:33s left)
2029 VT           4521.264    0.005       85958at5125	0h:10m:53s (0h:8m:32s left)
2030 LG           9795.761    0.002       144971at5125	0h:10m:54s (0h:8m:32s left)
2031 JTT          4830.375    0.006       170975at5125	0h:10m:54s (0h:8m:31s left)
2032 JTT          1747.212    0.014       215062at5125	0h:10m:54s (0h:8m:31s left)
2033 JTT          1758.510    0.017       150080at5125	0h:10m:54s (0h:8m:31s left)
2034 VT           2048.471    0.018       222485at5125	0h:10m:54s (0h:8m:30s left)
2035 WAG          1669.288    0.015       114075at5125	0h:10m:55s (0h:8m:30s left)
2036 JTT          1227.107    0.025       176054at5125	0h:10m:55s (0h:8m:30s left)
2037 LG           3657.023    0.007       220242at5125	0h:10m:55s (0h:8m:29s left)
2038 Dayhoff+F    5037.645    0.005       176993at5125	0h:10m:55s (0h:8m:28s left)
2039 LG           8436.803    0.003       148094at5125	0h:10m:55s (0h:8m:28s left)
2040 HIVw+F+I     1885.551    0.025       177222at5125	0h:10m:55s (0h:8m:28s left)
2041 mtMet+F      2811.324    0.008       84108at5125	0h:10m:56s (0h:8m:27s left)
2042 JTT          4058.797    0.006       177457at5125	0h:10m:56s (0h:8m:27s left)
2043 LG           13969.997   0.002       15273at5125	0h:10m:56s (0h:8m:26s left)
2044 cpREV+I      1557.261    0.024       220146at5125	0h:10m:56s (0h:8m:26s left)
2045 VT           4276.509    0.005       185362at5125	0h:10m:57s (0h:8m:26s left)
2046 JTT          3213.712    0.008       213018at5125	0h:10m:57s (0h:8m:25s left)
2047 JTTDCMut     3775.070    0.006       213007at5125	0h:10m:57s (0h:8m:25s left)
2048 LG+I         2650.175    0.014       176507at5125	0h:10m:57s (0h:8m:24s left)
2049 JTT          2669.423    0.009       148254at5125	0h:10m:57s (0h:8m:24s left)
2050 LG           1758.645    0.018       176788at5125	0h:10m:58s (0h:8m:24s left)
2051 JTT          1780.232    0.013       149888at5125	0h:10m:58s (0h:8m:23s left)
2052 LG           2037.841    0.012       175381at5125	0h:10m:58s (0h:8m:23s left)
2053 mtVer+F      3649.941    0.006       221926at5125	0h:10m:58s (0h:8m:22s left)
2054 JTTDCMut+I   6934.561    0.004       175320at5125	0h:10m:58s (0h:8m:22s left)
2055 HIVb+I       1139.181    0.035       185317at5125	0h:10m:58s (0h:8m:21s left)
2056 JTT          1775.975    0.013       222634at5125	0h:10m:59s (0h:8m:21s left)
2057 JTT          2293.758    0.013       83530at5125	0h:10m:59s (0h:8m:20s left)
2058 LG           6826.063    0.003       185977at5125	0h:10m:59s (0h:8m:20s left)
2059 LG           3064.402    0.008       146812at5125	0h:10m:59s (0h:8m:19s left)
2060 LG+I         7702.424    0.004       78486at5125	0h:10m:59s (0h:8m:19s left)
2061 JTT          3190.810    0.007       186270at5125	0h:11m:0s (0h:8m:19s left)
2062 cpREV+I      2316.305    0.024       117335at5125	0h:11m:0s (0h:8m:18s left)
2063 JTT          2518.836    0.009       149976at5125	0h:11m:0s (0h:8m:18s left)
2064 JTT          3050.242    0.009       176272at5125	0h:11m:0s (0h:8m:17s left)
2065 WAG          3178.358    0.008       157200at5125	0h:11m:0s (0h:8m:17s left)
2066 JTT          4590.674    0.005       149991at5125	0h:11m:0s (0h:8m:17s left)
2067 JTT          1328.564    0.018       220009at5125	0h:11m:0s (0h:8m:16s left)
2068 JTT          2684.294    0.009       177559at5125	0h:11m:1s (0h:8m:16s left)
2069 JTT          5315.871    0.004       171971at5125	0h:11m:1s (0h:8m:15s left)
2070 VT           4333.495    0.004       146527at5125	0h:11m:1s (0h:8m:15s left)
2071 cpREV        2118.606    0.009       161824at5125	0h:11m:1s (0h:8m:14s left)
2072 VT           973.274     0.041       172099at5125	0h:11m:1s (0h:8m:14s left)
2073 JTT          1841.297    0.009       222445at5125	0h:11m:2s (0h:8m:14s left)
2074 JTTDCMut     1762.404    0.010       222376at5125	0h:11m:2s (0h:8m:13s left)
2075 cpREV        3257.159    0.006       213792at5125	0h:11m:2s (0h:8m:13s left)
2076 mtMet+F      3137.286    0.007       207296at5125	0h:11m:2s (0h:8m:12s left)
2077 LG           4071.889    0.004       214167at5125	0h:11m:3s (0h:8m:12s left)
2078 LG+I         3278.489    0.008       161946at5125	0h:11m:3s (0h:8m:12s left)
2079 Dayhoff      997.096     0.034       207350at5125	0h:11m:3s (0h:8m:11s left)
2080 JTTDCMut     5449.242    0.003       145825at5125	0h:11m:3s (0h:8m:11s left)
2081 LG           1749.255    0.014       214566at5125	0h:11m:3s (0h:8m:11s left)
2082 VT           5379.577    0.003       214002at5125	0h:11m:4s (0h:8m:10s left)
2083 cpREV        1900.929    0.010       221158at5125	0h:11m:4s (0h:8m:10s left)
2084 WAG          2040.055    0.009       155682at5125	0h:11m:4s (0h:8m:9s left)
2085 VT           4490.692    0.004       214015at5125	0h:11m:4s (0h:8m:9s left)
2086 JTT          1830.166    0.010       205197at5125	0h:11m:4s (0h:8m:8s left)
2087 LG           2266.360    0.008       213926at5125	0h:11m:4s (0h:8m:8s left)
2088 HIVb         1265.412    0.014       161105at5125	0h:11m:4s (0h:8m:7s left)
2089 VT           2655.816    0.007       34574at5125	0h:11m:4s (0h:8m:7s left)
2090 LG           5603.343    0.003       214514at5125	0h:11m:4s (0h:8m:6s left)
2091 LG           3279.020    0.005       216166at5125	0h:11m:5s (0h:8m:6s left)
2092 JTTDCMut     2206.180    0.009       3723at5125	0h:11m:5s (0h:8m:6s left)
2093 WAG          4586.165    0.004       39102at5125	0h:11m:5s (0h:8m:5s left)
2094 LG           2752.593    0.006       205056at5125	0h:11m:5s (0h:8m:5s left)
2095 JTT          2166.518    0.009       39179at5125	0h:11m:5s (0h:8m:4s left)
2096 JTT          2350.380    0.007       222729at5125	0h:11m:5s (0h:8m:4s left)
2097 LG           2334.171    0.008       214451at5125	0h:11m:6s (0h:8m:3s left)
2098 LG           1103.159    0.023       151787at5125	0h:11m:6s (0h:8m:3s left)
2099 FLU          1831.334    0.009       222287at5125	0h:11m:6s (0h:8m:3s left)
2100 JTT          3161.086    0.006       155438at5125	0h:11m:6s (0h:8m:2s left)
2101 VT           3306.677    0.005       213806at5125	0h:11m:6s (0h:8m:2s left)
2102 JTTDCMut     3765.811    0.005       39772at5125	0h:11m:6s (0h:8m:1s left)
2103 JTT          4685.306    0.004       161548at5125	0h:11m:6s (0h:8m:1s left)
2104 JTTDCMut     964.352     0.019       216156at5125	0h:11m:7s (0h:8m:1s left)
2105 PMB          4464.218    0.004       161642at5125	0h:11m:7s (0h:8m:0s left)
2106 JTT          1180.796    0.015       222546at5125	0h:11m:7s (0h:8m:0s left)
2107 LG           2482.416    0.007       204532at5125	0h:11m:7s (0h:7m:59s left)
2108 JTT          1142.097    0.016       159254at5125	0h:11m:7s (0h:7m:59s left)
2109 JTT          3824.887    0.005       212849at5125	0h:11m:8s (0h:7m:58s left)
2110 JTT          2606.977    0.007       212016at5125	0h:11m:8s (0h:7m:58s left)
2111 JTT          3639.744    0.005       157425at5125	0h:11m:8s (0h:7m:57s left)
2112 VT           6858.563    0.002       146620at5125	0h:11m:8s (0h:7m:57s left)
2113 JTTDCMut     1530.528    0.012       157399at5125	0h:11m:8s (0h:7m:56s left)
2114 JTT+I        2787.791    0.010       212957at5125	0h:11m:8s (0h:7m:56s left)
2115 PMB          1420.478    0.013       221622at5125	0h:11m:9s (0h:7m:56s left)
2116 JTT          1848.553    0.013       221608at5125	0h:11m:9s (0h:7m:55s left)
2117 Dayhoff+F    2775.610    0.006       223351at5125	0h:11m:9s (0h:7m:55s left)
2118 JTT          3612.783    0.005       212942at5125	0h:11m:9s (0h:7m:54s left)
2119 cpREV        1233.420    0.020       157326at5125	0h:11m:9s (0h:7m:54s left)
2120 JTT          1075.002    0.035       224210at5125	0h:11m:9s (0h:7m:54s left)
2121 VT           3674.518    0.005       145191at5125	0h:11m:10s (0h:7m:53s left)
2122 JTT          2802.792    0.006       211934at5125	0h:11m:10s (0h:7m:53s left)
2123 mtZOA+F      2273.428    0.010       152659at5125	0h:11m:10s (0h:7m:52s left)
2124 mtInv+F      3178.188    0.004       221929at5125	0h:11m:10s (0h:7m:52s left)
2125 WAG          3068.906    0.006       159586at5125	0h:11m:10s (0h:7m:51s left)
2126 LG           5652.533    0.003       211817at5125	0h:11m:10s (0h:7m:51s left)
2127 cpREV        3790.815    0.005       146713at5125	0h:11m:10s (0h:7m:50s left)
2128 cpREV        1092.786    0.017       176520at5125	0h:11m:11s (0h:7m:50s left)
2129 JTT          2856.459    0.006       158172at5125	0h:11m:11s (0h:7m:50s left)
2130 cpREV        4718.035    0.004       212682at5125	0h:11m:11s (0h:7m:49s left)
2131 WAG          1842.065    0.010       144773at5125	0h:11m:11s (0h:7m:49s left)
2132 WAG          898.841     0.020       213060at5125	0h:11m:11s (0h:7m:48s left)
2133 JTT          2378.087    0.008       212486at5125	0h:11m:11s (0h:7m:48s left)
2134 cpREV        1653.754    0.011       221645at5125	0h:11m:11s (0h:7m:47s left)
2135 JTT          2224.851    0.008       146718at5125	0h:11m:11s (0h:7m:47s left)
2136 cpREV        1244.523    0.015       152523at5125	0h:11m:12s (0h:7m:46s left)
2137 JTT          4773.166    0.004       212401at5125	0h:11m:12s (0h:7m:46s left)
2138 VT           1525.817    0.012       215403at5125	0h:11m:12s (0h:7m:46s left)
2139 VT           1621.615    0.011       211744at5125	0h:11m:12s (0h:7m:45s left)
2140 JTT          2397.535    0.008       212343at5125	0h:11m:12s (0h:7m:45s left)
2141 LG           2888.545    0.006       223434at5125	0h:11m:12s (0h:7m:44s left)
2142 JTT          1715.982    0.010       215415at5125	0h:11m:13s (0h:7m:44s left)
2143 mtZOA+F      2723.367    0.006       152589at5125	0h:11m:13s (0h:7m:44s left)
2144 HIVb         1006.017    0.018       144512at5125	0h:11m:13s (0h:7m:43s left)
2145 FLU          2406.992    0.008       157566at5125	0h:11m:13s (0h:7m:43s left)
2146 JTT          4863.986    0.004       159034at5125	0h:11m:13s (0h:7m:42s left)
2147 LG           1803.176    0.010       156580at5125	0h:11m:13s (0h:7m:42s left)
2148 JTT          2848.937    0.006       143708at5125	0h:11m:14s (0h:7m:42s left)
2149 rtREV        1388.176    0.013       222092at5125	0h:11m:14s (0h:7m:41s left)
2150 LG           3025.691    0.006       143670at5125	0h:11m:14s (0h:7m:41s left)
2151 Dayhoff      2279.363    0.010       222954at5125	0h:11m:14s (0h:7m:40s left)
2152 LG           1368.240    0.032       223799at5125	0h:11m:14s (0h:7m:40s left)
2153 JTT          2354.106    0.008       211312at5125	0h:11m:14s (0h:7m:39s left)
2154 LG           5862.361    0.003       213515at5125	0h:11m:15s (0h:7m:39s left)
2155 LG           1558.068    0.008       222908at5125	0h:11m:15s (0h:7m:39s left)
2156 cpREV        1193.926    0.020       222853at5125	0h:11m:15s (0h:7m:38s left)
2157 WAG          1783.589    0.010       25989at5125	0h:11m:15s (0h:7m:38s left)
2158 WAG          3150.991    0.005       152071at5125	0h:11m:15s (0h:7m:37s left)
2159 JTTDCMut     3626.581    0.005       143401at5125	0h:11m:15s (0h:7m:37s left)
2160 LG+I         4206.870    0.006       23233at5125	0h:11m:15s (0h:7m:36s left)
2161 VT           3786.518    0.005       213746at5125	0h:11m:16s (0h:7m:36s left)
2162 VT           7190.980    0.003       30317at5125	0h:11m:16s (0h:7m:36s left)
2163 JTT          1319.153    0.014       210997at5125	0h:11m:16s (0h:7m:35s left)
2164 JTT          4078.822    0.004       32145at5125	0h:11m:16s (0h:7m:35s left)
2165 LG           1542.572    0.016       221332at5125	0h:11m:16s (0h:7m:34s left)
2166 LG           1414.057    0.021       222182at5125	0h:11m:16s (0h:7m:34s left)
2167 JTT          2188.431    0.008       32666at5125	0h:11m:17s (0h:7m:33s left)
2168 LG           1241.747    0.015       157079at5125	0h:11m:17s (0h:7m:33s left)
2169 JTT          5310.391    0.003       157199at5125	0h:11m:17s (0h:7m:33s left)
2170 HIVw+F       2606.363    0.009       224575at5125	0h:11m:17s (0h:7m:32s left)
2171 mtMAM+F      3758.741    0.005       152125at5125	0h:11m:17s (0h:7m:32s left)
2172 JTT          1218.990    0.014       223144at5125	0h:11m:17s (0h:7m:31s left)
2173 WAG          2724.139    0.007       146592at5125	0h:11m:17s (0h:7m:31s left)
2174 JTTDCMut     1948.201    0.009       154949at5125	0h:11m:17s (0h:7m:30s left)
2175 LG           1526.905    0.012       213358at5125	0h:11m:18s (0h:7m:30s left)
2176 JTT          3792.146    0.005       143748at5125	0h:11m:18s (0h:7m:30s left)
2177 JTT          2862.420    0.006       143746at5125	0h:11m:18s (0h:7m:29s left)
2178 rtREV        1859.742    0.013       155322at5125	0h:11m:18s (0h:7m:29s left)
2179 cpREV        986.523     0.019       211530at5125	0h:11m:18s (0h:7m:28s left)
2180 JTT          3680.417    0.005       156919at5125	0h:11m:18s (0h:7m:28s left)
2181 WAG          2916.185    0.006       223090at5125	0h:11m:19s (0h:7m:28s left)
2182 WAG          1752.209    0.010       215709at5125	0h:11m:19s (0h:7m:27s left)
2183 HIVb         2100.783    0.009       227644at5125	0h:11m:19s (0h:7m:27s left)
2184 rtREV+I      2728.927    0.009       222072at5125	0h:11m:20s (0h:7m:27s left)
2185 WAG          2580.590    0.002       221525at5125	0h:11m:20s (0h:7m:26s left)
2186 JTT          1365.198    0.013       186423at5125	0h:11m:20s (0h:7m:26s left)
2187 JTT          3516.553    0.005       220227at5125	0h:11m:20s (0h:7m:26s left)
2188 VT           5954.040    0.003       218128at5125	0h:11m:20s (0h:7m:25s left)
2189 JTT          687.452     0.082       211442at5125	0h:11m:20s (0h:7m:25s left)
2190 VT           3512.625    0.005       188207at5125	0h:11m:21s (0h:7m:24s left)
2191 JTT          1599.614    0.015       227519at5125	0h:11m:21s (0h:7m:24s left)
2192 LG           783.634     0.024       170639at5125	0h:11m:21s (0h:7m:23s left)
2193 JTT          1901.351    0.010       148163at5125	0h:11m:21s (0h:7m:23s left)
2194 JTT          2950.908    0.006       171040at5125	0h:11m:21s (0h:7m:23s left)
2195 VT           3057.343    0.006       171237at5125	0h:11m:21s (0h:7m:22s left)
2196 JTT          1677.160    0.010       79708at5125	0h:11m:21s (0h:7m:22s left)
2197 cpREV        2671.260    0.007       171242at5125	0h:11m:22s (0h:7m:21s left)
2198 LG           3230.728    0.005       218142at5125	0h:11m:22s (0h:7m:21s left)
2199 JTT          6144.441    0.003       82463at5125	0h:11m:22s (0h:7m:21s left)
2200 cpREV        1897.903    0.009       83415at5125	0h:11m:22s (0h:7m:20s left)
2201 JTT          3956.475    0.004       148214at5125	0h:11m:22s (0h:7m:20s left)
2202 PMB          2098.659    0.009       171676at5125	0h:11m:22s (0h:7m:19s left)
2203 VT           4809.081    0.004       83427at5125	0h:11m:23s (0h:7m:19s left)
2204 JTT          2670.002    0.007       186342at5125	0h:11m:23s (0h:7m:19s left)
2205 WAG          2665.450    0.007       220141at5125	0h:11m:23s (0h:7m:18s left)
2206 mtZOA        2640.656    0.007       185656at5125	0h:11m:23s (0h:7m:18s left)
2207 HIVb+I       2123.274    0.015       113996at5125	0h:11m:23s (0h:7m:17s left)
2208 HIVb         1704.725    0.011       111793at5125	0h:11m:24s (0h:7m:17s left)
2209 LG           2434.826    0.007       148218at5125	0h:11m:24s (0h:7m:17s left)
2210 HIVb+I       1470.727    0.020       78405at5125	0h:11m:24s (0h:7m:16s left)
2211 WAG          2440.423    0.008       85382at5125	0h:11m:24s (0h:7m:16s left)
2212 VT+I         4139.836    0.006       111448at5125	0h:11m:25s (0h:7m:16s left)
2213 LG           2651.874    0.007       184612at5125	0h:11m:25s (0h:7m:15s left)
2214 JTT          2586.931    0.007       85979at5125	0h:11m:25s (0h:7m:15s left)
2215 Dayhoff      1224.937    0.014       172478at5125	0h:11m:25s (0h:7m:14s left)
2216 PMB          2332.103    0.008       149680at5125	0h:11m:25s (0h:7m:14s left)
2217 LG+I         2380.366    0.010       149853at5125	0h:11m:25s (0h:7m:14s left)
2218 WAG+I        3131.148    0.010       111006at5125	0h:11m:26s (0h:7m:13s left)
2219 JTT          2186.499    0.008       169680at5125	0h:11m:26s (0h:7m:13s left)
2220 LG           2043.463    0.009       194124at5125	0h:11m:26s (0h:7m:12s left)
2221 VT           3643.093    0.005       217662at5125	0h:11m:26s (0h:7m:12s left)
2222 VT           6090.143    0.003       122213at5125	0h:11m:26s (0h:7m:11s left)
2223 LG           2104.492    0.009       69386at5125	0h:11m:26s (0h:7m:11s left)
2224 VT           5171.407    0.003       70498at5125	0h:11m:26s (0h:7m:11s left)
2225 JTTDCMut     1062.192    0.017       121296at5125	0h:11m:27s (0h:7m:10s left)
2226 WAG          3288.621    0.005       169282at5125	0h:11m:27s (0h:7m:10s left)
2227 WAG          3344.579    0.005       217793at5125	0h:11m:27s (0h:7m:9s left)
2228 HIVb         1058.336    0.017       192089at5125	0h:11m:27s (0h:7m:9s left)
2229 LG           4331.215    0.004       217827at5125	0h:11m:27s (0h:7m:9s left)
2230 LG           3496.583    0.005       119604at5125	0h:11m:27s (0h:7m:8s left)
2231 mtZOA        2680.022    0.007       217889at5125	0h:11m:28s (0h:7m:8s left)
2232 LG           1610.345    0.011       191786at5125	0h:11m:28s (0h:7m:7s left)
2233 JTT          2896.200    0.008       191891at5125	0h:11m:28s (0h:7m:7s left)
2234 cpREV        2907.442    0.006       169669at5125	0h:11m:28s (0h:7m:6s left)
2235 LG           4524.687    0.004       184193at5125	0h:11m:28s (0h:7m:6s left)
2236 WAG          1960.064    0.012       150395at5125	0h:11m:28s (0h:7m:6s left)
2237 JTTDCMut     3146.723    0.006       190736at5125	0h:11m:28s (0h:7m:5s left)
2238 WAG          3157.170    0.006       118861at5125	0h:11m:28s (0h:7m:5s left)
2239 LG           3769.686    0.005       220340at5125	0h:11m:28s (0h:7m:4s left)
2240 WAG          2526.929    0.007       72947at5125	0h:11m:28s (0h:7m:4s left)
2241 LG           3404.506    0.005       169976at5125	0h:11m:29s (0h:7m:4s left)
2242 VT           1984.447    0.009       220292at5125	0h:11m:29s (0h:7m:3s left)
2243 WAG          3018.979    0.006       190325at5125	0h:11m:29s (0h:7m:3s left)
2244 LG           1735.287    0.010       118240at5125	0h:11m:29s (0h:7m:2s left)
2245 JTT          5367.322    0.003       218019at5125	0h:11m:29s (0h:7m:2s left)
2246 JTT+I        5372.311    0.004       170132at5125	0h:11m:30s (0h:7m:2s left)
2247 cpREV        4171.407    0.004       189293at5125	0h:11m:30s (0h:7m:1s left)
2248 JTT          2751.727    0.006       220255at5125	0h:11m:30s (0h:7m:1s left)
2249 JTT          4284.188    0.004       17522at5125	0h:11m:30s (0h:7m:1s left)
2250 JTTDCMut     4319.020    0.004       170630at5125	0h:11m:30s (0h:7m:0s left)
2251 Dayhoff      2868.102    0.006       149006at5125	0h:11m:30s (0h:7m:0s left)
2252 VT           5281.684    0.003       148683at5125	0h:11m:31s (0h:6m:59s left)
2253 cpREV        3476.965    0.005       148998at5125	0h:11m:31s (0h:6m:59s left)
2254 WAG          1512.376    0.012       219600at5125	0h:11m:31s (0h:6m:59s left)
2255 rtREV        1530.991    0.012       174550at5125	0h:11m:31s (0h:6m:58s left)
2256 HIVw+F       2953.591    0.006       178040at5125	0h:11m:31s (0h:6m:58s left)
2257 JTT+I        6979.431    0.003       219604at5125	0h:11m:31s (0h:6m:57s left)
2258 LG           2781.016    0.007       96009at5125	0h:11m:31s (0h:6m:57s left)
2259 HIVb+F       5194.999    0.003       177942at5125	0h:11m:32s (0h:6m:56s left)
2260 JTT          1337.843    0.014       219337at5125	0h:11m:32s (0h:6m:56s left)
2261 JTT          1512.574    0.011       174883at5125	0h:11m:32s (0h:6m:56s left)
2262 LG           1836.667    0.010       148759at5125	0h:11m:32s (0h:6m:55s left)
2263 mtInv+F      5365.146    0.003       175215at5125	0h:11m:32s (0h:6m:55s left)
2264 VT           1817.875    0.010       103464at5125	0h:11m:32s (0h:6m:54s left)
2265 cpREV        983.356     0.020       177728at5125	0h:11m:32s (0h:6m:54s left)
2266 cpREV        3197.865    0.006       148633at5125	0h:11m:32s (0h:6m:54s left)
2267 JTT          3182.624    0.005       97123at5125	0h:11m:33s (0h:6m:53s left)
2268 FLU+F        3581.716    0.005       177371at5125	0h:11m:33s (0h:6m:53s left)
2269 JTT          3941.133    0.004       219361at5125	0h:11m:33s (0h:6m:53s left)
2270 WAG          3679.143    0.005       97750at5125	0h:11m:33s (0h:6m:52s left)
2271 LG           1482.842    0.012       148773at5125	0h:11m:33s (0h:6m:52s left)
2272 WAG          1955.626    0.009       219412at5125	0h:11m:34s (0h:6m:52s left)
2273 WAG          1750.127    0.011       177278at5125	0h:11m:34s (0h:6m:51s left)
2274 WAG          6409.751    0.003       99199at5125	0h:11m:34s (0h:6m:51s left)
2275 JTT          1811.999    0.006       175946at5125	0h:11m:34s (0h:6m:50s left)
2276 WAG          2178.087    0.008       175987at5125	0h:11m:34s (0h:6m:50s left)
2277 JTT          5723.071    0.004       176156at5125	0h:11m:35s (0h:6m:50s left)
2278 JTT          1361.001    0.026       177567at5125	0h:11m:35s (0h:6m:49s left)
2279 FLU+F        4298.590    0.004       176904at5125	0h:11m:35s (0h:6m:49s left)
2280 JTT          10252.244   0.002       148781at5125	0h:11m:35s (0h:6m:48s left)
2281 WAG          2411.725    0.007       149481at5125	0h:11m:35s (0h:6m:48s left)
2282 JTT+I        1529.330    0.028       172981at5125	0h:11m:36s (0h:6m:48s left)
2283 LG           2205.186    0.008       183819at5125	0h:11m:36s (0h:6m:47s left)
2284 cpREV        2340.605    0.008       100016at5125	0h:11m:36s (0h:6m:47s left)
2285 JTT          2957.099    0.006       109405at5125	0h:11m:36s (0h:6m:46s left)
2286 JTT          2699.144    0.006       183521at5125	0h:11m:36s (0h:6m:46s left)
2287 LG           4157.978    0.004       219892at5125	0h:11m:36s (0h:6m:45s left)
2288 WAG          3001.903    0.006       219871at5125	0h:11m:36s (0h:6m:45s left)
2289 WAG          1794.407    0.010       181030at5125	0h:11m:37s (0h:6m:45s left)
2290 VT           1754.835    0.010       90032at5125	0h:11m:37s (0h:6m:44s left)
2291 HIVb+F       3829.418    0.006       219812at5125	0h:11m:37s (0h:6m:44s left)
2292 JTT          1568.220    0.011       219809at5125	0h:11m:37s (0h:6m:44s left)
2293 cpREV        841.544     0.029       219867at5125	0h:11m:37s (0h:6m:43s left)
2294 JTT          2211.660    0.008       108018at5125	0h:11m:37s (0h:6m:43s left)
2295 WAG          1944.206    0.009       107962at5125	0h:11m:38s (0h:6m:43s left)
2296 LG+I         2058.474    0.014       149312at5125	0h:11m:38s (0h:6m:42s left)
2297 WAG          3071.778    0.006       216348at5125	0h:11m:38s (0h:6m:42s left)
2298 JTT          5244.959    0.003       107805at5125	0h:11m:38s (0h:6m:41s left)
2299 cpREV        2586.857    0.010       173046at5125	0h:11m:38s (0h:6m:41s left)
2300 mtVer+F      6624.294    0.003       173080at5125	0h:11m:38s (0h:6m:41s left)
2301 mtMAM+F      3765.245    0.005       173277at5125	0h:11m:39s (0h:6m:40s left)
2302 HIVb         1389.701    0.016       179675at5125	0h:11m:39s (0h:6m:40s left)
2303 Dayhoff      1552.937    0.013       219780at5125	0h:11m:39s (0h:6m:39s left)
2304 HIVw+F       4209.492    0.004       179591at5125	0h:11m:39s (0h:6m:39s left)
2305 JTT          1896.708    0.010       173636at5125	0h:11m:39s (0h:6m:39s left)
2306 JTT          1925.751    0.012       173785at5125	0h:11m:40s (0h:6m:38s left)
2307 mtZOA+F      3483.577    0.007       148589at5125	0h:11m:40s (0h:6m:38s left)
2308 Dayhoff      1589.938    0.010       179206at5125	0h:11m:40s (0h:6m:38s left)
2309 JTT+I        2464.432    0.009       91926at5125	0h:11m:41s (0h:6m:38s left)
2310 HIVb+F       2660.154    0.013       178804at5125	0h:11m:41s (0h:6m:37s left)
2311 JTT+I        1665.478    0.018       173416at5125	0h:11m:41s (0h:6m:37s left)
2312 LG           3059.424    0.006       217207at5125	0h:11m:41s (0h:6m:36s left)
2313 JTT          3995.571    0.004       164199at5125	0h:11m:41s (0h:6m:36s left)
2314 cpREV        1619.712    0.011       217060at5125	0h:11m:41s (0h:6m:36s left)
2315 VT           5614.335    0.003       197636at5125	0h:11m:42s (0h:6m:35s left)
2316 LG           2771.950    0.006       126820at5125	0h:11m:42s (0h:6m:35s left)
2317 JTT          2214.871    0.010       127259at5125	0h:11m:42s (0h:6m:34s left)
2318 JTT          2026.266    0.009       13332at5125	0h:11m:42s (0h:6m:34s left)
2319 JTT          3157.290    0.006       220572at5125	0h:11m:42s (0h:6m:34s left)
2320 JTT          1484.583    0.012       166322at5125	0h:11m:42s (0h:6m:33s left)
2321 LG           2673.412    0.007       216985at5125	0h:11m:43s (0h:6m:33s left)
2322 JTT          2740.737    0.006       166587at5125	0h:11m:43s (0h:6m:33s left)
2323 LG           1997.831    0.009       201831at5125	0h:11m:43s (0h:6m:32s left)
2324 LG           5463.829    0.003       63917at5125	0h:11m:43s (0h:6m:32s left)
2325 LG           1402.742    0.023       216603at5125	0h:11m:43s (0h:6m:32s left)
2326 VT           5139.674    0.003       166762at5125	0h:11m:43s (0h:6m:31s left)
2327 LG           1116.864    0.016       196710at5125	0h:11m:44s (0h:6m:31s left)
2328 VT           3102.697    0.006       47502at5125	0h:11m:44s (0h:6m:30s left)
2329 LG           1750.757    0.011       47364at5125	0h:11m:44s (0h:6m:30s left)
2330 WAG          10749.565   0.002       163469at5125	0h:11m:44s (0h:6m:30s left)
2331 PMB          2539.362    0.007       151058at5125	0h:11m:44s (0h:6m:29s left)
2332 LG           3202.744    0.006       52936at5125	0h:11m:45s (0h:6m:29s left)
2333 LG           2581.250    0.007       151327at5125	0h:11m:45s (0h:6m:29s left)
2334 WAG          1874.436    0.010       131466at5125	0h:11m:45s (0h:6m:28s left)
2335 HIVb         1643.546    0.014       151310at5125	0h:11m:45s (0h:6m:28s left)
2336 JTT          5216.306    0.003       165113at5125	0h:11m:46s (0h:6m:28s left)
2337 WAG          4018.300    0.004       52986at5125	0h:11m:46s (0h:6m:27s left)
2338 JTT          3274.670    0.006       220769at5125	0h:11m:46s (0h:6m:27s left)
2339 JTTDCMut     2289.816    0.008       198636at5125	0h:11m:46s (0h:6m:26s left)
2340 VT+I         2260.296    0.011       220759at5125	0h:11m:46s (0h:6m:26s left)
2341 JTT          3840.238    0.005       58621at5125	0h:11m:47s (0h:6m:26s left)
2342 HIVb+F       3144.596    0.006       194148at5125	0h:11m:47s (0h:6m:25s left)
2343 WAG          3324.182    0.005       51549at5125	0h:11m:47s (0h:6m:25s left)
2344 HIVb         1661.040    0.011       129627at5125	0h:11m:47s (0h:6m:25s left)
2345 JTT          3124.509    0.006       200245at5125	0h:11m:47s (0h:6m:24s left)
2346 JTTDCMut     3252.040    0.006       164296at5125	0h:11m:47s (0h:6m:24s left)
2347 VT           1866.510    0.009       198257at5125	0h:11m:47s (0h:6m:23s left)
2348 JTT          2019.999    0.012       129146at5125	0h:11m:48s (0h:6m:23s left)
2349 WAG          3828.795    0.004       165342at5125	0h:11m:48s (0h:6m:23s left)
2350 LG           2400.686    0.007       165493at5125	0h:11m:48s (0h:6m:22s left)
2351 JTT          1621.007    0.011       220838at5125	0h:11m:48s (0h:6m:22s left)
2352 HIVb+F       3554.064    0.007       220486at5125	0h:11m:48s (0h:6m:22s left)
2353 cpREV        2874.895    0.007       162479at5125	0h:11m:48s (0h:6m:21s left)
2354 LG           1822.975    0.014       124265at5125	0h:11m:49s (0h:6m:21s left)
2355 VT           6036.479    0.003       195152at5125	0h:11m:49s (0h:6m:20s left)
2356 VT           1117.162    0.016       151581at5125	0h:11m:49s (0h:6m:20s left)
2357 LG           4114.629    0.004       216507at5125	0h:11m:49s (0h:6m:20s left)
2358 mtVer+F      2290.806    0.008       202743at5125	0h:11m:49s (0h:6m:19s left)
2359 cpREV+I      3108.130    0.021       49025at5125	0h:11m:49s (0h:6m:19s left)
2360 VT           4083.968    0.004       147482at5125	0h:11m:50s (0h:6m:19s left)
2361 JTTDCMut     2811.519    0.008       150756at5125	0h:11m:50s (0h:6m:18s left)
2362 LG           5012.475    0.003       46331at5125	0h:11m:50s (0h:6m:18s left)
2363 WAG          3348.831    0.005       194397at5125	0h:11m:50s (0h:6m:17s left)
2364 LG           2840.447    0.006       162702at5125	0h:11m:50s (0h:6m:17s left)
2365 Dayhoff      1379.917    0.021       162790at5125	0h:11m:50s (0h:6m:17s left)
2366 PMB          5073.341    0.003       167742at5125	0h:11m:50s (0h:6m:16s left)
2367 rtREV        1633.362    0.011       168133at5125	0h:11m:50s (0h:6m:16s left)
2368 JTT          2042.251    0.009       220435at5125	0h:11m:51s (0h:6m:16s left)
2369 JTT          5526.101    0.003       162780at5125	0h:11m:51s (0h:6m:15s left)
2370 HIVw+F       4767.997    0.004       64106at5125	0h:11m:51s (0h:6m:15s left)
2371 VT           1243.716    0.015       147934at5125	0h:11m:51s (0h:6m:14s left)
2372 mtVer+F      2368.119    0.010       195719at5125	0h:11m:51s (0h:6m:14s left)
2373 PMB          2546.378    0.007       46219at5125	0h:11m:51s (0h:6m:14s left)
2374 WAG          1567.266    0.011       64271at5125	0h:11m:51s (0h:6m:13s left)
2375 JTT          1364.575    0.013       220530at5125	0h:11m:52s (0h:6m:13s left)
2376 rtREV        3260.436    0.006       217239at5125	0h:11m:52s (0h:6m:12s left)
2377 VT           4083.817    0.003       214388at5125	0h:11m:52s (0h:6m:12s left)
2378 JTT          2088.433    0.005       147709at5125	0h:11m:52s (0h:6m:12s left)
2379 LG           2230.479    0.005       148893at5125	0h:11m:52s (0h:6m:11s left)
2380 PMB          1308.016    0.009       148482at5125	0h:11m:53s (0h:6m:11s left)
2381 JTT          1311.639    0.014       221281at5125	0h:11m:53s (0h:6m:11s left)
2382 LG+I         1666.429    0.014       168294at5125	0h:11m:53s (0h:6m:10s left)
2383 JTT          6058.821    0.002       215999at5125	0h:11m:53s (0h:6m:10s left)
2384 VT           8144.281    0.002       214735at5125	0h:11m:53s (0h:6m:9s left)
2385 LG           4056.219    0.003       148373at5125	0h:11m:53s (0h:6m:9s left)
2386 LG           1873.876    0.006       216717at5125	0h:11m:53s (0h:6m:9s left)
2387 VT           5301.271    0.002       216045at5125	0h:11m:54s (0h:6m:8s left)
2388 HIVb+F       3329.453    0.003       151697at5125	0h:11m:54s (0h:6m:8s left)
2389 JTT          2181.071    0.005       214395at5125	0h:11m:54s (0h:6m:7s left)
2390 JTT          1021.383    0.012       214414at5125	0h:11m:54s (0h:6m:7s left)
2391 LG           2084.123    0.005       146365at5125	0h:11m:54s (0h:6m:7s left)
2392 mtZOA        1800.215    0.007       147421at5125	0h:11m:54s (0h:6m:6s left)
2393 cpREV        2833.984    0.006       148833at5125	0h:11m:54s (0h:6m:6s left)
2394 Dayhoff      930.458     0.013       151818at5125	0h:11m:54s (0h:6m:6s left)
2395 JTT          2384.414    0.005       148749at5125	0h:11m:55s (0h:6m:5s left)
2396 mtVer+F      2089.740    0.009       151538at5125	0h:11m:55s (0h:6m:5s left)
2397 JTT          1402.681    0.009       155453at5125	0h:11m:55s (0h:6m:5s left)
2398 WAG          2071.983    0.006       216233at5125	0h:11m:55s (0h:6m:4s left)
2399 JTT+I        1587.788    0.017       151656at5125	0h:11m:55s (0h:6m:4s left)
2400 mtMAM+F      4579.319    0.003       148955at5125	0h:11m:56s (0h:6m:4s left)
2401 LG           723.313     0.033       147258at5125	0h:11m:56s (0h:6m:3s left)
2402 LG           2020.128    0.006       214563at5125	0h:11m:56s (0h:6m:3s left)
2403 JTT          3352.978    0.004       221212at5125	0h:11m:56s (0h:6m:2s left)
2404 JTT          4925.283    0.002       147351at5125	0h:11m:56s (0h:6m:2s left)
2405 JTTDCMut     1811.239    0.010       147629at5125	0h:11m:56s (0h:6m:2s left)
2406 WAG          2436.771    0.005       216204at5125	0h:11m:57s (0h:6m:1s left)
2407 LG           889.666     0.020       220968at5125	0h:11m:57s (0h:6m:1s left)
2408 mtMAM+F      3391.926    0.003       151483at5125	0h:11m:57s (0h:6m:1s left)
2409 rtREV        2187.278    0.005       221278at5125	0h:11m:57s (0h:6m:0s left)
2410 HIVb+F       2755.633    0.004       221116at5125	0h:11m:57s (0h:6m:0s left)
2411 VT           1657.605    0.007       222352at5125	0h:11m:57s (0h:5m:59s left)
2412 VT           2813.136    0.004       149083at5125	0h:11m:58s (0h:5m:59s left)
2413 JTT          3119.690    0.004       14908at5125	0h:11m:58s (0h:5m:59s left)
2414 WAG          2309.129    0.005       214697at5125	0h:11m:58s (0h:5m:58s left)
2415 WAG          2023.677    0.006       147384at5125	0h:11m:58s (0h:5m:58s left)
2416 LG           6154.142    0.002       147496at5125	0h:11m:58s (0h:5m:57s left)
2417 VT+I         3329.398    0.007       216658at5125	0h:11m:58s (0h:5m:57s left)
2418 JTT          2579.367    0.005       151417at5125	0h:11m:58s (0h:5m:57s left)
2419 JTT          3920.241    0.003       216095at5125	0h:11m:59s (0h:5m:56s left)
2420 LG           5351.674    0.002       216685at5125	0h:11m:59s (0h:5m:56s left)
2421 HIVw+F       10143.328   0.001       150806at5125	0h:11m:59s (0h:5m:56s left)
2422 JTT          5357.346    0.002       150197at5125	0h:11m:59s (0h:5m:55s left)
2423 LG           1233.036    0.016       150399at5125	0h:11m:59s (0h:5m:55s left)
2424 LG           1336.156    0.009       147989at5125	0h:11m:59s (0h:5m:55s left)
2425 LG           3051.099    0.004       147987at5125	0h:11m:59s (0h:5m:54s left)
2426 cpREV        1309.485    0.010       220339at5125	0h:11m:59s (0h:5m:54s left)
2427 LG           3688.394    0.003       220516at5125	0h:12m:0s (0h:5m:53s left)
2428 WAG          2906.722    0.004       218002at5125	0h:12m:0s (0h:5m:53s left)
2429 LG           1375.044    0.009       215430at5125	0h:12m:0s (0h:5m:53s left)
2430 LG           1801.335    0.007       152352at5125	0h:12m:0s (0h:5m:52s left)
2431 LG           5702.308    0.002       146852at5125	0h:12m:0s (0h:5m:52s left)
2432 WAG          2251.865    0.005       218056at5125	0h:12m:1s (0h:5m:52s left)
2433 JTT+I        1850.519    0.014       152343at5125	0h:12m:1s (0h:5m:51s left)
2434 LG           2577.734    0.005       220263at5125	0h:12m:1s (0h:5m:51s left)
2435 WAG          2323.558    0.007       218076at5125	0h:12m:1s (0h:5m:51s left)
2436 FLU          2553.976    0.005       215236at5125	0h:12m:1s (0h:5m:50s left)
2437 rtREV        4031.846    0.003       215222at5125	0h:12m:1s (0h:5m:50s left)
2438 VT           2639.183    0.004       215632at5125	0h:12m:1s (0h:5m:50s left)
2439 VT+I         2242.203    0.010       150195at5125	0h:12m:2s (0h:5m:49s left)
2440 VT           4440.574    0.003       215582at5125	0h:12m:2s (0h:5m:49s left)
2441 VT           2424.275    0.005       150701at5125	0h:12m:2s (0h:5m:48s left)
2442 WAG          4211.193    0.003       217626at5125	0h:12m:2s (0h:5m:48s left)
2443 mtZOA        2757.284    0.005       215564at5125	0h:12m:2s (0h:5m:48s left)
2444 JTT          1133.927    0.015       150671at5125	0h:12m:3s (0h:5m:48s left)
2445 JTT          1139.317    0.016       150576at5125	0h:12m:3s (0h:5m:47s left)
2446 LG           4558.067    0.003       215218at5125	0h:12m:3s (0h:5m:47s left)
2447 LG           2467.486    0.005       150721at5125	0h:12m:3s (0h:5m:46s left)
2448 JTTDCMut     4719.603    0.003       152172at5125	0h:12m:4s (0h:5m:46s left)
2449 JTT          2037.627    0.006       150497at5125	0h:12m:4s (0h:5m:46s left)
2450 WAG          2061.192    0.006       217441at5125	0h:12m:4s (0h:5m:45s left)
2451 LG           1683.025    0.007       148089at5125	0h:12m:4s (0h:5m:45s left)
2452 cpREV        2794.774    0.004       215664at5125	0h:12m:4s (0h:5m:45s left)
2453 LG+I         2413.475    0.008       152179at5125	0h:12m:4s (0h:5m:44s left)
2454 WAG          2878.870    0.004       215431at5125	0h:12m:5s (0h:5m:44s left)
2455 LG           6372.005    0.002       215826at5125	0h:12m:5s (0h:5m:44s left)
2456 VT           2803.290    0.004       217861at5125	0h:12m:5s (0h:5m:43s left)
2457 JTT          2419.226    0.005       218454at5125	0h:12m:5s (0h:5m:43s left)
2458 cpREV        1655.058    0.007       149932at5125	0h:12m:5s (0h:5m:42s left)
2459 LG           1176.275    0.016       151899at5125	0h:12m:5s (0h:5m:42s left)
2460 LG           3854.152    0.003       214893at5125	0h:12m:5s (0h:5m:42s left)
2461 Dayhoff      1878.434    0.006       216908at5125	0h:12m:6s (0h:5m:41s left)
2462 JTT          1475.463    0.008       149845at5125	0h:12m:6s (0h:5m:41s left)
2463 JTTDCMut     2161.866    0.006       221985at5125	0h:12m:6s (0h:5m:41s left)
2464 cpREV        3191.456    0.004       215824at5125	0h:12m:6s (0h:5m:40s left)
2465 WAG          2929.005    0.004       216914at5125	0h:12m:6s (0h:5m:40s left)
2466 mtART+F      3541.008    0.003       151883at5125	0h:12m:6s (0h:5m:40s left)
2467 JTTDCMut     1416.662    0.008       216906at5125	0h:12m:6s (0h:5m:39s left)
2468 VT           5257.229    0.002       153258at5125	0h:12m:6s (0h:5m:39s left)
2469 JTT          1466.935    0.008       216887at5125	0h:12m:6s (0h:5m:38s left)
2470 FLU+F        3224.914    0.004       151854at5125	0h:12m:7s (0h:5m:38s left)
2471 JTT          4595.925    0.003       216843at5125	0h:12m:7s (0h:5m:38s left)
2472 JTTDCMut     2164.586    0.006       151350at5125	0h:12m:7s (0h:5m:37s left)
2473 mtZOA        2906.657    0.004       216810at5125	0h:12m:7s (0h:5m:37s left)
2474 rtREV        1226.318    0.015       218206at5125	0h:12m:7s (0h:5m:37s left)
2475 WAG          1161.751    0.010       220551at5125	0h:12m:7s (0h:5m:36s left)
2476 JTT          2916.402    0.004       148132at5125	0h:12m:7s (0h:5m:36s left)
2477 LG           1514.653    0.008       220592at5125	0h:12m:8s (0h:5m:36s left)
2478 mtVer+F      2470.963    0.005       147904at5125	0h:12m:8s (0h:5m:35s left)
2479 LG           2003.142    0.006       151132at5125	0h:12m:8s (0h:5m:35s left)
2480 LG           3644.748    0.003       148206at5125	0h:12m:8s (0h:5m:34s left)
2481 WAG          2772.490    0.004       148171at5125	0h:12m:8s (0h:5m:34s left)
2482 LG           2194.134    0.005       218153at5125	0h:12m:8s (0h:5m:34s left)
2483 cpREV        3676.854    0.003       216804at5125	0h:12m:9s (0h:5m:33s left)
2484 JTT          1917.035    0.006       221470at5125	0h:12m:9s (0h:5m:33s left)
2485 WAG          1963.129    0.006       151158at5125	0h:12m:9s (0h:5m:33s left)
2486 LG           988.237     0.012       215781at5125	0h:12m:9s (0h:5m:32s left)
2487 LG           1842.364    0.010       215043at5125	0h:12m:9s (0h:5m:32s left)
2488 cpREV        3704.412    0.003       220612at5125	0h:12m:9s (0h:5m:31s left)
2489 LG           3200.170    0.004       147729at5125	0h:12m:9s (0h:5m:31s left)
2490 VT           1055.754    0.011       221873at5125	0h:12m:10s (0h:5m:31s left)
2491 JTT          3347.883    0.004       43840at5125	0h:12m:10s (0h:5m:30s left)
2492 WAG          1492.704    0.012       203210at5125	0h:12m:10s (0h:5m:30s left)
2493 WAG          2253.162    0.005       203025at5125	0h:12m:10s (0h:5m:30s left)
2494 WAG+I        2754.166    0.008       49865at5125	0h:12m:10s (0h:5m:29s left)
2495 JTT          2482.910    0.005       202672at5125	0h:12m:10s (0h:5m:29s left)
2496 JTTDCMut     1494.206    0.013       44919at5125	0h:12m:11s (0h:5m:29s left)
2497 LG           1488.350    0.012       111974at5125	0h:12m:11s (0h:5m:28s left)
2498 WAG          2591.231    0.005       186273at5125	0h:12m:11s (0h:5m:28s left)
2499 VT           1676.124    0.010       172037at5125	0h:12m:11s (0h:5m:28s left)
2500 VT           3072.323    0.004       48049at5125	0h:12m:11s (0h:5m:27s left)
2501 HIVw+F       4327.823    0.004       201447at5125	0h:12m:11s (0h:5m:27s left)
2502 JTT          2235.254    0.005       171651at5125	0h:12m:12s (0h:5m:27s left)
2503 cpREV        5585.921    0.002       201436at5125	0h:12m:12s (0h:5m:26s left)
2504 WAG          1984.955    0.009       201323at5125	0h:12m:12s (0h:5m:26s left)
2505 WAG          825.322     0.015       48091at5125	0h:12m:12s (0h:5m:25s left)
2506 mtInv+F      3340.751    0.003       200782at5125	0h:12m:12s (0h:5m:25s left)
2507 WAG          2621.647    0.004       162504at5125	0h:12m:12s (0h:5m:25s left)
2508 HIVb         1977.394    0.006       112361at5125	0h:12m:12s (0h:5m:24s left)
2509 LG           1426.197    0.008       200612at5125	0h:12m:12s (0h:5m:24s left)
2510 JTT          2249.598    0.005       132519at5125	0h:12m:13s (0h:5m:24s left)
2511 PMB          1817.027    0.010       171648at5125	0h:12m:13s (0h:5m:23s left)
2512 WAG          2315.451    0.005       200235at5125	0h:12m:13s (0h:5m:23s left)
2513 VT           3084.465    0.004       113918at5125	0h:12m:13s (0h:5m:23s left)
2514 cpREV        3908.673    0.003       199593at5125	0h:12m:13s (0h:5m:22s left)
2515 WAG          7656.687    0.002       82110at5125	0h:12m:13s (0h:5m:22s left)
2516 VT           2833.096    0.004       164914at5125	0h:12m:13s (0h:5m:21s left)
2517 WAG          2724.824    0.004       56725at5125	0h:12m:13s (0h:5m:21s left)
2518 JTT          5027.951    0.002       58194at5125	0h:12m:14s (0h:5m:21s left)
2519 JTTDCMut     1840.443    0.006       165064at5125	0h:12m:14s (0h:5m:21s left)
2520 LG           2250.122    0.005       165014at5125	0h:12m:14s (0h:5m:20s left)
2521 VT           1551.786    0.012       184994at5125	0h:12m:14s (0h:5m:20s left)
2522 LG           2563.100    0.005       165144at5125	0h:12m:14s (0h:5m:19s left)
2523 cpREV        4561.029    0.002       110760at5125	0h:12m:15s (0h:5m:19s left)
2524 JTTDCMut     2794.332    0.004       32730at5125	0h:12m:15s (0h:5m:19s left)
2525 HIVb+I       1219.786    0.015       56866at5125	0h:12m:15s (0h:5m:18s left)
2526 WAG          3030.150    0.004       184393at5125	0h:12m:15s (0h:5m:18s left)
2527 cpREV        3423.063    0.004       33101at5125	0h:12m:15s (0h:5m:18s left)
2528 Blosum62     3371.685    0.003       33012at5125	0h:12m:15s (0h:5m:17s left)
2529 LG           5659.569    0.002       33840at5125	0h:12m:16s (0h:5m:17s left)
2530 JTT          2176.515    0.008       207372at5125	0h:12m:16s (0h:5m:17s left)
2531 VT           4865.903    0.002       161011at5125	0h:12m:16s (0h:5m:16s left)
2532 mtVer+F      4684.307    0.002       85714at5125	0h:12m:16s (0h:5m:16s left)
2533 LG           1092.473    0.016       206702at5125	0h:12m:16s (0h:5m:16s left)
2534 Blosum62     845.813     0.014       33926at5125	0h:12m:16s (0h:5m:15s left)
2535 mtVer+F      2073.602    0.008       206089at5125	0h:12m:16s (0h:5m:15s left)
2536 VT           2941.916    0.004       205972at5125	0h:12m:17s (0h:5m:15s left)
2537 VT           4487.469    0.003       172407at5125	0h:12m:17s (0h:5m:14s left)
2538 PMB          977.345     0.013       111141at5125	0h:12m:17s (0h:5m:14s left)
2539 JTT          2040.308    0.006       205257at5125	0h:12m:17s (0h:5m:14s left)
2540 JTT          1721.256    0.007       205087at5125	0h:12m:17s (0h:5m:13s left)
2541 VT           4769.316    0.002       172395at5125	0h:12m:17s (0h:5m:13s left)
2542 FLU          1791.230    0.007       205416at5125	0h:12m:17s (0h:5m:12s left)
2543 JTT          3293.686    0.004       142717at5125	0h:12m:18s (0h:5m:12s left)
2544 WAG          3133.906    0.004       40335at5125	0h:12m:18s (0h:5m:12s left)
2545 cpREV        2917.343    0.004       161951at5125	0h:12m:18s (0h:5m:12s left)
2546 JTT+I        1585.153    0.019       171431at5125	0h:12m:18s (0h:5m:11s left)
2547 FLU          1451.951    0.009       142605at5125	0h:12m:18s (0h:5m:11s left)
2548 JTT          3799.904    0.003       172393at5125	0h:12m:18s (0h:5m:10s left)
2549 HIVb+I       3641.837    0.005       40402at5125	0h:12m:19s (0h:5m:10s left)
2550 JTT          2452.469    0.005       41934at5125	0h:12m:19s (0h:5m:10s left)
2551 WAG          2107.809    0.005       172250at5125	0h:12m:19s (0h:5m:9s left)
2552 LG           1715.724    0.010       203716at5125	0h:12m:19s (0h:5m:9s left)
2553 JTT          1511.219    0.008       42080at5125	0h:12m:19s (0h:5m:9s left)
2554 JTT          6431.062    0.002       67240at5125	0h:12m:20s (0h:5m:8s left)
2555 JTT+I        2715.483    0.008       6957at5125	0h:12m:20s (0h:5m:8s left)
2556 LG           2084.427    0.006       188901at5125	0h:12m:20s (0h:5m:8s left)
2557 JTT          3493.170    0.003       123028at5125	0h:12m:20s (0h:5m:7s left)
2558 HIVb         1193.554    0.010       194652at5125	0h:12m:20s (0h:5m:7s left)
2559 WAG          2127.138    0.005       170594at5125	0h:12m:20s (0h:5m:7s left)
2560 cpREV        2029.273    0.006       68698at5125	0h:12m:20s (0h:5m:6s left)
2561 JTT          1984.222    0.006       77340at5125	0h:12m:21s (0h:5m:6s left)
2562 JTT          3567.056    0.003       194051at5125	0h:12m:21s (0h:5m:6s left)
2563 VT           1445.404    0.008       168384at5125	0h:12m:21s (0h:5m:5s left)
2564 mtZOA        1797.785    0.007       168442at5125	0h:12m:21s (0h:5m:5s left)
2565 VT           3129.160    0.004       168616at5125	0h:12m:21s (0h:5m:4s left)
2566 LG           6004.152    0.002       168621at5125	0h:12m:21s (0h:5m:4s left)
2567 mtART+F      6958.393    0.002       122476at5125	0h:12m:21s (0h:5m:4s left)
2568 WAG          3087.799    0.004       78454at5125	0h:12m:22s (0h:5m:4s left)
2569 VT           3610.976    0.003       168712at5125	0h:12m:22s (0h:5m:3s left)
2570 JTT          1595.252    0.007       121343at5125	0h:12m:22s (0h:5m:3s left)
2571 JTT          1711.909    0.007       192965at5125	0h:12m:22s (0h:5m:2s left)
2572 VT           2207.294    0.005       77032at5125	0h:12m:22s (0h:5m:2s left)
2573 WAG          3589.374    0.003       190296at5125	0h:12m:22s (0h:5m:2s left)
2574 VT           3693.396    0.003       71030at5125	0h:12m:22s (0h:5m:1s left)
2575 VT           2516.406    0.005       192256at5125	0h:12m:23s (0h:5m:1s left)
2576 JTT          1411.714    0.009       191986at5125	0h:12m:23s (0h:5m:1s left)
2577 WAG+I        1619.034    0.012       193407at5125	0h:12m:23s (0h:5m:0s left)
2578 JTT          2529.096    0.004       119486at5125	0h:12m:23s (0h:5m:0s left)
2579 JTT          1693.271    0.007       169629at5125	0h:12m:23s (0h:5m:0s left)
2580 mtMAM+F      3737.454    0.006       119185at5125	0h:12m:23s (0h:4m:59s left)
2581 JTT          2609.485    0.005       170037at5125	0h:12m:23s (0h:4m:59s left)
2582 JTT          5614.140    0.002       74829at5125	0h:12m:24s (0h:4m:59s left)
2583 JTT          3885.823    0.003       169723at5125	0h:12m:24s (0h:4m:58s left)
2584 LG           2446.657    0.005       196998at5125	0h:12m:24s (0h:4m:58s left)
2585 WAG          2660.378    0.004       190838at5125	0h:12m:24s (0h:4m:58s left)
2586 JTT          2450.622    0.005       198224at5125	0h:12m:24s (0h:4m:57s left)
2587 LG           3482.015    0.005       171324at5125	0h:12m:25s (0h:4m:57s left)
2588 LG           1652.209    0.007       165247at5125	0h:12m:25s (0h:4m:57s left)
2589 WAG          3243.504    0.004       60521at5125	0h:12m:25s (0h:4m:56s left)
2590 WAG          2410.166    0.005       60997at5125	0h:12m:25s (0h:4m:56s left)
2591 rtREV        827.188     0.014       198310at5125	0h:12m:25s (0h:4m:56s left)
2592 JTT          2074.905    0.008       115704at5125	0h:12m:25s (0h:4m:55s left)
2593 JTT          2907.698    0.004       171222at5125	0h:12m:25s (0h:4m:55s left)
2594 FLU          2738.267    0.004       165660at5125	0h:12m:25s (0h:4m:55s left)
2595 VT           1720.134    0.007       166238at5125	0h:12m:26s (0h:4m:54s left)
2596 WAG          1781.966    0.007       165878at5125	0h:12m:26s (0h:4m:54s left)
2597 WAG          4011.414    0.003       79488at5125	0h:12m:26s (0h:4m:53s left)
2598 JTTDCMut+I   5285.203    0.004       126981at5125	0h:12m:26s (0h:4m:53s left)
2599 LG           1235.639    0.010       63745at5125	0h:12m:26s (0h:4m:53s left)
2600 VT           2903.913    0.004       166245at5125	0h:12m:26s (0h:4m:52s left)
2601 VT           2575.177    0.005       166485at5125	0h:12m:26s (0h:4m:52s left)
2602 JTTDCMut+F   1447.602    0.012       206999at5125	0h:12m:27s (0h:4m:52s left)
2603 LG           1351.314    0.009       196943at5125	0h:12m:27s (0h:4m:51s left)
2604 LG           2840.503    0.004       170842at5125	0h:12m:27s (0h:4m:51s left)
2605 LG           1234.677    0.010       79423at5125	0h:12m:27s (0h:4m:51s left)
2606 JTT          2409.912    0.005       166766at5125	0h:12m:27s (0h:4m:50s left)
2607 VT           4508.615    0.003       170742at5125	0h:12m:27s (0h:4m:50s left)
2608 VT           3768.728    0.003       167197at5125	0h:12m:27s (0h:4m:50s left)
2609 JTT          4236.635    0.003       117310at5125	0h:12m:28s (0h:4m:49s left)
2610 PMB          2539.702    0.005       66128at5125	0h:12m:28s (0h:4m:49s left)
2611 cpREV        3315.306    0.004       66398at5125	0h:12m:28s (0h:4m:49s left)
2612 WAG          1741.246    0.007       66782at5125	0h:12m:28s (0h:4m:48s left)
2613 rtREV        1930.719    0.006       195203at5125	0h:12m:28s (0h:4m:48s left)
2614 JTT+I        1567.179    0.013       196387at5125	0h:12m:28s (0h:4m:48s left)
2615 JTT          1411.011    0.008       194997at5125	0h:12m:29s (0h:4m:47s left)
2616 JTT          3028.712    0.004       158013at5125	0h:12m:29s (0h:4m:47s left)
2617 LG           3044.598    0.004       213275at5125	0h:12m:29s (0h:4m:47s left)
2618 LG           4259.934    0.003       174795at5125	0h:12m:29s (0h:4m:46s left)
2619 JTT          2501.744    0.005       213269at5125	0h:12m:29s (0h:4m:46s left)
2620 WAG          3302.298    0.003       174745at5125	0h:12m:29s (0h:4m:46s left)
2621 WAG          2002.451    0.006       213089at5125	0h:12m:29s (0h:4m:45s left)
2622 LG           2402.973    0.005       213058at5125	0h:12m:30s (0h:4m:45s left)
2623 JTT          2889.739    0.006       145359at5125	0h:12m:30s (0h:4m:45s left)
2624 WAG          2012.606    0.006       157320at5125	0h:12m:30s (0h:4m:44s left)
2625 VT           3429.811    0.003       174062at5125	0h:12m:30s (0h:4m:44s left)
2626 LG           2347.112    0.005       178361at5125	0h:12m:30s (0h:4m:44s left)
2627 JTTDCMut     1410.353    0.008       212877at5125	0h:12m:30s (0h:4m:43s left)
2628 WAG          2732.270    0.004       212768at5125	0h:12m:31s (0h:4m:43s left)
2629 VT           2677.935    0.004       213279at5125	0h:12m:31s (0h:4m:43s left)
2630 JTT          1749.857    0.007       212741at5125	0h:12m:31s (0h:4m:43s left)
2631 JTT          2800.951    0.004       94683at5125	0h:12m:32s (0h:4m:42s left)
2632 JTT+I        2604.414    0.007       157510at5125	0h:12m:32s (0h:4m:42s left)
2633 mtZOA+I      1988.236    0.015       145156at5125	0h:12m:32s (0h:4m:41s left)
2634 LG           2408.709    0.005       212691at5125	0h:12m:32s (0h:4m:41s left)
2635 JTT+I        5927.482    0.004       95055at5125	0h:12m:32s (0h:4m:41s left)
2636 JTTDCMut     1248.157    0.010       212651at5125	0h:12m:32s (0h:4m:40s left)
2637 LG           1298.616    0.009       158308at5125	0h:12m:32s (0h:4m:40s left)
2638 LG           3010.404    0.004       173896at5125	0h:12m:33s (0h:4m:40s left)
2639 JTT          2357.481    0.005       178921at5125	0h:12m:33s (0h:4m:39s left)
2640 LG           1782.162    0.007       142866at5125	0h:12m:33s (0h:4m:39s left)
2641 JTTDCMut     2842.004    0.004       158495at5125	0h:12m:33s (0h:4m:39s left)
2642 JTTDCMut     2303.414    0.005       144726at5125	0h:12m:33s (0h:4m:39s left)
2643 rtREV        722.735     0.027       212495at5125	0h:12m:33s (0h:4m:38s left)
2644 JTTDCMut     2809.452    0.004       158676at5125	0h:12m:33s (0h:4m:38s left)
2645 LG           1995.863    0.006       144670at5125	0h:12m:33s (0h:4m:37s left)
2646 VT           1872.610    0.006       222763at5125	0h:12m:34s (0h:4m:37s left)
2647 WAG          2082.844    0.006       214347at5125	0h:12m:34s (0h:4m:37s left)
2648 WAG          2039.319    0.006       214292at5125	0h:12m:34s (0h:4m:36s left)
2649 LG           2085.117    0.006       214387at5125	0h:12m:34s (0h:4m:36s left)
2650 LG           2368.293    0.005       222441at5125	0h:12m:34s (0h:4m:36s left)
2651 LG           2402.355    0.005       155969at5125	0h:12m:34s (0h:4m:35s left)
2652 LG           4209.042    0.003       213979at5125	0h:12m:34s (0h:4m:35s left)
2653 VT           2092.291    0.006       101923at5125	0h:12m:35s (0h:4m:35s left)
2654 cpREV        1957.220    0.006       213920at5125	0h:12m:35s (0h:4m:34s left)
2655 HIVw+F       4207.077    0.003       175924at5125	0h:12m:35s (0h:4m:34s left)
2656 LG           1441.806    0.008       15613at5125	0h:12m:35s (0h:4m:34s left)
2657 LG           6835.646    0.002       10195at5125	0h:12m:35s (0h:4m:33s left)
2658 JTT          2400.638    0.007       222704at5125	0h:12m:35s (0h:4m:33s left)
2659 rtREV        1371.807    0.009       102376at5125	0h:12m:35s (0h:4m:33s left)
2660 VT           1179.189    0.010       156353at5125	0h:12m:36s (0h:4m:32s left)
2661 JTT          2855.785    0.004       173880at5125	0h:12m:36s (0h:4m:32s left)
2662 JTT          3744.977    0.003       97056at5125	0h:12m:36s (0h:4m:32s left)
2663 WAG          2764.050    0.004       177544at5125	0h:12m:36s (0h:4m:31s left)
2664 LG           4946.638    0.002       145765at5125	0h:12m:36s (0h:4m:31s left)
2665 JTT          1048.446    0.017       145724at5125	0h:12m:36s (0h:4m:31s left)
2666 VT           2850.999    0.004       156460at5125	0h:12m:37s (0h:4m:30s left)
2667 VT           1173.375    0.010       156493at5125	0h:12m:37s (0h:4m:30s left)
2668 PMB          2231.480    0.005       213609at5125	0h:12m:37s (0h:4m:30s left)
2669 JTT          1057.807    0.012       213644at5125	0h:12m:37s (0h:4m:29s left)
2670 LG           2863.254    0.004       213570at5125	0h:12m:37s (0h:4m:29s left)
2671 JTTDCMut     2796.109    0.004       213510at5125	0h:12m:37s (0h:4m:29s left)
2672 WAG          1970.694    0.006       213450at5125	0h:12m:37s (0h:4m:28s left)
2673 VT           4176.882    0.003       96764at5125	0h:12m:38s (0h:4m:28s left)
2674 LG           2951.318    0.004       143572at5125	0h:12m:38s (0h:4m:28s left)
2675 LG           1065.004    0.011       223114at5125	0h:12m:38s (0h:4m:27s left)
2676 JTT          4472.971    0.003       211780at5125	0h:12m:38s (0h:4m:27s left)
2677 LG           1658.802    0.011       108043at5125	0h:12m:38s (0h:4m:27s left)
2678 WAG          1088.826    0.011       143897at5125	0h:12m:38s (0h:4m:26s left)
2679 Dayhoff      1234.525    0.013       223707at5125	0h:12m:39s (0h:4m:26s left)
2680 JTT          1884.421    0.006       211743at5125	0h:12m:39s (0h:4m:26s left)
2681 VT           1178.122    0.020       180376at5125	0h:12m:39s (0h:4m:25s left)
2682 JTT          1369.458    0.009       226966at5125	0h:12m:39s (0h:4m:25s left)
2683 LG           1268.155    0.015       180530at5125	0h:12m:39s (0h:4m:25s left)
2684 LG           4498.688    0.003       159847at5125	0h:12m:39s (0h:4m:24s left)
2685 WAG          2729.100    0.004       143732at5125	0h:12m:39s (0h:4m:24s left)
2686 VT           3135.108    0.004       211374at5125	0h:12m:39s (0h:4m:24s left)
2687 VT           1128.432    0.016       160252at5125	0h:12m:39s (0h:4m:23s left)
2688 PMB          2049.225    0.006       211343at5125	0h:12m:40s (0h:4m:23s left)
2689 LG           1382.318    0.013       211716at5125	0h:12m:40s (0h:4m:23s left)
2690 cpREV        4545.326    0.003       23667at5125	0h:12m:40s (0h:4m:22s left)
2691 LG           6489.760    0.002       88833at5125	0h:12m:40s (0h:4m:22s left)
2692 cpREV        2232.283    0.006       29239at5125	0h:12m:40s (0h:4m:22s left)
2693 LG           1747.359    0.007       181220at5125	0h:12m:40s (0h:4m:21s left)
2694 cpREV        1641.016    0.007       25341at5125	0h:12m:40s (0h:4m:21s left)
2695 LG           2305.808    0.005       183061at5125	0h:12m:40s (0h:4m:21s left)
2696 VT           2990.456    0.004       87642at5125	0h:12m:41s (0h:4m:21s left)
2697 WAG          2159.963    0.005       110213at5125	0h:12m:41s (0h:4m:20s left)
2698 JTTDCMut     1433.859    0.008       142988at5125	0h:12m:41s (0h:4m:20s left)
2699 WAG          2922.817    0.004       172496at5125	0h:12m:41s (0h:4m:19s left)
2700 WAG+I        2918.768    0.007       29445at5125	0h:12m:42s (0h:4m:19s left)
2701 JTT+I        2343.547    0.008       109388at5125	0h:12m:42s (0h:4m:19s left)
2702 JTT          2199.249    0.005       144088at5125	0h:12m:42s (0h:4m:19s left)
2703 JTT          1445.153    0.008       110706at5125	0h:12m:42s (0h:4m:18s left)
2704 LG           3063.509    0.004       144522at5125	0h:12m:42s (0h:4m:18s left)
2705 mtMAM+F      1649.421    0.011       223898at5125	0h:12m:42s (0h:4m:18s left)
2706 HIVb+F       5243.380    0.003       179037at5125	0h:12m:43s (0h:4m:17s left)
2707 LG           3164.962    0.004       179153at5125	0h:12m:43s (0h:4m:17s left)
2708 JTT          4493.900    0.003       173688at5125	0h:12m:43s (0h:4m:17s left)
2709 VT           1402.277    0.008       211999at5125	0h:12m:43s (0h:4m:16s left)
2710 JTT          3764.492    0.002       159419at5125	0h:12m:43s (0h:4m:16s left)
2711 JTTDCMut     1608.527    0.007       91640at5125	0h:12m:43s (0h:4m:16s left)
2712 mtMAM+F      1464.228    0.020       224350at5125	0h:12m:44s (0h:4m:15s left)
2713 WAG          1387.831    0.008       211944at5125	0h:12m:44s (0h:4m:15s left)
2714 LG           3696.535    0.003       9118at5125	0h:12m:44s (0h:4m:15s left)
2715 WAG+I        1846.127    0.010       159413at5125	0h:12m:44s (0h:4m:14s left)
2716 JTT          2374.394    0.003       75182at5125	0h:12m:44s (0h:4m:14s left)
2717 VT           1732.436    0.007       88809at5125	0h:12m:44s (0h:4m:14s left)
2718 WAG          2390.922    0.002       148308at5125	0h:12m:44s (0h:4m:13s left)
2719 LG           2675.954    0.002       88795at5125	0h:12m:45s (0h:4m:13s left)
2720 JTT          2529.641    0.002       92520at5125	0h:12m:45s (0h:4m:13s left)
2721 JTT          1042.709    0.011       88773at5125	0h:12m:45s (0h:4m:12s left)
2722 JTT          3488.415    0.002       105939at5125	0h:12m:45s (0h:4m:12s left)
2723 mtREV        1077.550    0.006       76858at5125	0h:12m:45s (0h:4m:12s left)
2724 LG           1858.476    0.003       104742at5125	0h:12m:45s (0h:4m:11s left)
2725 LG           1400.458    0.004       83961at5125	0h:12m:45s (0h:4m:11s left)
2726 LG           2631.271    0.002       176741at5125	0h:12m:46s (0h:4m:11s left)
2727 cpREV        1806.633    0.003       99363at5125	0h:12m:46s (0h:4m:10s left)
2728 JTT          1217.603    0.014       114988at5125	0h:12m:46s (0h:4m:10s left)
2729 LG           2415.956    0.002       83939at5125	0h:12m:46s (0h:4m:10s left)
2730 LG           2428.884    0.002       93089at5125	0h:12m:46s (0h:4m:9s left)
2731 JTT          1782.284    0.003       99497at5125	0h:12m:46s (0h:4m:9s left)
2732 JTT          1365.217    0.009       110477at5125	0h:12m:47s (0h:4m:9s left)
2733 JTT          1355.607    0.004       95147at5125	0h:12m:47s (0h:4m:8s left)
2734 JTT          4421.684    0.001       79478at5125	0h:12m:47s (0h:4m:8s left)
2735 PMB          1317.552    0.004       7819at5125	0h:12m:47s (0h:4m:8s left)
2736 LG           3383.172    0.002       90167at5125	0h:12m:47s (0h:4m:8s left)
2737 VT           2468.013    0.005       107275at5125	0h:12m:47s (0h:4m:7s left)
2738 LG           1788.207    0.003       220234at5125	0h:12m:47s (0h:4m:7s left)
2739 rtREV        1328.526    0.009       148661at5125	0h:12m:47s (0h:4m:7s left)
2740 WAG          814.098     0.007       111472at5125	0h:12m:48s (0h:4m:6s left)
2741 WAG          3233.178    0.003       96359at5125	0h:12m:48s (0h:4m:6s left)
2742 JTT          1674.694    0.003       89075at5125	0h:12m:48s (0h:4m:6s left)
2743 JTT          3353.645    0.002       105776at5125	0h:12m:48s (0h:4m:5s left)
2744 LG           2778.344    0.002       91178at5125	0h:12m:48s (0h:4m:5s left)
2745 mtZOA        1042.873    0.011       80840at5125	0h:12m:48s (0h:4m:5s left)
2746 LG           2573.083    0.002       91191at5125	0h:12m:48s (0h:4m:4s left)
2747 JTTDCMut     3930.489    0.001       96869at5125	0h:12m:49s (0h:4m:4s left)
2748 LG           1964.872    0.006       118152at5125	0h:12m:49s (0h:4m:4s left)
2749 LG           2715.176    0.002       88977at5125	0h:12m:49s (0h:4m:3s left)
2750 LG           4260.590    0.001       148595at5125	0h:12m:49s (0h:4m:3s left)
2751 VT           1794.461    0.003       220034at5125	0h:12m:49s (0h:4m:3s left)
2752 JTT          1911.129    0.003       115096at5125	0h:12m:49s (0h:4m:2s left)
2753 VT           1202.019    0.005       144046at5125	0h:12m:50s (0h:4m:2s left)
2754 JTT          1544.405    0.004       146838at5125	0h:12m:50s (0h:4m:2s left)
2755 JTT          943.024     0.006       106967at5125	0h:12m:50s (0h:4m:1s left)
2756 Dayhoff      1385.329    0.004       223534at5125	0h:12m:50s (0h:4m:1s left)
2757 JTTDCMut     709.742     0.008       95990at5125	0h:12m:50s (0h:4m:1s left)
2758 LG           2042.596    0.003       144313at5125	0h:12m:51s (0h:4m:1s left)
2759 VT           3936.071    0.001       144360at5125	0h:12m:51s (0h:4m:0s left)
2760 WAG          1567.624    0.004       224052at5125	0h:12m:51s (0h:4m:0s left)
2761 LG           2747.505    0.002       144186at5125	0h:12m:51s (0h:4m:0s left)
2762 cpREV+F      2266.041    0.005       224080at5125	0h:12m:51s (0h:3m:59s left)
2763 cpREV+I      1457.454    0.011       223622at5125	0h:12m:51s (0h:3m:59s left)
2764 VT           2688.327    0.002       144097at5125	0h:12m:51s (0h:3m:59s left)
2765 VT           5155.763    0.001       146904at5125	0h:12m:52s (0h:3m:58s left)
2766 WAG          2586.196    0.002       221582at5125	0h:12m:52s (0h:3m:58s left)
2767 mtMAM+F      2375.376    0.005       224443at5125	0h:12m:52s (0h:3m:58s left)
2768 JTT          1060.565    0.006       144840at5125	0h:12m:52s (0h:3m:57s left)
2769 JTT          2259.606    0.003       143800at5125	0h:12m:52s (0h:3m:57s left)
2770 HIVb         2732.821    0.002       143788at5125	0h:12m:52s (0h:3m:57s left)
2771 LG           1673.600    0.003       227050at5125	0h:12m:53s (0h:3m:56s left)
2772 LG           556.808     0.033       224422at5125	0h:12m:53s (0h:3m:56s left)
2773 JTTDCMut     3796.811    0.002       143650at5125	0h:12m:53s (0h:3m:56s left)
2774 LG           1569.546    0.008       221516at5125	0h:12m:53s (0h:3m:55s left)
2775 rtREV        951.797     0.006       143569at5125	0h:12m:53s (0h:3m:55s left)
2776 LG           2305.710    0.003       28608at5125	0h:12m:53s (0h:3m:55s left)
2777 cpREV        3974.234    0.002       2860at5125	0h:12m:53s (0h:3m:54s left)
2778 JTT          2336.463    0.003       221369at5125	0h:12m:54s (0h:3m:54s left)
2779 WAG          4548.068    0.001       143328at5125	0h:12m:54s (0h:3m:54s left)
2780 mtZOA        1241.408    0.010       221361at5125	0h:12m:54s (0h:3m:53s left)
2781 cpREV        1290.714    0.010       145990at5125	0h:12m:54s (0h:3m:53s left)
2782 VT           1013.481    0.012       221345at5125	0h:12m:54s (0h:3m:53s left)
2783 LG           1283.678    0.005       223115at5125	0h:12m:54s (0h:3m:53s left)
2784 LG           3942.201    0.001       146193at5125	0h:12m:55s (0h:3m:52s left)
2785 mtZOA        1159.321    0.010       222663at5125	0h:12m:55s (0h:3m:52s left)
2786 LG           1409.574    0.009       222646at5125	0h:12m:55s (0h:3m:52s left)
2787 WAG          2359.621    0.002       146195at5125	0h:12m:55s (0h:3m:51s left)
2788 WAG          2270.793    0.003       22269at5125	0h:12m:55s (0h:3m:51s left)
2789 LG           5490.931    0.001       145777at5125	0h:12m:55s (0h:3m:51s left)
2790 LG           3016.638    0.002       222280at5125	0h:12m:55s (0h:3m:50s left)
2791 WAG          1632.249    0.003       222198at5125	0h:12m:56s (0h:3m:50s left)
2792 JTT          1525.001    0.004       145686at5125	0h:12m:56s (0h:3m:50s left)
2793 PMB          2207.068    0.003       145586at5125	0h:12m:56s (0h:3m:49s left)
2794 LG           1174.699    0.005       222003at5125	0h:12m:56s (0h:3m:49s left)
2795 Blosum62     1669.021    0.004       143279at5125	0h:12m:56s (0h:3m:49s left)
2796 cpREV        2385.503    0.002       223181at5125	0h:12m:56s (0h:3m:48s left)
2797 LG           1606.103    0.004       221953at5125	0h:12m:56s (0h:3m:48s left)
2798 LG           1538.606    0.011       145275at5125	0h:12m:56s (0h:3m:48s left)
2799 WAG          2630.616    0.002       221913at5125	0h:12m:57s (0h:3m:47s left)
2800 FLU          1506.626    0.004       146609at5125	0h:12m:57s (0h:3m:47s left)
2801 LG           1165.466    0.015       223242at5125	0h:12m:57s (0h:3m:47s left)
2802 JTT          2444.262    0.005       221813at5125	0h:12m:57s (0h:3m:47s left)
2803 HIVb         1741.588    0.004       144922at5125	0h:12m:57s (0h:3m:46s left)
2804 LG           3242.033    0.002       144920at5125	0h:12m:57s (0h:3m:46s left)
2805 WAG          2126.852    0.003       144864at5125	0h:12m:57s (0h:3m:46s left)
2806 cpREV        1647.581    0.004       146797at5125	0h:12m:58s (0h:3m:45s left)
2807 WAG          1488.775    0.008       223509at5125	0h:12m:58s (0h:3m:45s left)
2808 cpREV        1039.671    0.006       6563at5125	0h:12m:58s (0h:3m:45s left)
2809 LG           1292.270    0.009       130113at5125	0h:12m:58s (0h:3m:44s left)
2810 JTT          3337.028    0.002       58559at5125	0h:12m:58s (0h:3m:44s left)
2811 JTT          1533.992    0.008       128629at5125	0h:12m:58s (0h:3m:44s left)
2812 JTT          903.065     0.006       220724at5125	0h:12m:58s (0h:3m:43s left)
2813 VT           3865.110    0.002       61376at5125	0h:12m:59s (0h:3m:43s left)
2814 JTTDCMut     993.408     0.012       61402at5125	0h:12m:59s (0h:3m:43s left)
2815 VT           1290.742    0.009       147780at5125	0h:12m:59s (0h:3m:42s left)
2816 cpREV        2692.539    0.002       63761at5125	0h:12m:59s (0h:3m:42s left)
2817 FLU          1593.190    0.007       125236at5125	0h:12m:59s (0h:3m:42s left)
2818 VT           858.139     0.027       220646at5125	0h:12m:59s (0h:3m:41s left)
2819 cpREV        1698.455    0.003       65121at5125	0h:13m:0s (0h:3m:41s left)
2820 HIVb+F       3012.730    0.004       132232at5125	0h:13m:0s (0h:3m:41s left)
2821 cpREV        1302.126    0.004       124050at5125	0h:13m:0s (0h:3m:41s left)
2822 JTT          1418.579    0.004       123445at5125	0h:13m:0s (0h:3m:40s left)
2823 HIVb         1164.879    0.010       122783at5125	0h:13m:0s (0h:3m:40s left)
2824 WAG          708.803     0.017       124784at5125	0h:13m:1s (0h:3m:40s left)
2825 WAG          2034.251    0.003       220419at5125	0h:13m:1s (0h:3m:39s left)
2826 LG           1511.643    0.008       122746at5125	0h:13m:1s (0h:3m:39s left)
2827 VT           2944.845    0.002       68913at5125	0h:13m:1s (0h:3m:39s left)
2828 LG           1704.171    0.007       69044at5125	0h:13m:1s (0h:3m:38s left)
2829 WAG          1597.322    0.004       70218at5125	0h:13m:1s (0h:3m:38s left)
2830 PMB          3357.815    0.002       119667at5125	0h:13m:2s (0h:3m:38s left)
2831 JTT          1280.682    0.005       73781at5125	0h:13m:2s (0h:3m:37s left)
2832 Blosum62     1932.677    0.003       3927at5125	0h:13m:2s (0h:3m:37s left)
2833 cpREV        743.431     0.009       70457at5125	0h:13m:2s (0h:3m:37s left)
2834 cpREV+I      3164.662    0.004       70797at5125	0h:13m:2s (0h:3m:37s left)
2835 LG           7444.803    0.001       31619at5125	0h:13m:2s (0h:3m:36s left)
2836 LG           1808.690    0.003       143113at5125	0h:13m:3s (0h:3m:36s left)
2837 FLU          2363.184    0.003       142896at5125	0h:13m:3s (0h:3m:36s left)
2838 JTT          568.861     0.010       143133at5125	0h:13m:3s (0h:3m:35s left)
2839 JTT          2692.887    0.002       221315at5125	0h:13m:3s (0h:3m:35s left)
2840 LG           2127.398    0.003       32748at5125	0h:13m:4s (0h:3m:35s left)
2841 VT           1011.018    0.006       33953at5125	0h:13m:4s (0h:3m:35s left)
2842 JTT          3111.186    0.002       34096at5125	0h:13m:4s (0h:3m:34s left)
2843 LG           2191.927    0.003       35570at5125	0h:13m:4s (0h:3m:34s left)
2844 FLU          1678.678    0.004       35630at5125	0h:13m:4s (0h:3m:34s left)
2845 VT           1436.760    0.004       147312at5125	0h:13m:4s (0h:3m:33s left)
2846 JTT          1568.560    0.004       142744at5125	0h:13m:5s (0h:3m:33s left)
2847 JTT          3768.373    0.002       41551at5125	0h:13m:5s (0h:3m:33s left)
2848 LG           3100.826    0.002       220356at5125	0h:13m:5s (0h:3m:32s left)
2849 JTTDCMut     1173.317    0.010       147491at5125	0h:13m:5s (0h:3m:32s left)
2850 WAG          4928.245    0.001       44326at5125	0h:13m:5s (0h:3m:32s left)
2851 LG           2037.515    0.003       42205at5125	0h:13m:5s (0h:3m:31s left)
2852 WAG          1365.519    0.004       136151at5125	0h:13m:5s (0h:3m:31s left)
2853 LG           3598.382    0.002       45760at5125	0h:13m:6s (0h:3m:31s left)
2854 LG           1182.918    0.005       45902at5125	0h:13m:6s (0h:3m:31s left)
2855 JTTDCMut     1095.522    0.006       481at5125	0h:13m:6s (0h:3m:30s left)
2856 rtREV+F      2942.037    0.002       134459at5125	0h:13m:6s (0h:3m:30s left)
2857 JTTDCMut     2444.661    0.002       50750at5125	0h:13m:6s (0h:3m:30s left)
2858 cpREV        1408.778    0.009       52787at5125	0h:13m:6s (0h:3m:29s left)
2859 VT           2751.058    0.002       207356at5125	0h:13m:7s (0h:3m:29s left)
2860 JTT          834.036     0.014       220823at5125	0h:13m:7s (0h:3m:29s left)
2861 JTTDCMut     1089.317    0.006       210978at5125	0h:13m:7s (0h:3m:28s left)
2862 JTT          1700.451    0.004       211046at5125	0h:13m:7s (0h:3m:28s left)
2863 Blosum62     597.763     0.010       210958at5125	0h:13m:7s (0h:3m:28s left)
2864 Dayhoff      756.008     0.008       211361at5125	0h:13m:7s (0h:3m:27s left)
2865 LG           1852.758    0.003       211074at5125	0h:13m:7s (0h:3m:27s left)
2866 JTT          2578.379    0.002       160363at5125	0h:13m:8s (0h:3m:27s left)
2867 JTT          1379.004    0.004       211148at5125	0h:13m:8s (0h:3m:27s left)
2868 LG           2638.113    0.002       211269at5125	0h:13m:8s (0h:3m:26s left)
2869 JTT          7213.070    0.001       211319at5125	0h:13m:8s (0h:3m:26s left)
2870 JTT          2118.511    0.003       160288at5125	0h:13m:8s (0h:3m:26s left)
2871 VT           6041.508    0.001       160886at5125	0h:13m:8s (0h:3m:25s left)
2872 LG           1391.863    0.004       211367at5125	0h:13m:8s (0h:3m:25s left)
2873 JTT          3375.990    0.002       159775at5125	0h:13m:9s (0h:3m:25s left)
2874 JTTDCMut     1228.490    0.005       211636at5125	0h:13m:9s (0h:3m:24s left)
2875 LG           1481.325    0.004       159725at5125	0h:13m:9s (0h:3m:24s left)
2876 LG           5721.487    0.001       159659at5125	0h:13m:9s (0h:3m:24s left)
2877 JTT          1261.295    0.005       211711at5125	0h:13m:9s (0h:3m:23s left)
2878 LG           6450.916    0.001       211785at5125	0h:13m:9s (0h:3m:23s left)
2879 WAG          3226.974    0.002       212007at5125	0h:13m:10s (0h:3m:23s left)
2880 JTT          1687.905    0.003       211801at5125	0h:13m:10s (0h:3m:23s left)
2881 LG           2448.002    0.002       163311at5125	0h:13m:10s (0h:3m:22s left)
2882 HIVb         755.876     0.016       211747at5125	0h:13m:10s (0h:3m:22s left)
2883 WAG          2218.036    0.003       164929at5125	0h:13m:10s (0h:3m:22s left)
2884 LG           1265.109    0.005       164921at5125	0h:13m:10s (0h:3m:21s left)
2885 WAG          1507.574    0.004       199456at5125	0h:13m:10s (0h:3m:21s left)
2886 LG           7016.610    0.001       164715at5125	0h:13m:11s (0h:3m:21s left)
2887 mtZOA        995.400     0.007       200559at5125	0h:13m:11s (0h:3m:20s left)
2888 JTT          2869.048    0.002       163848at5125	0h:13m:11s (0h:3m:20s left)
2889 JTT          1932.127    0.003       20148at5125	0h:13m:11s (0h:3m:20s left)
2890 JTT          1728.120    0.010       202087at5125	0h:13m:11s (0h:3m:20s left)
2891 cpREV        1232.845    0.005       202256at5125	0h:13m:12s (0h:3m:19s left)
2892 LG+I         2104.500    0.009       200142at5125	0h:13m:12s (0h:3m:19s left)
2893 cpREV        1506.328    0.004       202461at5125	0h:13m:12s (0h:3m:19s left)
2894 WAG+I        2707.987    0.004       159129at5125	0h:13m:12s (0h:3m:18s left)
2895 LG           2823.637    0.002       163085at5125	0h:13m:12s (0h:3m:18s left)
2896 cpREV        1400.993    0.004       162488at5125	0h:13m:13s (0h:3m:18s left)
2897 LG           4372.592    0.001       162501at5125	0h:13m:13s (0h:3m:17s left)
2898 LG           3290.411    0.002       162075at5125	0h:13m:13s (0h:3m:17s left)
2899 JTT          1672.171    0.003       204685at5125	0h:13m:13s (0h:3m:17s left)
2900 cpREV        3138.120    0.002       205640at5125	0h:13m:13s (0h:3m:17s left)
2901 WAG+I        938.271     0.022       163535at5125	0h:13m:13s (0h:3m:16s left)
2902 rtREV        2241.617    0.003       205981at5125	0h:13m:13s (0h:3m:16s left)
2903 WAG          3142.864    0.002       161002at5125	0h:13m:14s (0h:3m:16s left)
2904 PMB          2910.438    0.002       214095at5125	0h:13m:14s (0h:3m:15s left)
2905 WAG          1711.816    0.003       213782at5125	0h:13m:14s (0h:3m:15s left)
2906 JTT          1486.211    0.008       213803at5125	0h:13m:14s (0h:3m:15s left)
2907 LG           1864.340    0.003       213773at5125	0h:13m:14s (0h:3m:14s left)
2908 WAG+I        2650.902    0.007       155853at5125	0h:13m:14s (0h:3m:14s left)
2909 LG           3209.276    0.002       156063at5125	0h:13m:14s (0h:3m:14s left)
2910 cpREV        3311.156    0.002       155998at5125	0h:13m:14s (0h:3m:13s left)
2911 cpREV        1069.479    0.006       156142at5125	0h:13m:14s (0h:3m:13s left)
2912 WAG          2876.719    0.002       214040at5125	0h:13m:15s (0h:3m:13s left)
2913 WAG          1612.819    0.004       214073at5125	0h:13m:15s (0h:3m:13s left)
2914 LG           2799.370    0.002       156446at5125	0h:13m:15s (0h:3m:12s left)
2915 rtREV        1001.372    0.006       155745at5125	0h:13m:15s (0h:3m:12s left)
2916 WAG          1261.986    0.005       155744at5125	0h:13m:15s (0h:3m:12s left)
2917 Dayhoff      1087.272    0.005       214081at5125	0h:13m:15s (0h:3m:11s left)
2918 VT           1318.200    0.004       214463at5125	0h:13m:16s (0h:3m:11s left)
2919 WAG          1664.438    0.004       155349at5125	0h:13m:16s (0h:3m:11s left)
2920 WAG          1299.450    0.004       214580at5125	0h:13m:16s (0h:3m:11s left)
2921 PMB          3437.858    0.002       155115at5125	0h:13m:16s (0h:3m:10s left)
2922 LG           1149.130    0.005       155084at5125	0h:13m:16s (0h:3m:10s left)
2923 LG           886.644     0.007       155446at5125	0h:13m:16s (0h:3m:10s left)
2924 JTT          1990.815    0.003       214983at5125	0h:13m:17s (0h:3m:9s left)
2925 WAG          2322.051    0.002       214991at5125	0h:13m:17s (0h:3m:9s left)
2926 JTT          4051.456    0.001       158755at5125	0h:13m:17s (0h:3m:9s left)
2927 Blosum62     5159.741    0.001       212285at5125	0h:13m:17s (0h:3m:8s left)
2928 JTT          1714.389    0.003       157356at5125	0h:13m:17s (0h:3m:8s left)
2929 JTT          2601.649    0.002       212341at5125	0h:13m:18s (0h:3m:8s left)
2930 WAG          3235.595    0.002       158696at5125	0h:13m:18s (0h:3m:7s left)
2931 JTT          2846.340    0.002       212534at5125	0h:13m:18s (0h:3m:7s left)
2932 PMB          1086.799    0.005       212574at5125	0h:13m:18s (0h:3m:7s left)
2933 LG           828.730     0.016       212277at5125	0h:13m:18s (0h:3m:7s left)
2934 LG           883.525     0.007       212406at5125	0h:13m:18s (0h:3m:6s left)
2935 rtREV        1903.374    0.003       158150at5125	0h:13m:18s (0h:3m:6s left)
2936 JTT          2946.278    0.002       157662at5125	0h:13m:19s (0h:3m:6s left)
2937 LG           2724.770    0.002       164952at5125	0h:13m:19s (0h:3m:5s left)
2938 JTTDCMut     968.075     0.006       157343at5125	0h:13m:19s (0h:3m:5s left)
2939 HIVb         1663.181    0.003       212965at5125	0h:13m:19s (0h:3m:5s left)
2940 LG           1552.920    0.004       157308at5125	0h:13m:19s (0h:3m:4s left)
2941 JTT          3601.963    0.002       157214at5125	0h:13m:19s (0h:3m:4s left)
2942 JTT          3570.669    0.002       157088at5125	0h:13m:20s (0h:3m:4s left)
2943 JTT          1455.328    0.004       213546at5125	0h:13m:20s (0h:3m:4s left)
2944 LG           2208.046    0.003       186777at5125	0h:13m:20s (0h:3m:3s left)
2945 LG           656.377     0.009       157168at5125	0h:13m:20s (0h:3m:3s left)
2946 JTTDCMut+I   2014.384    0.007       156448at5125	0h:13m:21s (0h:3m:3s left)
2947 JTT          3173.017    0.002       183782at5125	0h:13m:21s (0h:3m:2s left)
2948 Dayhoff      983.338     0.010       180553at5125	0h:13m:21s (0h:3m:2s left)
2949 JTT          1610.639    0.004       183897at5125	0h:13m:21s (0h:3m:2s left)
2950 WAG          2075.119    0.003       184229at5125	0h:13m:21s (0h:3m:2s left)
2951 LG           2280.550    0.003       184476at5125	0h:13m:21s (0h:3m:1s left)
2952 LG           1906.135    0.003       172371at5125	0h:13m:22s (0h:3m:1s left)
2953 JTTDCMut     2459.479    0.002       185410at5125	0h:13m:22s (0h:3m:1s left)
2954 JTT          1775.082    0.003       185583at5125	0h:13m:22s (0h:3m:0s left)
2955 WAG+I        1404.724    0.009       212986at5125	0h:13m:22s (0h:3m:0s left)
2956 JTT          2478.315    0.002       185840at5125	0h:13m:22s (0h:3m:0s left)
2957 JTT          2389.738    0.002       172219at5125	0h:13m:22s (0h:3m:0s left)
2958 HIVb+F       3203.402    0.002       172757at5125	0h:13m:22s (0h:2m:59s left)
2959 LG           3316.312    0.002       187359at5125	0h:13m:23s (0h:2m:59s left)
2960 LG           1324.882    0.009       187461at5125	0h:13m:23s (0h:2m:59s left)
2961 WAG          1626.892    0.004       187533at5125	0h:13m:23s (0h:2m:58s left)
2962 JTT+I        2225.774    0.007       186956at5125	0h:13m:23s (0h:2m:58s left)
2963 cpREV        3506.222    0.002       171267at5125	0h:13m:23s (0h:2m:58s left)
2964 LG+I         2088.194    0.006       171538at5125	0h:13m:23s (0h:2m:57s left)
2965 HIVb         1092.898    0.005       171217at5125	0h:13m:24s (0h:2m:57s left)
2966 VT           2849.388    0.002       188140at5125	0h:13m:24s (0h:2m:57s left)
2967 LG           1394.510    0.004       188143at5125	0h:13m:24s (0h:2m:57s left)
2968 LG           892.384     0.013       173992at5125	0h:13m:24s (0h:2m:56s left)
2969 mtZOA        2538.158    0.002       17680at5125	0h:13m:24s (0h:2m:56s left)
2970 PMB          1289.900    0.009       176172at5125	0h:13m:24s (0h:2m:56s left)
2971 LG           561.638     0.034       188033at5125	0h:13m:25s (0h:2m:55s left)
2972 WAG          2014.695    0.003       175785at5125	0h:13m:25s (0h:2m:55s left)
2973 WAG          2532.777    0.002       175414at5125	0h:13m:25s (0h:2m:55s left)
2974 VT           2793.816    0.002       175136at5125	0h:13m:25s (0h:2m:54s left)
2975 HIVb+F       3079.389    0.004       175088at5125	0h:13m:25s (0h:2m:54s left)
2976 mtZOA        1636.100    0.004       174806at5125	0h:13m:25s (0h:2m:54s left)
2977 mtMet+F      5998.515    0.001       178012at5125	0h:13m:25s (0h:2m:54s left)
2978 cpREV        1369.670    0.009       177945at5125	0h:13m:25s (0h:2m:53s left)
2979 JTT          1106.980    0.005       178097at5125	0h:13m:26s (0h:2m:53s left)
2980 mtVer+F      3100.995    0.004       173794at5125	0h:13m:26s (0h:2m:53s left)
2981 LG           2133.559    0.003       188183at5125	0h:13m:26s (0h:2m:52s left)
2982 JTT          1417.206    0.004       179174at5125	0h:13m:26s (0h:2m:52s left)
2983 JTT          2075.022    0.003       179223at5125	0h:13m:26s (0h:2m:52s left)
2984 LG           1249.539    0.005       173461at5125	0h:13m:26s (0h:2m:51s left)
2985 JTT          1273.033    0.013       179587at5125	0h:13m:26s (0h:2m:51s left)
2986 VT           1196.074    0.010       179628at5125	0h:13m:27s (0h:2m:51s left)
2987 Dayhoff      1507.004    0.004       180082at5125	0h:13m:27s (0h:2m:51s left)
2988 HIVw+F       2218.494    0.005       179888at5125	0h:13m:27s (0h:2m:50s left)
2989 LG           1804.665    0.003       180124at5125	0h:13m:27s (0h:2m:50s left)
2990 LG           1570.376    0.008       179756at5125	0h:13m:27s (0h:2m:50s left)
2991 WAG          2430.907    0.002       166248at5125	0h:13m:27s (0h:2m:49s left)
2992 JTT          3110.750    0.002       167715at5125	0h:13m:27s (0h:2m:49s left)
2993 WAG          1841.151    0.003       195281at5125	0h:13m:28s (0h:2m:49s left)
2994 WAG          2258.116    0.003       167438at5125	0h:13m:28s (0h:2m:49s left)
2995 JTT          3745.624    0.003       167423at5125	0h:13m:28s (0h:2m:48s left)
2996 JTT          4133.720    0.001       167635at5125	0h:13m:28s (0h:2m:48s left)
2997 LG           2027.241    0.003       167343at5125	0h:13m:28s (0h:2m:48s left)
2998 rtREV        1286.782    0.005       194740at5125	0h:13m:29s (0h:2m:47s left)
2999 WAG          2031.663    0.003       196389at5125	0h:13m:29s (0h:2m:47s left)
3000 VT           1445.594    0.004       166549at5125	0h:13m:29s (0h:2m:47s left)
3001 VT           748.464     0.008       166761at5125	0h:13m:29s (0h:2m:47s left)
3002 HIVb+I       2288.072    0.006       197178at5125	0h:13m:29s (0h:2m:46s left)
3003 LG           6959.763    0.001       197398at5125	0h:13m:30s (0h:2m:46s left)
3004 LG+I         813.855     0.040       195627at5125	0h:13m:30s (0h:2m:46s left)
3005 JTT          2782.309    0.002       197462at5125	0h:13m:30s (0h:2m:45s left)
3006 VT           3156.382    0.002       165698at5125	0h:13m:30s (0h:2m:45s left)
3007 JTT          2806.760    0.002       165595at5125	0h:13m:30s (0h:2m:45s left)
3008 VT           2146.146    0.005       165246at5125	0h:13m:31s (0h:2m:45s left)
3009 HIVw+F       2478.143    0.002       198159at5125	0h:13m:31s (0h:2m:44s left)
3010 HIVb         1856.552    0.003       198788at5125	0h:13m:31s (0h:2m:44s left)
3011 LG+I         1039.523    0.036       165862at5125	0h:13m:31s (0h:2m:44s left)
3012 WAG          2078.354    0.003       191183at5125	0h:13m:31s (0h:2m:43s left)
3013 Dayhoff      574.174     0.023       197746at5125	0h:13m:31s (0h:2m:43s left)
3014 cpREV        2026.821    0.003       170704at5125	0h:13m:31s (0h:2m:43s left)
3015 JTT          2034.667    0.003       170683at5125	0h:13m:32s (0h:2m:42s left)
3016 LG           3361.691    0.002       188763at5125	0h:13m:32s (0h:2m:42s left)
3017 JTTDCMut     1682.924    0.007       188926at5125	0h:13m:32s (0h:2m:42s left)
3018 JTT          4592.954    0.001       170297at5125	0h:13m:32s (0h:2m:42s left)
3019 LG           5266.083    0.001       170211at5125	0h:13m:32s (0h:2m:41s left)
3020 WAG          2259.416    0.003       189660at5125	0h:13m:32s (0h:2m:41s left)
3021 LG           1800.270    0.003       189770at5125	0h:13m:32s (0h:2m:41s left)
3022 JTT          1221.163    0.005       190395at5125	0h:13m:33s (0h:2m:40s left)
3023 VT           1331.386    0.004       170147at5125	0h:13m:33s (0h:2m:40s left)
3024 VT           3861.347    0.003       148896at5125	0h:13m:33s (0h:2m:40s left)
3025 WAG          1587.513    0.004       169685at5125	0h:13m:33s (0h:2m:40s left)
3026 LG           5362.248    0.001       191249at5125	0h:13m:33s (0h:2m:39s left)
3027 WAG          1596.793    0.003       169475at5125	0h:13m:33s (0h:2m:39s left)
3028 LG           2189.614    0.003       191962at5125	0h:13m:34s (0h:2m:39s left)
3029 JTTDCMut     1545.779    0.004       169465at5125	0h:13m:34s (0h:2m:38s left)
3030 PMB          1175.240    0.005       194254at5125	0h:13m:34s (0h:2m:38s left)
3031 WAG          1796.882    0.003       168254at5125	0h:13m:34s (0h:2m:38s left)
3032 WAG          2145.857    0.003       194467at5125	0h:13m:34s (0h:2m:37s left)
3033 LG           8724.952    0.001       167802at5125	0h:13m:34s (0h:2m:37s left)
3034 JTT          3055.503    0.002       149483at5125	0h:13m:35s (0h:2m:37s left)
3035 LG           912.733     0.013       150159at5125	0h:13m:35s (0h:2m:37s left)
3036 LG           3466.747    0.002       216020at5125	0h:13m:35s (0h:2m:36s left)
3037 cpREV        1737.819    0.004       150120at5125	0h:13m:35s (0h:2m:36s left)
3038 JTT          1471.996    0.004       218137at5125	0h:13m:35s (0h:2m:36s left)
3039 LG           3597.433    0.002       150004at5125	0h:13m:35s (0h:2m:35s left)
3040 VT           1976.883    0.003       215967at5125	0h:13m:35s (0h:2m:35s left)
3041 cpREV        1625.944    0.004       149885at5125	0h:13m:35s (0h:2m:35s left)
3042 cpREV        2633.680    0.002       215928at5125	0h:13m:36s (0h:2m:35s left)
3043 LG           3148.447    0.002       215839at5125	0h:13m:36s (0h:2m:34s left)
3044 VT           1186.079    0.005       14979at5125	0h:13m:36s (0h:2m:34s left)
3045 LG           1480.886    0.004       149785at5125	0h:13m:36s (0h:2m:34s left)
3046 JTTDCMut     5494.894    0.001       149675at5125	0h:13m:36s (0h:2m:33s left)
3047 cpREV        3200.231    0.002       149338at5125	0h:13m:36s (0h:2m:33s left)
3048 LG           1247.939    0.005       150187at5125	0h:13m:36s (0h:2m:33s left)
3049 cpREV        2359.611    0.003       218664at5125	0h:13m:36s (0h:2m:32s left)
3050 JTTDCMut     1932.886    0.003       215722at5125	0h:13m:37s (0h:2m:32s left)
3051 LG           1899.069    0.003       215768at5125	0h:13m:37s (0h:2m:32s left)
3052 cpREV        2762.377    0.002       218895at5125	0h:13m:37s (0h:2m:32s left)
3053 LG           1748.006    0.003       149125at5125	0h:13m:37s (0h:2m:31s left)
3054 JTT          2727.213    0.002       149142at5125	0h:13m:37s (0h:2m:31s left)
3055 LG           774.330     0.023       151998at5125	0h:13m:37s (0h:2m:31s left)
3056 LG           1212.698    0.005       219101at5125	0h:13m:38s (0h:2m:31s left)
3057 rtREV        1570.528    0.008       152196at5125	0h:13m:38s (0h:2m:30s left)
3058 JTTDCMut     3613.678    0.002       215570at5125	0h:13m:38s (0h:2m:30s left)
3059 HIVb+F       6027.386    0.001       151512at5125	0h:13m:38s (0h:2m:30s left)
3060 HIVw+F       4588.703    0.001       150808at5125	0h:13m:38s (0h:2m:29s left)
3061 LG           2675.412    0.002       216684at5125	0h:13m:38s (0h:2m:29s left)
3062 JTTDCMut     1522.748    0.004       216762at5125	0h:13m:39s (0h:2m:29s left)
3063 JTTDCMut     933.160     0.013       216449at5125	0h:13m:39s (0h:2m:28s left)
3064 LG           1490.585    0.008       151273at5125	0h:13m:39s (0h:2m:28s left)
3065 mtART+F      3353.135    0.003       151166at5125	0h:13m:39s (0h:2m:28s left)
3066 cpREV        1150.654    0.005       217123at5125	0h:13m:39s (0h:2m:28s left)
3067 HIVb         1166.844    0.005       216361at5125	0h:13m:39s (0h:2m:27s left)
3068 JTT          1540.874    0.004       151020at5125	0h:13m:40s (0h:2m:27s left)
3069 JTT          1758.190    0.007       151069at5125	0h:13m:40s (0h:2m:27s left)
3070 VT           1427.547    0.004       150883at5125	0h:13m:40s (0h:2m:26s left)
3071 LG           3041.875    0.002       150050at5125	0h:13m:40s (0h:2m:26s left)
3072 VT           866.319     0.020       151680at5125	0h:13m:40s (0h:2m:26s left)
3073 WAG          2213.304    0.003       216333at5125	0h:13m:40s (0h:2m:26s left)
3074 WAG          2284.007    0.003       217471at5125	0h:13m:41s (0h:2m:25s left)
3075 rtREV        1132.002    0.005       150733at5125	0h:13m:41s (0h:2m:25s left)
3076 WAG          773.834     0.015       151699at5125	0h:13m:41s (0h:2m:25s left)
3077 VT           3066.316    0.002       217713at5125	0h:13m:41s (0h:2m:24s left)
3078 WAG          3067.506    0.002       217781at5125	0h:13m:41s (0h:2m:24s left)
3079 LG           1891.442    0.003       150465at5125	0h:13m:41s (0h:2m:24s left)
3080 LG           3246.962    0.002       216266at5125	0h:13m:41s (0h:2m:24s left)
3081 LG           1205.902    0.010       150335at5125	0h:13m:41s (0h:2m:23s left)
3082 JTT          1434.048    0.004       150240at5125	0h:13m:41s (0h:2m:23s left)
3083 LG           1733.618    0.003       151769at5125	0h:13m:42s (0h:2m:23s left)
3084 JTTDCMut     1592.837    0.004       215120at5125	0h:13m:42s (0h:2m:22s left)
3085 VT           2860.191    0.002       219355at5125	0h:13m:42s (0h:2m:22s left)
3086 PMB          2180.240    0.003       21926at5125	0h:13m:43s (0h:2m:22s left)
3087 Dayhoff      754.486     0.008       219266at5125	0h:13m:43s (0h:2m:22s left)
3088 JTT          859.916     0.007       215152at5125	0h:13m:43s (0h:2m:21s left)
3089 LG           1466.413    0.004       215108at5125	0h:13m:43s (0h:2m:21s left)
3090 HIVb         863.690     0.007       219104at5125	0h:13m:43s (0h:2m:21s left)
3091 JTTDCMut     2249.420    0.003       152289at5125	0h:13m:43s (0h:2m:20s left)
3092 mtREV+F      2544.639    0.002       219360at5125	0h:13m:44s (0h:2m:20s left)
3093 JTT          4551.201    0.001       219426at5125	0h:13m:44s (0h:2m:20s left)
3094 LG           1100.185    0.010       215516at5125	0h:13m:44s (0h:2m:20s left)
3095 JTT          1000.506    0.000       66899at5125	0h:13m:44s (0h:2m:19s left)
3096 LG           2360.256    0.000       193485at5125	0h:13m:44s (0h:2m:19s left)
3097 mtInv+F      4639.714    0.001       152595at5125	0h:13m:44s (0h:2m:19s left)
3098 PMB          2093.457    0.000       193985at5125	0h:13m:44s (0h:2m:18s left)
3099 LG+I         1863.818    0.013       152555at5125	0h:13m:44s (0h:2m:18s left)
3100 WAG          1487.500    0.000       217799at5125	0h:13m:44s (0h:2m:18s left)
3101 VT           2245.452    0.003       149063at5125	0h:13m:44s (0h:2m:18s left)
3102 LG           1356.826    0.000       174963at5125	0h:13m:44s (0h:2m:17s left)
3103 LG           2947.478    0.000       219348at5125	0h:13m:44s (0h:2m:17s left)
3104 VT           1508.884    0.000       16347at5125	0h:13m:44s (0h:2m:17s left)
3105 LG           3777.399    0.000       195101at5125	0h:13m:44s (0h:2m:16s left)
3106 PMB          663.139     0.000       175370at5125	0h:13m:45s (0h:2m:16s left)
3107 LG           1477.778    0.000       175417at5125	0h:13m:45s (0h:2m:16s left)
3108 JTT          3058.888    0.002       215060at5125	0h:13m:45s (0h:2m:15s left)
3109 LG           1609.508    0.004       194080at5125	0h:13m:45s (0h:2m:15s left)
3110 LG           3009.825    0.000       217435at5125	0h:13m:45s (0h:2m:15s left)
3111 LG           1262.348    0.000       167295at5125	0h:13m:45s (0h:2m:15s left)
3112 cpREV        2154.397    0.000       195540at5125	0h:13m:45s (0h:2m:14s left)
3113 LG           4315.648    0.000       217381at5125	0h:13m:45s (0h:2m:14s left)
3114 LG           1828.663    0.000       166847at5125	0h:13m:45s (0h:2m:14s left)
3115 JTT          2857.203    0.000       167022at5125	0h:13m:45s (0h:2m:13s left)
3116 JTT          942.659     0.000       1667at5125	0h:13m:45s (0h:2m:13s left)
3117 LG           1436.433    0.008       67605at5125	0h:13m:45s (0h:2m:13s left)
3118 mtMet+F      2155.032    0.003       219299at5125	0h:13m:45s (0h:2m:12s left)
3119 rtREV        716.706     0.000       6464at5125	0h:13m:45s (0h:2m:12s left)
3120 cpREV        1706.561    0.000       71043at5125	0h:13m:45s (0h:2m:12s left)
3121 JTT          822.125     0.000       177586at5125	0h:13m:45s (0h:2m:12s left)
3122 JTT          1623.153    0.000       218057at5125	0h:13m:45s (0h:2m:11s left)
3123 mtREV        2106.865    0.000       150217at5125	0h:13m:45s (0h:2m:11s left)
3124 VT           1609.788    0.000       46589at5125	0h:13m:45s (0h:2m:11s left)
3125 LG           2645.348    0.000       191408at5125	0h:13m:45s (0h:2m:10s left)
3126 rtREV        1502.721    0.000       148993at5125	0h:13m:45s (0h:2m:10s left)
3127 LG           1828.173    0.000       72719at5125	0h:13m:45s (0h:2m:10s left)
3128 JTT          3865.428    0.000       177931at5125	0h:13m:45s (0h:2m:9s left)
3129 rtREV        853.964     0.007       163395at5125	0h:13m:45s (0h:2m:9s left)
3130 VT           2792.465    0.000       72119at5125	0h:13m:45s (0h:2m:9s left)
3131 LG           1415.425    0.000       169411at5125	0h:13m:46s (0h:2m:9s left)
3132 VT           1860.667    0.000       168819at5125	0h:13m:46s (0h:2m:8s left)
3133 LG           2702.131    0.000       169162at5125	0h:13m:46s (0h:2m:8s left)
3134 VT           4812.700    0.000       135314at5125	0h:13m:46s (0h:2m:8s left)
3135 JTT          1368.922    0.000       192816at5125	0h:13m:46s (0h:2m:7s left)
3136 FLU          897.784     0.000       70418at5125	0h:13m:46s (0h:2m:7s left)
3137 LG           3249.553    0.000       192877at5125	0h:13m:46s (0h:2m:7s left)
3138 LG           1989.713    0.003       150228at5125	0h:13m:46s (0h:2m:6s left)
3139 JTTDCMut     4402.048    0.000       168910at5125	0h:13m:46s (0h:2m:6s left)
3140 WAG          2443.746    0.000       168983at5125	0h:13m:46s (0h:2m:6s left)
3141 JTT          1608.003    0.000       168897at5125	0h:13m:46s (0h:2m:6s left)
3142 VT           1085.966    0.011       103732at5125	0h:13m:46s (0h:2m:5s left)
3143 JTT          2900.775    0.000       57925at5125	0h:13m:46s (0h:2m:5s left)
3144 cpREV        648.675     0.000       199186at5125	0h:13m:46s (0h:2m:5s left)
3145 LG           1039.606    0.006       169205at5125	0h:13m:46s (0h:2m:4s left)
3146 LG           1137.733    0.016       121194at5125	0h:13m:46s (0h:2m:4s left)
3147 Blosum62     2567.856    0.000       55966at5125	0h:13m:46s (0h:2m:4s left)
3148 VT           3581.892    0.000       163631at5125	0h:13m:46s (0h:2m:3s left)
3149 WAG          2419.261    0.000       130491at5125	0h:13m:46s (0h:2m:3s left)
3150 PMB          2667.156    0.000       55190at5125	0h:13m:47s (0h:2m:3s left)
3151 DCMut        1806.188    0.000       163824at5125	0h:13m:47s (0h:2m:3s left)
3152 LG           3816.123    0.000       164881at5125	0h:13m:47s (0h:2m:2s left)
3153 FLU+F        2680.123    0.000       199724at5125	0h:13m:47s (0h:2m:2s left)
3154 mtART+F      1919.965    0.000       132328at5125	0h:13m:47s (0h:2m:2s left)
3155 WAG          1366.302    0.004       199879at5125	0h:13m:47s (0h:2m:1s left)
3156 WAG          1095.455    0.005       69391at5125	0h:13m:47s (0h:2m:1s left)
3157 LG           2593.573    0.000       165013at5125	0h:13m:47s (0h:2m:1s left)
3158 JTTDCMut     2230.453    0.000       216704at5125	0h:13m:47s (0h:2m:1s left)
3159 Blosum62     1294.434    0.000       5292at5125	0h:13m:47s (0h:2m:0s left)
3160 WAG          1701.437    0.000       152649at5125	0h:13m:47s (0h:2m:0s left)
3161 LG           3353.505    0.000       164221at5125	0h:13m:47s (0h:2m:0s left)
3162 WAG          1529.421    0.000       49463at5125	0h:13m:47s (0h:1m:59s left)
3163 LG           3912.031    0.000       164200at5125	0h:13m:47s (0h:1m:59s left)
3164 VT           4101.673    0.000       201302at5125	0h:13m:47s (0h:1m:59s left)
3165 VT           3985.726    0.000       164119at5125	0h:13m:47s (0h:1m:59s left)
3166 cpREV        1911.218    0.003       20040at5125	0h:13m:48s (0h:1m:58s left)
3167 Dayhoff      2414.406    0.002       200242at5125	0h:13m:48s (0h:1m:58s left)
3168 LG           2732.746    0.002       100369at5125	0h:13m:48s (0h:1m:58s left)
3169 VT           3731.040    0.000       217318at5125	0h:13m:48s (0h:1m:57s left)
3170 PMB          2677.571    0.000       196761at5125	0h:13m:48s (0h:1m:57s left)
3171 JTTDCMut     2602.285    0.000       175492at5125	0h:13m:48s (0h:1m:57s left)
3172 JTT          2731.114    0.000       217277at5125	0h:13m:48s (0h:1m:56s left)
3173 mtMAM+F      2402.820    0.000       118692at5125	0h:13m:48s (0h:1m:56s left)
3174 WAG          1026.947    0.000       127293at5125	0h:13m:48s (0h:1m:56s left)
3175 mtMAM+F      1299.770    0.000       177183at5125	0h:13m:48s (0h:1m:56s left)
3176 JTT          1531.190    0.000       201993at5125	0h:13m:48s (0h:1m:55s left)
3177 JTT          1400.697    0.004       166250at5125	0h:13m:48s (0h:1m:55s left)
3178 WAG+I        1522.238    0.014       164949at5125	0h:13m:48s (0h:1m:55s left)
3179 rtREV        797.047     0.008       200751at5125	0h:13m:49s (0h:1m:55s left)
3180 LG           1107.680    0.000       127395at5125	0h:13m:49s (0h:1m:54s left)
3181 JTTDCMut     3200.839    0.000       164071at5125	0h:13m:49s (0h:1m:54s left)
3182 LG           2268.477    0.000       165599at5125	0h:13m:49s (0h:1m:54s left)
3183 WAG          1962.556    0.000       62238at5125	0h:13m:49s (0h:1m:53s left)
3184 LG           1278.586    0.000       61166at5125	0h:13m:49s (0h:1m:53s left)
3185 LG           1172.126    0.010       177230at5125	0h:13m:49s (0h:1m:53s left)
3186 VT           782.524     0.007       197479at5125	0h:13m:49s (0h:1m:52s left)
3187 WAG          1390.146    0.000       15111at5125	0h:13m:49s (0h:1m:52s left)
3188 cpREV        1367.723    0.000       197771at5125	0h:13m:49s (0h:1m:52s left)
3189 VT           3324.399    0.000       197963at5125	0h:13m:49s (0h:1m:52s left)
3190 cpREV        1940.111    0.000       197968at5125	0h:13m:49s (0h:1m:51s left)
3191 JTT          1506.038    0.000       217120at5125	0h:13m:49s (0h:1m:51s left)
3192 VT           1835.005    0.000       149236at5125	0h:13m:49s (0h:1m:51s left)
3193 PMB          1020.811    0.000       101349at5125	0h:13m:49s (0h:1m:50s left)
3194 mtMet        794.477     0.000       216977at5125	0h:13m:49s (0h:1m:50s left)
3195 LG           2381.973    0.003       151086at5125	0h:13m:49s (0h:1m:50s left)
3196 mtZOA        736.526     0.000       178606at5125	0h:13m:49s (0h:1m:50s left)
3197 LG           1869.255    0.000       109622at5125	0h:13m:49s (0h:1m:49s left)
3198 JTT          3624.973    0.000       183457at5125	0h:13m:49s (0h:1m:49s left)
3199 Blosum62     2195.912    0.000       183614at5125	0h:13m:49s (0h:1m:49s left)
3200 Dayhoff      818.390     0.000       183626at5125	0h:13m:49s (0h:1m:48s left)
3201 cpREV        4491.728    0.000       149211at5125	0h:13m:49s (0h:1m:48s left)
3202 HIVb         1174.286    0.000       218836at5125	0h:13m:49s (0h:1m:48s left)
3203 JTT          2229.148    0.000       110553at5125	0h:13m:49s (0h:1m:48s left)
3204 cpREV        1632.160    0.000       86668at5125	0h:13m:49s (0h:1m:47s left)
3205 VT           7126.137    0.000       86374at5125	0h:13m:49s (0h:1m:47s left)
3206 LG           1860.771    0.000       184197at5125	0h:13m:49s (0h:1m:47s left)
3207 WAG          2134.331    0.000       183175at5125	0h:13m:49s (0h:1m:46s left)
3208 LG           2559.853    0.000       149296at5125	0h:13m:50s (0h:1m:46s left)
3209 JTT          4500.435    0.000       184544at5125	0h:13m:50s (0h:1m:46s left)
3210 cpREV        934.896     0.006       177036at5125	0h:13m:50s (0h:1m:46s left)
3211 mtMet        1256.521    0.000       184693at5125	0h:13m:50s (0h:1m:45s left)
3212 VT           2209.172    0.000       111121at5125	0h:13m:50s (0h:1m:45s left)
3213 cpREV        1705.910    0.000       184768at5125	0h:13m:50s (0h:1m:45s left)
3214 rtREV        1316.028    0.000       185156at5125	0h:13m:50s (0h:1m:44s left)
3215 LG           6074.317    0.000       84814at5125	0h:13m:50s (0h:1m:44s left)
3216 VT           991.636     0.006       178576at5125	0h:13m:50s (0h:1m:44s left)
3217 JTT          5252.332    0.000       185264at5125	0h:13m:50s (0h:1m:44s left)
3218 LG           3239.579    0.000       185394at5125	0h:13m:50s (0h:1m:43s left)
3219 cpREV        2798.579    0.000       219787at5125	0h:13m:50s (0h:1m:43s left)
3220 DCMut        1305.322    0.000       185567at5125	0h:13m:50s (0h:1m:43s left)
3221 FLU          1368.846    0.004       184069at5125	0h:13m:50s (0h:1m:42s left)
3222 cpREV        3003.644    0.000       92070at5125	0h:13m:50s (0h:1m:42s left)
3223 mtZOA        1577.190    0.000       179401at5125	0h:13m:50s (0h:1m:42s left)
3224 VT           1867.816    0.003       172445at5125	0h:13m:50s (0h:1m:42s left)
3225 rtREV        1479.861    0.000       149072at5125	0h:13m:50s (0h:1m:41s left)
3226 Dayhoff      889.629     0.000       148651at5125	0h:13m:50s (0h:1m:41s left)
3227 LG           997.483     0.000       173335at5125	0h:13m:50s (0h:1m:41s left)
3228 JTT          2402.860    0.000       178941at5125	0h:13m:50s (0h:1m:40s left)
3229 JTT          1713.002    0.003       149053at5125	0h:13m:51s (0h:1m:40s left)
3230 FLU+I        962.205     0.014       179459at5125	0h:13m:51s (0h:1m:40s left)
3231 WAG          1229.933    0.005       179593at5125	0h:13m:51s (0h:1m:40s left)
3232 WAG          1543.722    0.000       173929at5125	0h:13m:51s (0h:1m:39s left)
3233 JTTDCMut     1088.219    0.000       219898at5125	0h:13m:51s (0h:1m:39s left)
3234 JTTDCMut     884.202     0.007       105654at5125	0h:13m:51s (0h:1m:39s left)
3235 JTT          1122.643    0.000       172896at5125	0h:13m:51s (0h:1m:38s left)
3236 LG           976.875     0.000       90358at5125	0h:13m:51s (0h:1m:38s left)
3237 JTT          909.765     0.006       10731at5125	0h:13m:51s (0h:1m:38s left)
3238 mtMAM+F      3232.279    0.002       179973at5125	0h:13m:51s (0h:1m:38s left)
3239 PMB          2751.340    0.000       172878at5125	0h:13m:51s (0h:1m:37s left)
3240 LG           5124.579    0.000       172848at5125	0h:13m:51s (0h:1m:37s left)
3241 JTTDCMut     1179.837    0.000       149160at5125	0h:13m:51s (0h:1m:37s left)
3242 JTT          973.833     0.000       182918at5125	0h:13m:51s (0h:1m:36s left)
3243 Blosum62     1943.218    0.000       182897at5125	0h:13m:51s (0h:1m:36s left)
3244 Blosum62     508.344     0.000       182989at5125	0h:13m:51s (0h:1m:36s left)
3245 Blosum62     1076.420    0.000       183168at5125	0h:13m:51s (0h:1m:36s left)
3246 cpREV        1272.350    0.000       188286at5125	0h:13m:52s (0h:1m:35s left)
3247 HIVb+F       2583.979    0.004       180143at5125	0h:13m:52s (0h:1m:35s left)
3248 VT           2716.145    0.000       188376at5125	0h:13m:52s (0h:1m:35s left)
3249 DCMut        766.418     0.000       117213at5125	0h:13m:52s (0h:1m:35s left)
3250 cpREV        1733.753    0.000       174539at5125	0h:13m:52s (0h:1m:34s left)
3251 cpREV        2988.077    0.000       188661at5125	0h:13m:52s (0h:1m:34s left)
3252 VT           1785.116    0.000       170661at5125	0h:13m:52s (0h:1m:34s left)
3253 LG           2486.298    0.002       172679at5125	0h:13m:52s (0h:1m:33s left)
3254 VT           1559.230    0.004       189507at5125	0h:13m:52s (0h:1m:33s left)
3255 WAG          2323.390    0.000       148139at5125	0h:13m:52s (0h:1m:33s left)
3256 HIVb         1180.914    0.000       189094at5125	0h:13m:52s (0h:1m:33s left)
3257 LG           3024.236    0.000       189044at5125	0h:13m:52s (0h:1m:32s left)
3258 LG           903.085     0.007       151371at5125	0h:13m:52s (0h:1m:32s left)
3259 LG           983.761     0.006       218132at5125	0h:13m:52s (0h:1m:32s left)
3260 HIVw         675.605     0.000       77951at5125	0h:13m:52s (0h:1m:31s left)
3261 LG           2545.631    0.000       150104at5125	0h:13m:52s (0h:1m:31s left)
3262 LG           3405.416    0.000       174382at5125	0h:13m:52s (0h:1m:31s left)
3263 LG           2224.833    0.000       189810at5125	0h:13m:53s (0h:1m:31s left)
3264 WAG          1431.154    0.000       148115at5125	0h:13m:53s (0h:1m:30s left)
3265 VT           3880.012    0.000       95965at5125	0h:13m:53s (0h:1m:30s left)
3266 LG           1645.374    0.000       148665at5125	0h:13m:53s (0h:1m:30s left)
3267 LG           2052.772    0.000       170050at5125	0h:13m:53s (0h:1m:30s left)
3268 FLU          690.586     0.010       88938at5125	0h:13m:53s (0h:1m:29s left)
3269 LG           1788.406    0.000       218086at5125	0h:13m:53s (0h:1m:29s left)
3270 LG           2145.689    0.000       190669at5125	0h:13m:53s (0h:1m:29s left)
3271 Blosum62     757.387     0.000       190696at5125	0h:13m:53s (0h:1m:28s left)
3272 LG           2753.088    0.000       74509at5125	0h:13m:53s (0h:1m:28s left)
3273 LG           3065.700    0.000       111824at5125	0h:13m:53s (0h:1m:28s left)
3274 LG           3985.877    0.000       174046at5125	0h:13m:53s (0h:1m:28s left)
3275 WAG          1211.111    0.005       148145at5125	0h:13m:53s (0h:1m:27s left)
3276 JTT          2044.683    0.000       173964at5125	0h:13m:53s (0h:1m:27s left)
3277 WAG          2361.884    0.000       171763at5125	0h:13m:53s (0h:1m:27s left)
3278 WAG          2623.127    0.000       186484at5125	0h:13m:53s (0h:1m:26s left)
3279 LG           1191.267    0.000       186697at5125	0h:13m:53s (0h:1m:26s left)
3280 JTTDCMut     2523.529    0.000       112759at5125	0h:13m:53s (0h:1m:26s left)
3281 LG           2158.938    0.000       149002at5125	0h:13m:53s (0h:1m:26s left)
3282 LG           2884.796    0.000       171558at5125	0h:13m:53s (0h:1m:25s left)
3283 WAG          2086.962    0.000       187222at5125	0h:13m:53s (0h:1m:25s left)
3284 LG           1161.339    0.000       105489at5125	0h:13m:53s (0h:1m:25s left)
3285 WAG          1661.556    0.000       95411at5125	0h:13m:53s (0h:1m:25s left)
3286 HIVb         3057.520    0.000       187298at5125	0h:13m:53s (0h:1m:24s left)
3287 LG           912.336     0.000       191165at5125	0h:13m:53s (0h:1m:24s left)
3288 Blosum62     1426.773    0.000       104968at5125	0h:13m:53s (0h:1m:24s left)
3289 JTT          1354.003    0.000       218472at5125	0h:13m:53s (0h:1m:23s left)
3290 VT           2964.054    0.000       187480at5125	0h:13m:53s (0h:1m:23s left)
3291 Dayhoff+F    3006.247    0.004       118271at5125	0h:13m:53s (0h:1m:23s left)
3292 VT           1459.836    0.000       11508at5125	0h:13m:53s (0h:1m:23s left)
3293 HIVb         1105.886    0.000       174130at5125	0h:13m:53s (0h:1m:22s left)
3294 LG           1336.319    0.000       187755at5125	0h:13m:54s (0h:1m:22s left)
3295 LG           4366.734    0.000       80347at5125	0h:13m:54s (0h:1m:22s left)
3296 LG           4722.283    0.000       187806at5125	0h:13m:54s (0h:1m:21s left)
3297 VT           6365.788    0.000       147012at5125	0h:13m:54s (0h:1m:21s left)
3298 HIVb         1396.335    0.000       213854at5125	0h:13m:54s (0h:1m:21s left)
3299 VT           1547.567    0.007       174000at5125	0h:13m:54s (0h:1m:21s left)
3300 VT           2822.108    0.000       25837at5125	0h:13m:54s (0h:1m:20s left)
3301 JTT          2739.924    0.000       211217at5125	0h:13m:54s (0h:1m:20s left)
3302 VT           961.354     0.000       211238at5125	0h:13m:54s (0h:1m:20s left)
3303 VT           2674.241    0.000       143525at5125	0h:13m:54s (0h:1m:20s left)
3304 VT           2717.892    0.000       211294at5125	0h:13m:54s (0h:1m:19s left)
3305 VT           1653.626    0.003       148253at5125	0h:13m:54s (0h:1m:19s left)
3306 LG           1217.536    0.005       171374at5125	0h:13m:54s (0h:1m:19s left)
3307 WAG          2634.785    0.000       211308at5125	0h:13m:54s (0h:1m:19s left)
3308 LG           4495.810    0.000       147339at5125	0h:13m:54s (0h:1m:18s left)
3309 LG           1615.285    0.000       212368at5125	0h:13m:54s (0h:1m:18s left)
3310 HIVb         1045.257    0.000       211196at5125	0h:13m:54s (0h:1m:18s left)
3311 cpREV        838.143     0.000       23119at5125	0h:13m:54s (0h:1m:17s left)
3312 WAG          2633.649    0.000       211349at5125	0h:13m:54s (0h:1m:17s left)
3313 JTT          1274.036    0.000       215833at5125	0h:13m:55s (0h:1m:17s left)
3314 cpREV        1478.890    0.004       152244at5125	0h:13m:55s (0h:1m:17s left)
3315 LG           1085.596    0.000       143695at5125	0h:13m:55s (0h:1m:16s left)
3316 cpREV        774.768     0.008       218388at5125	0h:13m:55s (0h:1m:16s left)
3317 WAG          1912.288    0.003       212969at5125	0h:13m:55s (0h:1m:16s left)
3318 FLU          1085.454    0.000       156601at5125	0h:13m:55s (0h:1m:16s left)
3319 cpREV        1002.445    0.000       211465at5125	0h:13m:55s (0h:1m:15s left)
3320 JTT          4269.234    0.000       211089at5125	0h:13m:55s (0h:1m:15s left)
3321 WAG          2223.001    0.000       29491at5125	0h:13m:55s (0h:1m:15s left)
3322 JTTDCMut     1390.249    0.000       211063at5125	0h:13m:55s (0h:1m:14s left)
3323 LG           1508.312    0.004       160084at5125	0h:13m:55s (0h:1m:14s left)
3324 LG           1303.978    0.004       151764at5125	0h:13m:55s (0h:1m:14s left)
3325 WAG          1560.406    0.000       155934at5125	0h:13m:56s (0h:1m:14s left)
3326 WAG          2900.983    0.000       215799at5125	0h:13m:56s (0h:1m:13s left)
3327 LG           3221.334    0.000       212831at5125	0h:13m:56s (0h:1m:13s left)
3328 cpREV        761.304     0.008       215547at5125	0h:13m:56s (0h:1m:13s left)
3329 DCMut        1072.020    0.000       222629at5125	0h:13m:56s (0h:1m:13s left)
3330 JTT          519.077     0.000       155994at5125	0h:13m:56s (0h:1m:12s left)
3331 VT           3547.117    0.000       147014at5125	0h:13m:56s (0h:1m:12s left)
3332 Dayhoff      802.610     0.000       211082at5125	0h:13m:56s (0h:1m:12s left)
3333 rtREV        1770.886    0.000       215529at5125	0h:13m:56s (0h:1m:12s left)
3334 LG           2253.404    0.000       159893at5125	0h:13m:56s (0h:1m:11s left)
3335 LG           1064.898    0.000       28680at5125	0h:13m:56s (0h:1m:11s left)
3336 cpREV        1705.748    0.000       216293at5125	0h:13m:56s (0h:1m:11s left)
3337 JTTDCMut     2815.875    0.000       211097at5125	0h:13m:56s (0h:1m:10s left)
3338 WAG          1902.824    0.000       221138at5125	0h:13m:56s (0h:1m:10s left)
3339 LG           520.385     0.000       2810at5125	0h:13m:56s (0h:1m:10s left)
3340 Blosum62     2084.907    0.000       156019at5125	0h:13m:56s (0h:1m:10s left)
3341 VT           5229.607    0.000       211165at5125	0h:13m:56s (0h:1m:9s left)
3342 LG           2303.358    0.000       211193at5125	0h:13m:56s (0h:1m:9s left)
3343 WAG          4117.623    0.000       212387at5125	0h:13m:56s (0h:1m:9s left)
3344 JTTDCMut     4776.936    0.000       211803at5125	0h:13m:56s (0h:1m:9s left)
3345 VT           1793.144    0.000       213405at5125	0h:13m:56s (0h:1m:8s left)
3346 WAG          1496.374    0.000       211911at5125	0h:13m:56s (0h:1m:8s left)
3347 LG           3642.640    0.000       145527at5125	0h:13m:56s (0h:1m:8s left)
3348 VT           2747.415    0.000       159568at5125	0h:13m:56s (0h:1m:7s left)
3349 LG           745.225     0.000       211964at5125	0h:13m:56s (0h:1m:7s left)
3350 WAG          1173.501    0.000       144112at5125	0h:13m:56s (0h:1m:7s left)
3351 JTT          1164.632    0.000       159464at5125	0h:13m:56s (0h:1m:7s left)
3352 PMB          3060.338    0.000       211983at5125	0h:13m:57s (0h:1m:6s left)
3353 LG           895.656     0.000       211798at5125	0h:13m:57s (0h:1m:6s left)
3354 VT           792.705     0.015       145125at5125	0h:13m:57s (0h:1m:6s left)
3355 HIVb         860.347     0.000       223807at5125	0h:13m:57s (0h:1m:6s left)
3356 LG           1484.870    0.000       212211at5125	0h:13m:57s (0h:1m:5s left)
3357 VT           1499.980    0.000       144375at5125	0h:13m:57s (0h:1m:5s left)
3358 LG           1713.208    0.003       146989at5125	0h:13m:57s (0h:1m:5s left)
3359 VT           4040.590    0.000       213392at5125	0h:13m:57s (0h:1m:5s left)
3360 VT           1478.120    0.000       212202at5125	0h:13m:57s (0h:1m:4s left)
3361 VT           10954.855   0.000       145312at5125	0h:13m:57s (0h:1m:4s left)
3362 cpREV        878.747     0.000       212154at5125	0h:13m:57s (0h:1m:4s left)
3363 LG           2283.276    0.000       213167at5125	0h:13m:57s (0h:1m:3s left)
3364 JTT          2393.312    0.000       144297at5125	0h:13m:57s (0h:1m:3s left)
3365 JTT          1556.986    0.004       211977at5125	0h:13m:57s (0h:1m:3s left)
3366 WAG          2535.164    0.000       213004at5125	0h:13m:57s (0h:1m:3s left)
3367 LG           2133.682    0.000       216055at5125	0h:13m:57s (0h:1m:2s left)
3368 mtZOA        1927.893    0.000       22746at5125	0h:13m:57s (0h:1m:2s left)
3369 mtART+F      2558.827    0.000       147291at5125	0h:13m:57s (0h:1m:2s left)
3370 JTTDCMut     3659.870    0.000       227452at5125	0h:13m:57s (0h:1m:2s left)
3371 LG           795.865     0.033       223785at5125	0h:13m:57s (0h:1m:1s left)
3372 VT           2066.401    0.000       213611at5125	0h:13m:57s (0h:1m:1s left)
3373 LG           1185.537    0.000       156607at5125	0h:13m:57s (0h:1m:1s left)
3374 LG           1993.281    0.000       159675at5125	0h:13m:57s (0h:1m:1s left)
3375 LG           2316.267    0.000       151704at5125	0h:13m:57s (0h:1m:0s left)
3376 LG           2080.861    0.000       147233at5125	0h:13m:57s (0h:1m:0s left)
3377 WAG          1979.009    0.000       156680at5125	0h:13m:57s (0h:1m:0s left)
3378 JTT          1221.604    0.000       159608at5125	0h:13m:58s (0h:1m:0s left)
3379 LG           1113.676    0.000       144517at5125	0h:13m:58s (0h:0m:59s left)
3380 LG           2877.082    0.002       227295at5125	0h:13m:58s (0h:0m:59s left)
3381 JTT          1707.413    0.003       151779at5125	0h:13m:58s (0h:0m:59s left)
3382 LG           2396.008    0.000       156754at5125	0h:13m:58s (0h:0m:58s left)
3383 JTTDCMut     1669.827    0.003       222901at5125	0h:13m:58s (0h:0m:58s left)
3384 WAG          3957.592    0.000       156795at5125	0h:13m:58s (0h:0m:58s left)
3385 WAG          809.466     0.000       211782at5125	0h:13m:58s (0h:0m:58s left)
3386 LG           1483.139    0.000       40012at5125	0h:13m:58s (0h:0m:57s left)
3387 LG           2073.463    0.000       212739at5125	0h:13m:58s (0h:0m:57s left)
3388 Blosum62     953.714     0.000       155052at5125	0h:13m:58s (0h:0m:57s left)
3389 WAG          2276.739    0.000       41504at5125	0h:13m:58s (0h:0m:57s left)
3390 JTT          1232.613    0.000       147023at5125	0h:13m:58s (0h:0m:56s left)
3391 WAG          2121.340    0.000       140657at5125	0h:13m:58s (0h:0m:56s left)
3392 VT           2967.559    0.000       162144at5125	0h:13m:58s (0h:0m:56s left)
3393 HIVb         574.528     0.010       221239at5125	0h:13m:58s (0h:0m:56s left)
3394 LG           2006.553    0.000       40614at5125	0h:13m:59s (0h:0m:55s left)
3395 JTT          3054.900    0.000       161710at5125	0h:13m:59s (0h:0m:55s left)
3396 LG           1515.133    0.004       143904at5125	0h:13m:59s (0h:0m:55s left)
3397 VT           1781.489    0.000       146464at5125	0h:13m:59s (0h:0m:55s left)
3398 cpREV        2052.023    0.000       162354at5125	0h:13m:59s (0h:0m:54s left)
3399 JTT          2094.958    0.003       221282at5125	0h:13m:59s (0h:0m:54s left)
3400 PMB          1983.036    0.000       142614at5125	0h:13m:59s (0h:0m:54s left)
3401 cpREV        1901.446    0.000       161531at5125	0h:13m:59s (0h:0m:54s left)
3402 cpREV        767.727     0.009       143872at5125	0h:13m:59s (0h:0m:53s left)
3403 LG           1464.293    0.000       221852at5125	0h:13m:59s (0h:0m:53s left)
3404 WAG          2205.036    0.000       155176at5125	0h:13m:59s (0h:0m:53s left)
3405 VT           2920.166    0.000       161523at5125	0h:13m:59s (0h:0m:53s left)
3406 LG           2781.320    0.000       222206at5125	0h:13m:59s (0h:0m:52s left)
3407 JTT          1985.280    0.000       146304at5125	0h:13m:59s (0h:0m:52s left)
3408 WAG          2390.916    0.002       204247at5125	0h:13m:59s (0h:0m:52s left)
3409 rtREV        1019.152    0.006       155075at5125	0h:13m:59s (0h:0m:51s left)
3410 WAG          2216.357    0.000       202491at5125	0h:14m:0s (0h:0m:51s left)
3411 cpREV        2690.854    0.002       222216at5125	0h:14m:0s (0h:0m:51s left)
3412 LG           3239.785    0.002       39338at5125	0h:14m:0s (0h:0m:51s left)
3413 mtMet+F      1304.985    0.004       152690at5125	0h:14m:0s (0h:0m:50s left)
3414 WAG          1037.916    0.000       45437at5125	0h:14m:0s (0h:0m:50s left)
3415 JTT          1963.955    0.003       221997at5125	0h:14m:0s (0h:0m:50s left)
3416 DCMut        771.078     0.000       45226at5125	0h:14m:0s (0h:0m:50s left)
3417 VT           1888.360    0.000       163087at5125	0h:14m:0s (0h:0m:49s left)
3418 VT           1346.478    0.000       147526at5125	0h:14m:0s (0h:0m:49s left)
3419 PMB          2411.428    0.000       214866at5125	0h:14m:0s (0h:0m:49s left)
3420 JTT          3167.358    0.000       13666at5125	0h:14m:0s (0h:0m:49s left)
3421 cpREV        1067.256    0.000       1368at5125	0h:14m:0s (0h:0m:48s left)
3422 PMB          670.622     0.000       154892at5125	0h:14m:0s (0h:0m:48s left)
3423 mtART+F      1631.149    0.000       137651at5125	0h:14m:0s (0h:0m:48s left)
3424 VT           3190.039    0.000       162618at5125	0h:14m:0s (0h:0m:48s left)
3425 LG           1345.651    0.004       212549at5125	0h:14m:0s (0h:0m:47s left)
3426 VT           7931.733    0.000       43081at5125	0h:14m:0s (0h:0m:47s left)
3427 LG           1377.417    0.000       151574at5125	0h:14m:0s (0h:0m:47s left)
3428 mtART+F      2463.532    0.000       214770at5125	0h:14m:0s (0h:0m:47s left)
3429 LG           6300.277    0.000       212736at5125	0h:14m:0s (0h:0m:46s left)
3430 JTT          801.110     0.015       151570at5125	0h:14m:1s (0h:0m:46s left)
3431 LG           1857.188    0.000       212490at5125	0h:14m:1s (0h:0m:46s left)
3432 LG           1141.037    0.000       215188at5125	0h:14m:1s (0h:0m:46s left)
3433 LG           1289.790    0.000       160481at5125	0h:14m:1s (0h:0m:45s left)
3434 LG           2586.018    0.000       20908at5125	0h:14m:1s (0h:0m:45s left)
3435 cpREV        2304.042    0.000       160430at5125	0h:14m:1s (0h:0m:45s left)
3436 cpREV        1538.873    0.000       146113at5125	0h:14m:1s (0h:0m:45s left)
3437 WAG          1370.417    0.004       152397at5125	0h:14m:1s (0h:0m:44s left)
3438 mtART+F      1779.876    0.000       152467at5125	0h:14m:1s (0h:0m:44s left)
3439 LG           1122.858    0.000       155764at5125	0h:14m:1s (0h:0m:44s left)
3440 JTTDCMut     2012.122    0.000       160416at5125	0h:14m:1s (0h:0m:44s left)
3441 DCMut        1082.915    0.000       214134at5125	0h:14m:1s (0h:0m:43s left)
3442 HIVb         792.528     0.000       210919at5125	0h:14m:1s (0h:0m:43s left)
3443 cpREV        2732.636    0.000       145983at5125	0h:14m:1s (0h:0m:43s left)
3444 WAG          1600.352    0.000       211003at5125	0h:14m:1s (0h:0m:43s left)
3445 JTT          734.751     0.000       142908at5125	0h:14m:1s (0h:0m:42s left)
3446 JTTDCMut     3100.291    0.000       211005at5125	0h:14m:1s (0h:0m:42s left)
3447 WAG          2057.287    0.000       31012at5125	0h:14m:1s (0h:0m:42s left)
3448 mtZOA        727.748     0.000       30923at5125	0h:14m:1s (0h:0m:41s left)
3449 JTT          1239.669    0.000       143020at5125	0h:14m:1s (0h:0m:41s left)
3450 WAG          2921.124    0.000       160402at5125	0h:14m:2s (0h:0m:41s left)
3451 HIVb         2647.432    0.000       211045at5125	0h:14m:2s (0h:0m:41s left)
3452 rtREV        785.386     0.007       202954at5125	0h:14m:2s (0h:0m:40s left)
3453 LG           1665.980    0.000       147440at5125	0h:14m:2s (0h:0m:40s left)
3454 VT           3097.872    0.000       161246at5125	0h:14m:2s (0h:0m:40s left)
3455 LG           696.031     0.000       144815at5125	0h:14m:2s (0h:0m:40s left)
3456 VT           1137.339    0.005       38498at5125	0h:14m:2s (0h:0m:39s left)
3457 HIVb         712.518     0.000       155402at5125	0h:14m:2s (0h:0m:39s left)
3458 PMB          1094.851    0.000       161183at5125	0h:14m:2s (0h:0m:39s left)
3459 VT           1196.487    0.000       146225at5125	0h:14m:2s (0h:0m:39s left)
3460 PMB          1521.345    0.000       157650at5125	0h:14m:2s (0h:0m:38s left)
3461 JTTDCMut     1812.769    0.000       145013at5125	0h:14m:2s (0h:0m:38s left)
3462 JTTDCMut+I   1699.026    0.006       203775at5125	0h:14m:2s (0h:0m:38s left)
3463 WAG          1806.130    0.003       161227at5125	0h:14m:2s (0h:0m:38s left)
3464 PMB          1320.404    0.000       155530at5125	0h:14m:3s (0h:0m:37s left)
3465 rtREV        552.476     0.012       210931at5125	0h:14m:3s (0h:0m:37s left)
3466 JTTDCMut     1124.435    0.005       142753at5125	0h:14m:3s (0h:0m:37s left)
3467 cpREV        1117.191    0.000       142774at5125	0h:14m:3s (0h:0m:37s left)
3468 JTT          2749.398    0.000       158397at5125	0h:14m:3s (0h:0m:36s left)
3469 JTTDCMut     2352.208    0.000       161079at5125	0h:14m:3s (0h:0m:36s left)
3470 VT           1402.657    0.004       205321at5125	0h:14m:3s (0h:0m:36s left)
3471 mtZOA        823.602     0.000       214450at5125	0h:14m:3s (0h:0m:36s left)
3472 VT           890.612     0.000       206609at5125	0h:14m:3s (0h:0m:35s left)
3473 mtZOA        1588.707    0.000       221038at5125	0h:14m:3s (0h:0m:35s left)
3474 VT           2555.992    0.000       160997at5125	0h:14m:4s (0h:0m:35s left)
3475 mtMAM+F      3042.452    0.000       172525at5125	0h:14m:4s (0h:0m:35s left)
3476 JTT          1101.919    0.000       147704at5125	0h:14m:4s (0h:0m:34s left)
3477 LG           2349.867    0.000       151933at5125	0h:14m:4s (0h:0m:34s left)
3478 LG           1254.538    0.000       96196at5125	0h:14m:4s (0h:0m:34s left)
3479 LG           3494.098    0.000       173817at5125	0h:14m:4s (0h:0m:34s left)
3480 rtREV        748.710     0.000       94851at5125	0h:14m:4s (0h:0m:33s left)
3481 LG           692.913     0.000       94482at5125	0h:14m:4s (0h:0m:33s left)
3482 LG           1542.237    0.000       215279at5125	0h:14m:4s (0h:0m:33s left)
3483 DCMut        1596.201    0.000       174557at5125	0h:14m:4s (0h:0m:33s left)
3484 LG           543.600     0.000       214502at5125	0h:14m:4s (0h:0m:32s left)
3485 LG           1461.393    0.004       223592at5125	0h:14m:4s (0h:0m:32s left)
3486 LG           1420.596    0.000       221610at5125	0h:14m:4s (0h:0m:32s left)
3487 LG           1225.410    0.000       177863at5125	0h:14m:4s (0h:0m:32s left)
3488 cpREV        1961.887    0.000       97858at5125	0h:14m:4s (0h:0m:31s left)
3489 LG           886.235     0.000       98133at5125	0h:14m:4s (0h:0m:31s left)
3490 WAG          608.801     0.000       154938at5125	0h:14m:4s (0h:0m:31s left)
3491 JTT          1013.453    0.000       214932at5125	0h:14m:4s (0h:0m:31s left)
3492 WAG          469.650     0.000       213123at5125	0h:14m:4s (0h:0m:30s left)
3493 LG           954.081     0.006       104262at5125	0h:14m:5s (0h:0m:30s left)
3494 Dayhoff      863.777     0.000       156424at5125	0h:14m:5s (0h:0m:30s left)
3495 LG           1311.571    0.004       175525at5125	0h:14m:5s (0h:0m:30s left)
3496 LG           667.375     0.000       213760at5125	0h:14m:5s (0h:0m:29s left)
3497 JTT          582.154     0.010       144945at5125	0h:14m:5s (0h:0m:29s left)
3498 LG           1093.853    0.000       179633at5125	0h:14m:5s (0h:0m:29s left)
3499 WAG          622.258     0.009       152454at5125	0h:14m:5s (0h:0m:29s left)
3500 WAG          829.964     0.000       215637at5125	0h:14m:5s (0h:0m:28s left)
3501 LG           1641.326    0.000       172946at5125	0h:14m:5s (0h:0m:28s left)
3502 rtREV        803.818     0.000       148434at5125	0h:14m:5s (0h:0m:28s left)
3503 LG           684.592     0.000       180666at5125	0h:14m:5s (0h:0m:28s left)
3504 Dayhoff      896.014     0.006       221560at5125	0h:14m:5s (0h:0m:28s left)
3505 WAG          1015.870    0.000       157037at5125	0h:14m:5s (0h:0m:27s left)
3506 LG           426.506     0.014       176182at5125	0h:14m:6s (0h:0m:27s left)
3507 LG           1579.779    0.000       152107at5125	0h:14m:6s (0h:0m:27s left)
3508 JTT          1094.122    0.000       157125at5125	0h:14m:6s (0h:0m:27s left)
3509 WAG          429.519     0.014       222715at5125	0h:14m:6s (0h:0m:26s left)
3510 LG           1095.680    0.005       213411at5125	0h:14m:6s (0h:0m:26s left)
3511 cpREV        1764.100    0.000       204996at5125	0h:14m:6s (0h:0m:26s left)
3512 WAG          966.233     0.000       56082at5125	0h:14m:6s (0h:0m:26s left)
3513 DCMut        612.933     0.000       57446at5125	0h:14m:6s (0h:0m:25s left)
3514 rtREV        965.555     0.006       152092at5125	0h:14m:6s (0h:0m:25s left)
3515 LG           897.076     0.000       151213at5125	0h:14m:6s (0h:0m:25s left)
3516 LG           645.673     0.000       211199at5125	0h:14m:6s (0h:0m:25s left)
3517 Dayhoff      866.190     0.006       180576at5125	0h:14m:6s (0h:0m:24s left)
3518 JTTDCMut     1266.477    0.000       168990at5125	0h:14m:6s (0h:0m:24s left)
3519 DCMut        549.995     0.000       151716at5125	0h:14m:6s (0h:0m:24s left)
3520 mtZOA        847.465     0.000       194854at5125	0h:14m:6s (0h:0m:24s left)
3521 Dayhoff      1105.015    0.005       120923at5125	0h:14m:6s (0h:0m:23s left)
3522 LG           705.252     0.000       169207at5125	0h:14m:6s (0h:0m:23s left)
3523 cpREV        751.158     0.000       211339at5125	0h:14m:6s (0h:0m:23s left)
3524 cpREV        965.760     0.000       151617at5125	0h:14m:6s (0h:0m:23s left)
3525 LG           868.713     0.000       200010at5125	0h:14m:6s (0h:0m:22s left)
3526 LG           2612.662    0.000       162201at5125	0h:14m:7s (0h:0m:22s left)
3527 JTT          1156.630    0.000       211434at5125	0h:14m:7s (0h:0m:22s left)
3528 JTT          2018.055    0.000       118429at5125	0h:14m:7s (0h:0m:22s left)
3529 mtART+F      2460.636    0.000       165282at5125	0h:14m:7s (0h:0m:21s left)
3530 LG           1133.791    0.000       205757at5125	0h:14m:7s (0h:0m:21s left)
3531 Dayhoff      668.742     0.000       61008at5125	0h:14m:7s (0h:0m:21s left)
3532 LG           873.060     0.000       165325at5125	0h:14m:7s (0h:0m:21s left)
3533 LG           493.621     0.000       160558at5125	0h:14m:7s (0h:0m:20s left)
3534 WAG          991.322     0.000       147952at5125	0h:14m:7s (0h:0m:20s left)
3535 LG           685.141     0.000       158184at5125	0h:14m:7s (0h:0m:20s left)
3536 LG           1862.515    0.000       166628at5125	0h:14m:7s (0h:0m:20s left)
3537 cpREV        990.489     0.000       124274at5125	0h:14m:7s (0h:0m:19s left)
3538 JTT          844.770     0.014       150680at5125	0h:14m:7s (0h:0m:19s left)
3539 WAG          871.457     0.000       165211at5125	0h:14m:7s (0h:0m:19s left)
3540 WAG          1893.347    0.003       220581at5125	0h:14m:7s (0h:0m:19s left)
3541 JTT          569.720     0.011       118641at5125	0h:14m:8s (0h:0m:18s left)
3542 LG           3823.611    0.000       216956at5125	0h:14m:8s (0h:0m:18s left)
3543 HIVw+F       1786.245    0.003       123931at5125	0h:14m:8s (0h:0m:18s left)
3544 cpREV        1133.662    0.005       217472at5125	0h:14m:8s (0h:0m:18s left)
3545 Dayhoff      551.492     0.000       218401at5125	0h:14m:8s (0h:0m:17s left)
3546 LG           1139.209    0.000       223567at5125	0h:14m:8s (0h:0m:17s left)
3547 cpREV        969.665     0.000       158369at5125	0h:14m:8s (0h:0m:17s left)
3548 cpREV        662.966     0.000       151886at5125	0h:14m:8s (0h:0m:17s left)
3549 mtZOA        921.505     0.006       150726at5125	0h:14m:8s (0h:0m:16s left)
3550 LG           698.113     0.000       46325at5125	0h:14m:8s (0h:0m:16s left)
3551 cpREV        518.202     0.000       223737at5125	0h:14m:8s (0h:0m:16s left)
3552 cpREV        620.688     0.000       1126at5125	0h:14m:8s (0h:0m:16s left)
3553 cpREV        1052.019    0.000       202460at5125	0h:14m:8s (0h:0m:16s left)
3554 LG           2009.911    0.000       147100at5125	0h:14m:8s (0h:0m:15s left)
3555 Dayhoff      770.776     0.000       144367at5125	0h:14m:8s (0h:0m:15s left)
3556 rtREV        1560.269    0.000       81061at5125	0h:14m:8s (0h:0m:15s left)
3557 LG           1589.417    0.000       81015at5125	0h:14m:8s (0h:0m:15s left)
3558 cpREV        845.840     0.000       144267at5125	0h:14m:8s (0h:0m:14s left)
3559 Dayhoff      802.104     0.000       151438at5125	0h:14m:8s (0h:0m:14s left)
3560 rtREV        576.144     0.009       196603at5125	0h:14m:9s (0h:0m:14s left)
3561 LG           792.013     0.000       144228at5125	0h:14m:9s (0h:0m:14s left)
3562 Blosum62     407.100     0.000       212115at5125	0h:14m:9s (0h:0m:13s left)
3563 LG           859.717     0.000       212065at5125	0h:14m:9s (0h:0m:13s left)
3564 JTT+I        1209.593    0.010       210173at5125	0h:14m:9s (0h:0m:13s left)
3565 VT           662.442     0.000       47657at5125	0h:14m:9s (0h:0m:13s left)
3566 WAG          1610.354    0.000       224085at5125	0h:14m:9s (0h:0m:12s left)
3567 LG           827.365     0.000       79557at5125	0h:14m:9s (0h:0m:12s left)
3568 VT           797.766     0.000       189951at5125	0h:14m:9s (0h:0m:12s left)
3569 WAG          830.209     0.000       211952at5125	0h:14m:9s (0h:0m:12s left)
3570 WAG          1313.767    0.000       221393at5125	0h:14m:9s (0h:0m:11s left)
3571 VT           1142.374    0.000       211771at5125	0h:14m:9s (0h:0m:11s left)
3572 LG           1212.918    0.000       172379at5125	0h:14m:9s (0h:0m:11s left)
3573 LG           648.883     0.000       85340at5125	0h:14m:9s (0h:0m:11s left)
3574 cpREV        818.329     0.000       218118at5125	0h:14m:9s (0h:0m:10s left)
3575 LG           849.313     0.000       85513at5125	0h:14m:9s (0h:0m:10s left)
3576 DCMut        431.265     0.000       155010at5125	0h:14m:9s (0h:0m:10s left)
3577 LG           2420.544    0.000       147089at5125	0h:14m:9s (0h:0m:10s left)
3578 JTT          796.871     0.000       128161at5125	0h:14m:9s (0h:0m:9s left)
3579 cpREV        657.295     0.000       219622at5125	0h:14m:9s (0h:0m:9s left)
3580 WAG          603.494     0.000       152551at5125	0h:14m:9s (0h:0m:9s left)
3581 DCMut        455.451     0.000       103501at5125	0h:14m:9s (0h:0m:9s left)
3582 LG           912.088     0.000       176311at5125	0h:14m:9s (0h:0m:9s left)
3583 LG           1306.443    0.000       220821at5125	0h:14m:9s (0h:0m:8s left)
3584 LG           760.526     0.000       222094at5125	0h:14m:9s (0h:0m:8s left)
3585 Dayhoff      519.869     0.000       4250at5125	0h:14m:9s (0h:0m:8s left)
3586 LG           586.284     0.000       151378at5125	0h:14m:9s (0h:0m:8s left)
3587 WAG          1037.779    0.005       150038at5125	0h:14m:9s (0h:0m:7s left)
3588 VT           1121.845    0.000       147509at5125	0h:14m:9s (0h:0m:7s left)
3589 LG           757.145     0.000       192027at5125	0h:14m:9s (0h:0m:7s left)
3590 DCMut        1109.244    0.000       223645at5125	0h:14m:9s (0h:0m:7s left)
3591 WAG          1913.550    0.003       164031at5125	0h:14m:10s (0h:0m:6s left)
3592 LG           1194.940    0.000       220055at5125	0h:14m:10s (0h:0m:6s left)
3593 WAG          756.722     0.000       223745at5125	0h:14m:10s (0h:0m:6s left)
3594 cpREV        675.053     0.000       151841at5125	0h:14m:10s (0h:0m:6s left)
3595 LG           705.841     0.000       211830at5125	0h:14m:10s (0h:0m:5s left)
3596 LG           754.560     0.000       151800at5125	0h:14m:10s (0h:0m:5s left)
3597 LG           666.807     0.000       227019at5125	0h:14m:10s (0h:0m:5s left)
3598 WAG          1354.138    0.000       215685at5125	0h:14m:10s (0h:0m:5s left)
3599 LG           602.648     0.000       179962at5125	0h:14m:10s (0h:0m:4s left)
3600 LG           1115.706    0.000       191987at5125	0h:14m:10s (0h:0m:4s left)
3601 cpREV        453.199     0.000       91215at5125	0h:14m:10s (0h:0m:4s left)
3602 LG           1304.424    0.000       145737at5125	0h:14m:10s (0h:0m:4s left)
3603 LG           591.004     0.000       192132at5125	0h:14m:10s (0h:0m:4s left)
3604 mtART+F      1026.732    0.000       121394at5125	0h:14m:10s (0h:0m:3s left)
3605 LG           775.555     0.000       168688at5125	0h:14m:10s (0h:0m:3s left)
3606 Dayhoff      770.874     0.000       178944at5125	0h:14m:10s (0h:0m:3s left)
3607 cpREV        465.783     0.000       150703at5125	0h:14m:10s (0h:0m:3s left)
3608 cpREV        1136.950    0.005       200164at5125	0h:14m:10s (0h:0m:2s left)
3609 LG           839.315     0.000       216294at5125	0h:14m:10s (0h:0m:2s left)
3610 Blosum62     615.531     0.000       31753at5125	0h:14m:10s (0h:0m:2s left)
3611 LG           943.275     0.000       161093at5125	0h:14m:10s (0h:0m:2s left)
3612 FLU          1341.401    0.000       126424at5125	0h:14m:10s (0h:0m:1s left)
3613 LG           991.879     0.000       151360at5125	0h:14m:10s (0h:0m:1s left)
3614 LG           417.874     0.000       175267at5125	0h:14m:10s (0h:0m:1s left)
3615 JTT          508.172     0.000       28761at5125	0h:14m:10s (0h:0m:1s left)
3616 VT           953.556     0.000       108705at5125	0h:14m:10s (0h:0m:0s left)
3617 cpREV        829.667     0.000       222624at5125	0h:14m:10s (0h:0m:0s left)
3618 DCMut        646.061     0.000       155846at5125	0h:14m:10s (0h:0m:0s left)
3619 VT           553.433     0.000       148364at5125	0h:14m:10s (0h:0m:0s left)
3620 LG           610.861     0.009       151655at5125	0h:14m:11s (0h:0m:0s left)
Full partition model BIC score: 12957002.667 (LnL: -6396753.163  df:11220)
Partition information was printed to results/core_genome_tree/core_genome_tree.best_scheme.nex
Partition information in Raxml format was printed to results/core_genome_tree/core_genome_tree.best_scheme

All model information printed to results/core_genome_tree/core_genome_tree.model.gz
CPU time for ModelFinder: 8744.432 seconds (2h:25m:44s)
Wall-clock time for ModelFinder: 1537.690 seconds (0h:25m:37s)
NOTE: State(s) M, Y not present in partition 103501at5125 and thus removed from Markov process to prevent numerical problems
NOTE: State(s) C, Y not present in partition 103732at5125 and thus removed from Markov process to prevent numerical problems
NOTE: State(s) C, W not present in partition 104262at5125 and thus removed from Markov process to prevent numerical problems
NOTE: State(s) C not present in partition 105138at5125 and thus removed from Markov process to prevent numerical problems
NOTE: State(s) W not present in partition 105654at5125 and thus removed from Markov process to prevent numerical problems
NOTE: State(s) C not present in partition 107275at5125 and thus removed from Markov process to prevent numerical problems
NOTE: State(s) C not present in partition 10731at5125 and thus removed from Markov process to prevent numerical problems
NOTE: State(s) C not present in partition 108043at5125 and thus removed from Markov process to prevent numerical problems
NOTE: State(s) C, W, Y not present in partition 108705at5125 and thus removed from Markov process to prevent numerical problems
NOTE: State(s) W not present in partition 109489at5125 and thus removed from Markov process to prevent numerical problems
NOTE: State(s) W not present in partition 110477at5125 and thus removed from Markov process to prevent numerical problems
NOTE: State(s) C not present in partition 111250at5125 and thus removed from Markov process to prevent numerical problems
NOTE: State(s) C not present in partition 111974at5125 and thus removed from Markov process to prevent numerical problems
NOTE: State(s) C not present in partition 1126at5125 and thus removed from Markov process to prevent numerical problems
NOTE: State(s) C, W not present in partition 114988at5125 and thus removed from Markov process to prevent numerical problems
NOTE: State(s) C not present in partition 115704at5125 and thus removed from Markov process to prevent numerical problems
NOTE: State(s) C not present in partition 116059at5125 and thus removed from Markov process to prevent numerical problems
NOTE: State(s) C not present in partition 117713at5125 and thus removed from Markov process to prevent numerical problems
NOTE: State(s) C not present in partition 118152at5125 and thus removed from Markov process to prevent numerical problems
NOTE: State(s) C not present in partition 118180at5125 and thus removed from Markov process to prevent numerical problems
NOTE: State(s) C, W not present in partition 118271at5125 and thus removed from Markov process to prevent numerical problems
NOTE: State(s) C not present in partition 118429at5125 and thus removed from Markov process to prevent numerical problems
NOTE: State(s) H, F not present in partition 118641at5125 and thus removed from Markov process to prevent numerical problems
NOTE: State(s) C not present in partition 118929at5125 and thus removed from Markov process to prevent numerical problems
NOTE: State(s) W not present in partition 119185at5125 and thus removed from Markov process to prevent numerical problems
NOTE: State(s) C not present in partition 119210at5125 and thus removed from Markov process to prevent numerical problems
NOTE: State(s) C, W not present in partition 120923at5125 and thus removed from Markov process to prevent numerical problems
NOTE: State(s) C, H, W not present in partition 121194at5125 and thus removed from Markov process to prevent numerical problems
NOTE: State(s) C, W not present in partition 121394at5125 and thus removed from Markov process to prevent numerical problems
WARNING: States(s) C rarely appear in partition 121996at5125 and may cause numerical problems
NOTE: State(s) W not present in partition 122746at5125 and thus removed from Markov process to prevent numerical problems
NOTE: State(s) C not present in partition 122783at5125 and thus removed from Markov process to prevent numerical problems
NOTE: State(s) C, W not present in partition 123931at5125 and thus removed from Markov process to prevent numerical problems
NOTE: State(s) C not present in partition 124265at5125 and thus removed from Markov process to prevent numerical problems
NOTE: State(s) C not present in partition 124274at5125 and thus removed from Markov process to prevent numerical problems
NOTE: State(s) C not present in partition 124784at5125 and thus removed from Markov process to prevent numerical problems
NOTE: State(s) C not present in partition 125236at5125 and thus removed from Markov process to prevent numerical problems
NOTE: State(s) C, H not present in partition 126424at5125 and thus removed from Markov process to prevent numerical problems
NOTE: State(s) C not present in partition 126537at5125 and thus removed from Markov process to prevent numerical problems
NOTE: State(s) C not present in partition 127259at5125 and thus removed from Markov process to prevent numerical problems
NOTE: State(s) C not present in partition 128056at5125 and thus removed from Markov process to prevent numerical problems
NOTE: State(s) C, W not present in partition 128161at5125 and thus removed from Markov process to prevent numerical problems
NOTE: State(s) C not present in partition 128629at5125 and thus removed from Markov process to prevent numerical problems
NOTE: State(s) C not present in partition 129146at5125 and thus removed from Markov process to prevent numerical problems
WARNING: States(s) C rarely appear in partition 129299at5125 and may cause numerical problems
NOTE: State(s) C not present in partition 130113at5125 and thus removed from Markov process to prevent numerical problems
NOTE: State(s) C not present in partition 130464at5125 and thus removed from Markov process to prevent numerical problems
NOTE: State(s) W not present in partition 131496at5125 and thus removed from Markov process to prevent numerical problems
NOTE: State(s) C not present in partition 132232at5125 and thus removed from Markov process to prevent numerical problems
NOTE: State(s) C not present in partition 132518at5125 and thus removed from Markov process to prevent numerical problems
NOTE: State(s) C, W not present in partition 132557at5125 and thus removed from Markov process to prevent numerical problems
NOTE: State(s) C, W not present in partition 133736at5125 and thus removed from Markov process to prevent numerical problems
NOTE: State(s) C not present in partition 133785at5125 and thus removed from Markov process to prevent numerical problems
NOTE: State(s) C not present in partition 134188at5125 and thus removed from Markov process to prevent numerical problems
NOTE: State(s) C not present in partition 134824at5125 and thus removed from Markov process to prevent numerical problems
NOTE: State(s) W not present in partition 142753at5125 and thus removed from Markov process to prevent numerical problems
NOTE: State(s) C not present in partition 143872at5125 and thus removed from Markov process to prevent numerical problems
NOTE: State(s) C not present in partition 143904at5125 and thus removed from Markov process to prevent numerical problems
NOTE: State(s) C not present in partition 144228at5125 and thus removed from Markov process to prevent numerical problems
NOTE: State(s) C not present in partition 144267at5125 and thus removed from Markov process to prevent numerical problems
NOTE: State(s) W not present in partition 144367at5125 and thus removed from Markov process to prevent numerical problems
WARNING: States(s) C rarely appear in partition 144383at5125 and may cause numerical problems
NOTE: State(s) W, Y not present in partition 144945at5125 and thus removed from Markov process to prevent numerical problems
NOTE: State(s) C, M not present in partition 145125at5125 and thus removed from Markov process to prevent numerical problems
NOTE: State(s) C, W not present in partition 145275at5125 and thus removed from Markov process to prevent numerical problems
NOTE: State(s) W not present in partition 145359at5125 and thus removed from Markov process to prevent numerical problems
NOTE: State(s) W not present in partition 145393at5125 and thus removed from Markov process to prevent numerical problems
NOTE: State(s) W not present in partition 145724at5125 and thus removed from Markov process to prevent numerical problems
NOTE: State(s) C, W not present in partition 145737at5125 and thus removed from Markov process to prevent numerical problems
NOTE: State(s) C not present in partition 145990at5125 and thus removed from Markov process to prevent numerical problems
NOTE: State(s) H not present in partition 146029at5125 and thus removed from Markov process to prevent numerical problems
NOTE: State(s) C not present in partition 146989at5125 and thus removed from Markov process to prevent numerical problems
NOTE: State(s) C, W not present in partition 147089at5125 and thus removed from Markov process to prevent numerical problems
NOTE: State(s) W not present in partition 147100at5125 and thus removed from Markov process to prevent numerical problems
NOTE: State(s) C, W not present in partition 147258at5125 and thus removed from Markov process to prevent numerical problems
NOTE: State(s) C not present in partition 147464at5125 and thus removed from Markov process to prevent numerical problems
NOTE: State(s) W not present in partition 147491at5125 and thus removed from Markov process to prevent numerical problems
NOTE: State(s) C, W not present in partition 147509at5125 and thus removed from Markov process to prevent numerical problems
NOTE: State(s) W not present in partition 147629at5125 and thus removed from Markov process to prevent numerical problems
NOTE: State(s) W not present in partition 147704at5125 and thus removed from Markov process to prevent numerical problems
NOTE: State(s) W not present in partition 147780at5125 and thus removed from Markov process to prevent numerical problems
NOTE: State(s) C not present in partition 147952at5125 and thus removed from Markov process to prevent numerical problems
NOTE: State(s) C not present in partition 148145at5125 and thus removed from Markov process to prevent numerical problems
NOTE: State(s) W not present in partition 148238at5125 and thus removed from Markov process to prevent numerical problems
NOTE: State(s) C not present in partition 148253at5125 and thus removed from Markov process to prevent numerical problems
NOTE: State(s) C, H, P, W not present in partition 148364at5125 and thus removed from Markov process to prevent numerical problems
NOTE: State(s) C not present in partition 148434at5125 and thus removed from Markov process to prevent numerical problems
NOTE: State(s) C not present in partition 148589at5125 and thus removed from Markov process to prevent numerical problems
NOTE: State(s) C not present in partition 148661at5125 and thus removed from Markov process to prevent numerical problems
NOTE: State(s) C not present in partition 148833at5125 and thus removed from Markov process to prevent numerical problems
NOTE: State(s) C not present in partition 148896at5125 and thus removed from Markov process to prevent numerical problems
NOTE: State(s) W not present in partition 149053at5125 and thus removed from Markov process to prevent numerical problems
NOTE: State(s) W not present in partition 149138at5125 and thus removed from Markov process to prevent numerical problems
NOTE: State(s) C not present in partition 149664at5125 and thus removed from Markov process to prevent numerical problems
NOTE: State(s) H not present in partition 149946at5125 and thus removed from Markov process to prevent numerical problems
NOTE: State(s) C, F not present in partition 150038at5125 and thus removed from Markov process to prevent numerical problems
NOTE: State(s) W not present in partition 150159at5125 and thus removed from Markov process to prevent numerical problems
NOTE: State(s) C not present in partition 150228at5125 and thus removed from Markov process to prevent numerical problems
NOTE: State(s) C not present in partition 150335at5125 and thus removed from Markov process to prevent numerical problems
NOTE: State(s) C not present in partition 150395at5125 and thus removed from Markov process to prevent numerical problems
NOTE: State(s) C not present in partition 150399at5125 and thus removed from Markov process to prevent numerical problems
NOTE: State(s) H not present in partition 150576at5125 and thus removed from Markov process to prevent numerical problems
NOTE: State(s) H not present in partition 150671at5125 and thus removed from Markov process to prevent numerical problems
NOTE: State(s) C, F, W not present in partition 150680at5125 and thus removed from Markov process to prevent numerical problems
NOTE: State(s) C, E not present in partition 150703at5125 and thus removed from Markov process to prevent numerical problems
NOTE: State(s) H, W not present in partition 150726at5125 and thus removed from Markov process to prevent numerical problems
NOTE: State(s) W not present in partition 150756at5125 and thus removed from Markov process to prevent numerical problems
NOTE: State(s) C not present in partition 150938at5125 and thus removed from Markov process to prevent numerical problems
NOTE: State(s) W not present in partition 151069at5125 and thus removed from Markov process to prevent numerical problems
NOTE: State(s) C not present in partition 151086at5125 and thus removed from Markov process to prevent numerical problems
NOTE: State(s) C not present in partition 151151at5125 and thus removed from Markov process to prevent numerical problems
NOTE: State(s) C not present in partition 151166at5125 and thus removed from Markov process to prevent numerical problems
NOTE: State(s) C not present in partition 151213at5125 and thus removed from Markov process to prevent numerical problems
NOTE: State(s) C not present in partition 151273at5125 and thus removed from Markov process to prevent numerical problems
NOTE: State(s) C not present in partition 151310at5125 and thus removed from Markov process to prevent numerical problems
NOTE: State(s) C, H, W not present in partition 151360at5125 and thus removed from Markov process to prevent numerical problems
NOTE: State(s) C not present in partition 151371at5125 and thus removed from Markov process to prevent numerical problems
NOTE: State(s) C, H not present in partition 151378at5125 and thus removed from Markov process to prevent numerical problems
NOTE: State(s) W not present in partition 151438at5125 and thus removed from Markov process to prevent numerical problems
NOTE: State(s) C not present in partition 151448at5125 and thus removed from Markov process to prevent numerical problems
NOTE: State(s) C, W not present in partition 151570at5125 and thus removed from Markov process to prevent numerical problems
NOTE: State(s) W not present in partition 151617at5125 and thus removed from Markov process to prevent numerical problems
NOTE: State(s) C, H, W not present in partition 151655at5125 and thus removed from Markov process to prevent numerical problems
NOTE: State(s) C not present in partition 151656at5125 and thus removed from Markov process to prevent numerical problems
NOTE: State(s) C, F not present in partition 151680at5125 and thus removed from Markov process to prevent numerical problems
NOTE: State(s) C not present in partition 151699at5125 and thus removed from Markov process to prevent numerical problems
NOTE: State(s) W not present in partition 151701at5125 and thus removed from Markov process to prevent numerical problems
NOTE: State(s) H not present in partition 151716at5125 and thus removed from Markov process to prevent numerical problems
NOTE: State(s) C not present in partition 151764at5125 and thus removed from Markov process to prevent numerical problems
NOTE: State(s) W not present in partition 151779at5125 and thus removed from Markov process to prevent numerical problems
NOTE: State(s) W not present in partition 151787at5125 and thus removed from Markov process to prevent numerical problems
NOTE: State(s) C, W not present in partition 151800at5125 and thus removed from Markov process to prevent numerical problems
NOTE: State(s) C, W not present in partition 151841at5125 and thus removed from Markov process to prevent numerical problems
NOTE: State(s) W not present in partition 151886at5125 and thus removed from Markov process to prevent numerical problems
NOTE: State(s) W not present in partition 151899at5125 and thus removed from Markov process to prevent numerical problems
NOTE: State(s) C not present in partition 151933at5125 and thus removed from Markov process to prevent numerical problems
NOTE: State(s) C, W not present in partition 151998at5125 and thus removed from Markov process to prevent numerical problems
NOTE: State(s) C not present in partition 152006at5125 and thus removed from Markov process to prevent numerical problems
NOTE: State(s) C not present in partition 152012at5125 and thus removed from Markov process to prevent numerical problems
NOTE: State(s) C not present in partition 152034at5125 and thus removed from Markov process to prevent numerical problems
NOTE: State(s) W not present in partition 152057at5125 and thus removed from Markov process to prevent numerical problems
NOTE: State(s) C, F not present in partition 152092at5125 and thus removed from Markov process to prevent numerical problems
NOTE: State(s) H not present in partition 152107at5125 and thus removed from Markov process to prevent numerical problems
NOTE: State(s) C not present in partition 152116at5125 and thus removed from Markov process to prevent numerical problems
NOTE: State(s) C not present in partition 152196at5125 and thus removed from Markov process to prevent numerical problems
NOTE: State(s) C not present in partition 152244at5125 and thus removed from Markov process to prevent numerical problems
NOTE: State(s) C not present in partition 152261at5125 and thus removed from Markov process to prevent numerical problems
NOTE: State(s) C not present in partition 152322at5125 and thus removed from Markov process to prevent numerical problems
NOTE: State(s) C not present in partition 152343at5125 and thus removed from Markov process to prevent numerical problems
NOTE: State(s) C not present in partition 152348at5125 and thus removed from Markov process to prevent numerical problems
NOTE: State(s) C not present in partition 152397at5125 and thus removed from Markov process to prevent numerical problems
NOTE: State(s) C not present in partition 152438at5125 and thus removed from Markov process to prevent numerical problems
NOTE: State(s) R, C not present in partition 152454at5125 and thus removed from Markov process to prevent numerical problems
NOTE: State(s) C, W not present in partition 152551at5125 and thus removed from Markov process to prevent numerical problems
NOTE: State(s) C, W not present in partition 152555at5125 and thus removed from Markov process to prevent numerical problems
NOTE: State(s) W not present in partition 152659at5125 and thus removed from Markov process to prevent numerical problems
NOTE: State(s) W not present in partition 152690at5125 and thus removed from Markov process to prevent numerical problems
NOTE: State(s) C not present in partition 154938at5125 and thus removed from Markov process to prevent numerical problems
NOTE: State(s) W, Y not present in partition 155010at5125 and thus removed from Markov process to prevent numerical problems
NOTE: State(s) H not present in partition 155075at5125 and thus removed from Markov process to prevent numerical problems
NOTE: State(s) W not present in partition 155476at5125 and thus removed from Markov process to prevent numerical problems
NOTE: State(s) H, W, Y not present in partition 155846at5125 and thus removed from Markov process to prevent numerical problems
NOTE: State(s) C not present in partition 156424at5125 and thus removed from Markov process to prevent numerical problems
NOTE: State(s) C not present in partition 156876at5125 and thus removed from Markov process to prevent numerical problems
NOTE: State(s) W not present in partition 157037at5125 and thus removed from Markov process to prevent numerical problems
NOTE: State(s) H not present in partition 157125at5125 and thus removed from Markov process to prevent numerical problems
NOTE: State(s) C not present in partition 158153at5125 and thus removed from Markov process to prevent numerical problems
NOTE: State(s) W not present in partition 158169at5125 and thus removed from Markov process to prevent numerical problems
NOTE: State(s) H not present in partition 158184at5125 and thus removed from Markov process to prevent numerical problems
NOTE: State(s) C not present in partition 158369at5125 and thus removed from Markov process to prevent numerical problems
NOTE: State(s) W not present in partition 160084at5125 and thus removed from Markov process to prevent numerical problems
NOTE: State(s) W not present in partition 160558at5125 and thus removed from Markov process to prevent numerical problems
NOTE: State(s) C, W not present in partition 161093at5125 and thus removed from Markov process to prevent numerical problems
NOTE: State(s) H not present in partition 161227at5125 and thus removed from Markov process to prevent numerical problems
NOTE: State(s) W not present in partition 162201at5125 and thus removed from Markov process to prevent numerical problems
NOTE: State(s) H, W not present in partition 162790at5125 and thus removed from Markov process to prevent numerical problems
NOTE: State(s) C not present in partition 163395at5125 and thus removed from Markov process to prevent numerical problems
NOTE: State(s) C not present in partition 163535at5125 and thus removed from Markov process to prevent numerical problems
NOTE: State(s) C, W not present in partition 164031at5125 and thus removed from Markov process to prevent numerical problems
NOTE: State(s) C not present in partition 164949at5125 and thus removed from Markov process to prevent numerical problems
NOTE: State(s) H not present in partition 165211at5125 and thus removed from Markov process to prevent numerical problems
NOTE: State(s) W not present in partition 165246at5125 and thus removed from Markov process to prevent numerical problems
NOTE: State(s) W not present in partition 165282at5125 and thus removed from Markov process to prevent numerical problems
NOTE: State(s) C not present in partition 165325at5125 and thus removed from Markov process to prevent numerical problems
NOTE: State(s) W not present in partition 165862at5125 and thus removed from Markov process to prevent numerical problems
NOTE: State(s) C not present in partition 166250at5125 and thus removed from Markov process to prevent numerical problems
NOTE: State(s) C not present in partition 166414at5125 and thus removed from Markov process to prevent numerical problems
NOTE: State(s) W not present in partition 166628at5125 and thus removed from Markov process to prevent numerical problems
NOTE: State(s) C not present in partition 167423at5125 and thus removed from Markov process to prevent numerical problems
NOTE: State(s) C, W not present in partition 168688at5125 and thus removed from Markov process to prevent numerical problems
NOTE: State(s) W not present in partition 168990at5125 and thus removed from Markov process to prevent numerical problems
NOTE: State(s) C not present in partition 169205at5125 and thus removed from Markov process to prevent numerical problems
NOTE: State(s) C not present in partition 169207at5125 and thus removed from Markov process to prevent numerical problems
NOTE: State(s) W not present in partition 171105at5125 and thus removed from Markov process to prevent numerical problems
NOTE: State(s) C not present in partition 171324at5125 and thus removed from Markov process to prevent numerical problems
NOTE: State(s) W not present in partition 171374at5125 and thus removed from Markov process to prevent numerical problems
NOTE: State(s) W not present in partition 171431at5125 and thus removed from Markov process to prevent numerical problems
NOTE: State(s) C not present in partition 172037at5125 and thus removed from Markov process to prevent numerical problems
NOTE: State(s) W not present in partition 172099at5125 and thus removed from Markov process to prevent numerical problems
NOTE: State(s) C not present in partition 172379at5125 and thus removed from Markov process to prevent numerical problems
NOTE: State(s) C not present in partition 172445at5125 and thus removed from Markov process to prevent numerical problems
NOTE: State(s) C not present in partition 172525at5125 and thus removed from Markov process to prevent numerical problems
NOTE: State(s) W not present in partition 172679at5125 and thus removed from Markov process to prevent numerical problems
NOTE: State(s) C not present in partition 172946at5125 and thus removed from Markov process to prevent numerical problems
NOTE: State(s) C not present in partition 172981at5125 and thus removed from Markov process to prevent numerical problems
NOTE: State(s) W not present in partition 173731at5125 and thus removed from Markov process to prevent numerical problems
NOTE: State(s) C not present in partition 173785at5125 and thus removed from Markov process to prevent numerical problems
NOTE: State(s) C not present in partition 173817at5125 and thus removed from Markov process to prevent numerical problems
NOTE: State(s) W not present in partition 173992at5125 and thus removed from Markov process to prevent numerical problems
NOTE: State(s) C, W not present in partition 174000at5125 and thus removed from Markov process to prevent numerical problems
NOTE: State(s) C not present in partition 174148at5125 and thus removed from Markov process to prevent numerical problems
NOTE: State(s) W not present in partition 174557at5125 and thus removed from Markov process to prevent numerical problems
NOTE: State(s) C not present in partition 175003at5125 and thus removed from Markov process to prevent numerical problems
NOTE: State(s) W not present in partition 175088at5125 and thus removed from Markov process to prevent numerical problems
NOTE: State(s) H, W, Y not present in partition 175267at5125 and thus removed from Markov process to prevent numerical problems
NOTE: State(s) C not present in partition 175516at5125 and thus removed from Markov process to prevent numerical problems
NOTE: State(s) C, W not present in partition 175525at5125 and thus removed from Markov process to prevent numerical problems
WARNING: States(s) W rarely appear in partition 175878at5125 and may cause numerical problems
NOTE: State(s) Q not present in partition 176172at5125 and thus removed from Markov process to prevent numerical problems
NOTE: State(s) C, H not present in partition 176182at5125 and thus removed from Markov process to prevent numerical problems
NOTE: State(s) C not present in partition 176249at5125 and thus removed from Markov process to prevent numerical problems
NOTE: State(s) C, P not present in partition 176311at5125 and thus removed from Markov process to prevent numerical problems
NOTE: State(s) C not present in partition 176322at5125 and thus removed from Markov process to prevent numerical problems
NOTE: State(s) W not present in partition 176788at5125 and thus removed from Markov process to prevent numerical problems
NOTE: State(s) W not present in partition 176948at5125 and thus removed from Markov process to prevent numerical problems
NOTE: State(s) W not present in partition 176961at5125 and thus removed from Markov process to prevent numerical problems
NOTE: State(s) W not present in partition 177036at5125 and thus removed from Markov process to prevent numerical problems
NOTE: State(s) C not present in partition 177222at5125 and thus removed from Markov process to prevent numerical problems
NOTE: State(s) C, W not present in partition 177230at5125 and thus removed from Markov process to prevent numerical problems
NOTE: State(s) C not present in partition 177342at5125 and thus removed from Markov process to prevent numerical problems
NOTE: State(s) C, W not present in partition 177567at5125 and thus removed from Markov process to prevent numerical problems
NOTE: State(s) C not present in partition 177853at5125 and thus removed from Markov process to prevent numerical problems
NOTE: State(s) C not present in partition 177863at5125 and thus removed from Markov process to prevent numerical problems
NOTE: State(s) C not present in partition 177945at5125 and thus removed from Markov process to prevent numerical problems
NOTE: State(s) W not present in partition 178105at5125 and thus removed from Markov process to prevent numerical problems
WARNING: States(s) C rarely appear in partition 178137at5125 and may cause numerical problems
NOTE: State(s) C not present in partition 178166at5125 and thus removed from Markov process to prevent numerical problems
NOTE: State(s) C not present in partition 178276at5125 and thus removed from Markov process to prevent numerical problems
NOTE: State(s) C not present in partition 178327at5125 and thus removed from Markov process to prevent numerical problems
NOTE: State(s) C not present in partition 178576at5125 and thus removed from Markov process to prevent numerical problems
NOTE: State(s) C not present in partition 178650at5125 and thus removed from Markov process to prevent numerical problems
NOTE: State(s) C, W not present in partition 178804at5125 and thus removed from Markov process to prevent numerical problems
NOTE: State(s) C, W not present in partition 178944at5125 and thus removed from Markov process to prevent numerical problems
NOTE: State(s) C not present in partition 179037at5125 and thus removed from Markov process to prevent numerical problems
WARNING: States(s) C rarely appear in partition 179152at5125 and may cause numerical problems
NOTE: State(s) C not present in partition 179419at5125 and thus removed from Markov process to prevent numerical problems
NOTE: State(s) Y not present in partition 179459at5125 and thus removed from Markov process to prevent numerical problems
NOTE: State(s) W not present in partition 179587at5125 and thus removed from Markov process to prevent numerical problems
NOTE: State(s) C not present in partition 179593at5125 and thus removed from Markov process to prevent numerical problems
NOTE: State(s) C not present in partition 179628at5125 and thus removed from Markov process to prevent numerical problems
NOTE: State(s) C not present in partition 179633at5125 and thus removed from Markov process to prevent numerical problems
NOTE: State(s) C not present in partition 179675at5125 and thus removed from Markov process to prevent numerical problems
NOTE: State(s) C not present in partition 179756at5125 and thus removed from Markov process to prevent numerical problems
NOTE: State(s) C not present in partition 179762at5125 and thus removed from Markov process to prevent numerical problems
NOTE: State(s) W not present in partition 179888at5125 and thus removed from Markov process to prevent numerical problems
NOTE: State(s) C, W not present in partition 179962at5125 and thus removed from Markov process to prevent numerical problems
NOTE: State(s) C not present in partition 179973at5125 and thus removed from Markov process to prevent numerical problems
NOTE: State(s) C, W not present in partition 180064at5125 and thus removed from Markov process to prevent numerical problems
NOTE: State(s) C, W not present in partition 180143at5125 and thus removed from Markov process to prevent numerical problems
NOTE: State(s) C not present in partition 180173at5125 and thus removed from Markov process to prevent numerical problems
NOTE: State(s) C not present in partition 180249at5125 and thus removed from Markov process to prevent numerical problems
NOTE: State(s) C not present in partition 180250at5125 and thus removed from Markov process to prevent numerical problems
NOTE: State(s) C, W not present in partition 180318at5125 and thus removed from Markov process to prevent numerical problems
NOTE: State(s) C, W not present in partition 180376at5125 and thus removed from Markov process to prevent numerical problems
NOTE: State(s) C not present in partition 180530at5125 and thus removed from Markov process to prevent numerical problems
NOTE: State(s) H not present in partition 180553at5125 and thus removed from Markov process to prevent numerical problems
NOTE: State(s) F, Y not present in partition 180576at5125 and thus removed from Markov process to prevent numerical problems
NOTE: State(s) Y not present in partition 180624at5125 and thus removed from Markov process to prevent numerical problems
NOTE: State(s) C not present in partition 180666at5125 and thus removed from Markov process to prevent numerical problems
NOTE: State(s) C not present in partition 184069at5125 and thus removed from Markov process to prevent numerical problems
NOTE: State(s) C not present in partition 184994at5125 and thus removed from Markov process to prevent numerical problems
NOTE: State(s) C not present in partition 187461at5125 and thus removed from Markov process to prevent numerical problems
NOTE: State(s) C not present in partition 187793at5125 and thus removed from Markov process to prevent numerical problems
NOTE: State(s) Q, W not present in partition 188033at5125 and thus removed from Markov process to prevent numerical problems
NOTE: State(s) C not present in partition 188849at5125 and thus removed from Markov process to prevent numerical problems
NOTE: State(s) C not present in partition 188926at5125 and thus removed from Markov process to prevent numerical problems
NOTE: State(s) C not present in partition 189507at5125 and thus removed from Markov process to prevent numerical problems
NOTE: State(s) C not present in partition 189951at5125 and thus removed from Markov process to prevent numerical problems
NOTE: State(s) C, W not present in partition 191987at5125 and thus removed from Markov process to prevent numerical problems
NOTE: State(s) C, W not present in partition 192027at5125 and thus removed from Markov process to prevent numerical problems
NOTE: State(s) C, W not present in partition 192132at5125 and thus removed from Markov process to prevent numerical problems
NOTE: State(s) W not present in partition 194080at5125 and thus removed from Markov process to prevent numerical problems
NOTE: State(s) C not present in partition 194382at5125 and thus removed from Markov process to prevent numerical problems
NOTE: State(s) H not present in partition 194854at5125 and thus removed from Markov process to prevent numerical problems
NOTE: State(s) C not present in partition 195627at5125 and thus removed from Markov process to prevent numerical problems
NOTE: State(s) C not present in partition 195719at5125 and thus removed from Markov process to prevent numerical problems
NOTE: State(s) G, W not present in partition 196603at5125 and thus removed from Markov process to prevent numerical problems
NOTE: State(s) C, W not present in partition 196877at5125 and thus removed from Markov process to prevent numerical problems
NOTE: State(s) C not present in partition 197479at5125 and thus removed from Markov process to prevent numerical problems
NOTE: State(s) W not present in partition 197746at5125 and thus removed from Markov process to prevent numerical problems
NOTE: State(s) C not present in partition 199312at5125 and thus removed from Markov process to prevent numerical problems
NOTE: State(s) C, H not present in partition 199382at5125 and thus removed from Markov process to prevent numerical problems
NOTE: State(s) C not present in partition 199879at5125 and thus removed from Markov process to prevent numerical problems
NOTE: State(s) C not present in partition 200010at5125 and thus removed from Markov process to prevent numerical problems
NOTE: State(s) C not present in partition 200142at5125 and thus removed from Markov process to prevent numerical problems
NOTE: State(s) D, C, W not present in partition 200164at5125 and thus removed from Markov process to prevent numerical problems
NOTE: State(s) W not present in partition 200242at5125 and thus removed from Markov process to prevent numerical problems
NOTE: State(s) C not present in partition 20040at5125 and thus removed from Markov process to prevent numerical problems
NOTE: State(s) C not present in partition 200751at5125 and thus removed from Markov process to prevent numerical problems
NOTE: State(s) C not present in partition 201323at5125 and thus removed from Markov process to prevent numerical problems
NOTE: State(s) C not present in partition 201351at5125 and thus removed from Markov process to prevent numerical problems
NOTE: State(s) C not present in partition 201447at5125 and thus removed from Markov process to prevent numerical problems
NOTE: State(s) C not present in partition 202087at5125 and thus removed from Markov process to prevent numerical problems
WARNING: States(s) C rarely appear in partition 202148at5125 and may cause numerical problems
NOTE: State(s) C not present in partition 202460at5125 and thus removed from Markov process to prevent numerical problems
NOTE: State(s) C not present in partition 202829at5125 and thus removed from Markov process to prevent numerical problems
NOTE: State(s) C not present in partition 202954at5125 and thus removed from Markov process to prevent numerical problems
NOTE: State(s) C not present in partition 203210at5125 and thus removed from Markov process to prevent numerical problems
NOTE: State(s) C not present in partition 203469at5125 and thus removed from Markov process to prevent numerical problems
NOTE: State(s) C not present in partition 203712at5125 and thus removed from Markov process to prevent numerical problems
NOTE: State(s) W not present in partition 203716at5125 and thus removed from Markov process to prevent numerical problems
NOTE: State(s) C not present in partition 203775at5125 and thus removed from Markov process to prevent numerical problems
NOTE: State(s) C not present in partition 204247at5125 and thus removed from Markov process to prevent numerical problems
NOTE: State(s) C not present in partition 204319at5125 and thus removed from Markov process to prevent numerical problems
NOTE: State(s) C not present in partition 204996at5125 and thus removed from Markov process to prevent numerical problems
NOTE: State(s) C not present in partition 205135at5125 and thus removed from Markov process to prevent numerical problems
NOTE: State(s) C not present in partition 205321at5125 and thus removed from Markov process to prevent numerical problems
NOTE: State(s) C not present in partition 205747at5125 and thus removed from Markov process to prevent numerical problems
NOTE: State(s) C not present in partition 205757at5125 and thus removed from Markov process to prevent numerical problems
WARNING: States(s) C rarely appear in partition 205851at5125 and may cause numerical problems
NOTE: State(s) C not present in partition 206089at5125 and thus removed from Markov process to prevent numerical problems
WARNING: States(s) W rarely appear in partition 206196at5125 and may cause numerical problems
NOTE: State(s) C not present in partition 206702at5125 and thus removed from Markov process to prevent numerical problems
NOTE: State(s) C not present in partition 206999at5125 and thus removed from Markov process to prevent numerical problems
NOTE: State(s) C not present in partition 207296at5125 and thus removed from Markov process to prevent numerical problems
NOTE: State(s) C, H, W not present in partition 207350at5125 and thus removed from Markov process to prevent numerical problems
NOTE: State(s) C not present in partition 207372at5125 and thus removed from Markov process to prevent numerical problems
NOTE: State(s) C, W not present in partition 210173at5125 and thus removed from Markov process to prevent numerical problems
NOTE: State(s) C not present in partition 210931at5125 and thus removed from Markov process to prevent numerical problems
NOTE: State(s) C not present in partition 211199at5125 and thus removed from Markov process to prevent numerical problems
NOTE: State(s) C not present in partition 211339at5125 and thus removed from Markov process to prevent numerical problems
NOTE: State(s) C not present in partition 211434at5125 and thus removed from Markov process to prevent numerical problems
NOTE: State(s) H, T, W not present in partition 211442at5125 and thus removed from Markov process to prevent numerical problems
NOTE: State(s) C not present in partition 211716at5125 and thus removed from Markov process to prevent numerical problems
NOTE: State(s) C not present in partition 211771at5125 and thus removed from Markov process to prevent numerical problems
NOTE: State(s) C, W not present in partition 211830at5125 and thus removed from Markov process to prevent numerical problems
NOTE: State(s) C not present in partition 211952at5125 and thus removed from Markov process to prevent numerical problems
NOTE: State(s) W not present in partition 211977at5125 and thus removed from Markov process to prevent numerical problems
NOTE: State(s) C not present in partition 212065at5125 and thus removed from Markov process to prevent numerical problems
NOTE: State(s) W not present in partition 212115at5125 and thus removed from Markov process to prevent numerical problems
NOTE: State(s) C not present in partition 212171at5125 and thus removed from Markov process to prevent numerical problems
NOTE: State(s) H not present in partition 212277at5125 and thus removed from Markov process to prevent numerical problems
NOTE: State(s) C not present in partition 212495at5125 and thus removed from Markov process to prevent numerical problems
NOTE: State(s) W not present in partition 212549at5125 and thus removed from Markov process to prevent numerical problems
NOTE: State(s) C not present in partition 212969at5125 and thus removed from Markov process to prevent numerical problems
NOTE: State(s) W not present in partition 213123at5125 and thus removed from Markov process to prevent numerical problems
NOTE: State(s) C, H not present in partition 213411at5125 and thus removed from Markov process to prevent numerical problems
NOTE: State(s) C not present in partition 213715at5125 and thus removed from Markov process to prevent numerical problems
NOTE: State(s) C not present in partition 213760at5125 and thus removed from Markov process to prevent numerical problems
NOTE: State(s) C not present in partition 213803at5125 and thus removed from Markov process to prevent numerical problems
NOTE: State(s) H not present in partition 214502at5125 and thus removed from Markov process to prevent numerical problems
NOTE: State(s) C not present in partition 214932at5125 and thus removed from Markov process to prevent numerical problems
NOTE: State(s) W not present in partition 215043at5125 and thus removed from Markov process to prevent numerical problems
NOTE: State(s) W not present in partition 215279at5125 and thus removed from Markov process to prevent numerical problems
NOTE: State(s) W not present in partition 215516at5125 and thus removed from Markov process to prevent numerical problems
NOTE: State(s) C not present in partition 215547at5125 and thus removed from Markov process to prevent numerical problems
NOTE: State(s) C not present in partition 215637at5125 and thus removed from Markov process to prevent numerical problems
NOTE: State(s) C, H not present in partition 215685at5125 and thus removed from Markov process to prevent numerical problems
NOTE: State(s) C, Y not present in partition 216294at5125 and thus removed from Markov process to prevent numerical problems
NOTE: State(s) C not present in partition 216386at5125 and thus removed from Markov process to prevent numerical problems
NOTE: State(s) C not present in partition 216449at5125 and thus removed from Markov process to prevent numerical problems
WARNING: States(s) C rarely appear in partition 216508at5125 and may cause numerical problems
NOTE: State(s) W not present in partition 216603at5125 and thus removed from Markov process to prevent numerical problems
NOTE: State(s) C not present in partition 216956at5125 and thus removed from Markov process to prevent numerical problems
NOTE: State(s) W, Y not present in partition 217472at5125 and thus removed from Markov process to prevent numerical problems
NOTE: State(s) C not present in partition 218076at5125 and thus removed from Markov process to prevent numerical problems
NOTE: State(s) H not present in partition 218118at5125 and thus removed from Markov process to prevent numerical problems
NOTE: State(s) C not present in partition 218132at5125 and thus removed from Markov process to prevent numerical problems
NOTE: State(s) C not present in partition 218206at5125 and thus removed from Markov process to prevent numerical problems
NOTE: State(s) C not present in partition 218326at5125 and thus removed from Markov process to prevent numerical problems
NOTE: State(s) C not present in partition 218388at5125 and thus removed from Markov process to prevent numerical problems
NOTE: State(s) F not present in partition 218401at5125 and thus removed from Markov process to prevent numerical problems
NOTE: State(s) C not present in partition 218596at5125 and thus removed from Markov process to prevent numerical problems
NOTE: State(s) C not present in partition 219299at5125 and thus removed from Markov process to prevent numerical problems
NOTE: State(s) C, W not present in partition 219622at5125 and thus removed from Markov process to prevent numerical problems
NOTE: State(s) C not present in partition 219812at5125 and thus removed from Markov process to prevent numerical problems
NOTE: State(s) W not present in partition 219867at5125 and thus removed from Markov process to prevent numerical problems
NOTE: State(s) C, W not present in partition 220055at5125 and thus removed from Markov process to prevent numerical problems
NOTE: State(s) C not present in partition 220486at5125 and thus removed from Markov process to prevent numerical problems
NOTE: State(s) H, W not present in partition 220581at5125 and thus removed from Markov process to prevent numerical problems
NOTE: State(s) C, H, W not present in partition 220646at5125 and thus removed from Markov process to prevent numerical problems
NOTE: State(s) H, W not present in partition 220821at5125 and thus removed from Markov process to prevent numerical problems
NOTE: State(s) C not present in partition 220823at5125 and thus removed from Markov process to prevent numerical problems
NOTE: State(s) C not present in partition 220890at5125 and thus removed from Markov process to prevent numerical problems
NOTE: State(s) C not present in partition 220968at5125 and thus removed from Markov process to prevent numerical problems
NOTE: State(s) W not present in partition 221075at5125 and thus removed from Markov process to prevent numerical problems
NOTE: State(s) W not present in partition 221239at5125 and thus removed from Markov process to prevent numerical problems
NOTE: State(s) C not present in partition 221281at5125 and thus removed from Markov process to prevent numerical problems
NOTE: State(s) C not present in partition 221282at5125 and thus removed from Markov process to prevent numerical problems
NOTE: State(s) C not present in partition 221345at5125 and thus removed from Markov process to prevent numerical problems
NOTE: State(s) E not present in partition 221361at5125 and thus removed from Markov process to prevent numerical problems
NOTE: State(s) C not present in partition 221393at5125 and thus removed from Markov process to prevent numerical problems
NOTE: State(s) C not present in partition 221516at5125 and thus removed from Markov process to prevent numerical problems
NOTE: State(s) C, W not present in partition 221560at5125 and thus removed from Markov process to prevent numerical problems
NOTE: State(s) C not present in partition 221610at5125 and thus removed from Markov process to prevent numerical problems
NOTE: State(s) C not present in partition 221648at5125 and thus removed from Markov process to prevent numerical problems
NOTE: State(s) C not present in partition 221758at5125 and thus removed from Markov process to prevent numerical problems
NOTE: State(s) C not present in partition 221813at5125 and thus removed from Markov process to prevent numerical problems
NOTE: State(s) W not present in partition 221997at5125 and thus removed from Markov process to prevent numerical problems
NOTE: State(s) C, H not present in partition 222094at5125 and thus removed from Markov process to prevent numerical problems
NOTE: State(s) C not present in partition 222177at5125 and thus removed from Markov process to prevent numerical problems
NOTE: State(s) C, F not present in partition 222182at5125 and thus removed from Markov process to prevent numerical problems
NOTE: State(s) C not present in partition 222216at5125 and thus removed from Markov process to prevent numerical problems
NOTE: State(s) C, W not present in partition 222485at5125 and thus removed from Markov process to prevent numerical problems
NOTE: State(s) C, H, W not present in partition 222624at5125 and thus removed from Markov process to prevent numerical problems
NOTE: State(s) W not present in partition 222646at5125 and thus removed from Markov process to prevent numerical problems
NOTE: State(s) C not present in partition 222663at5125 and thus removed from Markov process to prevent numerical problems
NOTE: State(s) W not present in partition 222704at5125 and thus removed from Markov process to prevent numerical problems
NOTE: State(s) R, C not present in partition 222715at5125 and thus removed from Markov process to prevent numerical problems
NOTE: State(s) C not present in partition 222776at5125 and thus removed from Markov process to prevent numerical problems
NOTE: State(s) C not present in partition 222853at5125 and thus removed from Markov process to prevent numerical problems
NOTE: State(s) W not present in partition 222901at5125 and thus removed from Markov process to prevent numerical problems
NOTE: State(s) C not present in partition 222954at5125 and thus removed from Markov process to prevent numerical problems
WARNING: States(s) C rarely appear in partition 223166at5125 and may cause numerical problems
NOTE: State(s) C not present in partition 223184at5125 and thus removed from Markov process to prevent numerical problems
NOTE: State(s) H, W not present in partition 223242at5125 and thus removed from Markov process to prevent numerical problems
NOTE: State(s) C not present in partition 223398at5125 and thus removed from Markov process to prevent numerical problems
NOTE: State(s) C not present in partition 223470at5125 and thus removed from Markov process to prevent numerical problems
NOTE: State(s) C not present in partition 223509at5125 and thus removed from Markov process to prevent numerical problems
NOTE: State(s) C not present in partition 223567at5125 and thus removed from Markov process to prevent numerical problems
NOTE: State(s) C not present in partition 223592at5125 and thus removed from Markov process to prevent numerical problems
NOTE: State(s) C not present in partition 223622at5125 and thus removed from Markov process to prevent numerical problems
NOTE: State(s) C, W not present in partition 223645at5125 and thus removed from Markov process to prevent numerical problems
NOTE: State(s) H not present in partition 223707at5125 and thus removed from Markov process to prevent numerical problems
NOTE: State(s) C not present in partition 223737at5125 and thus removed from Markov process to prevent numerical problems
NOTE: State(s) C not present in partition 223741at5125 and thus removed from Markov process to prevent numerical problems
NOTE: State(s) C, W not present in partition 223745at5125 and thus removed from Markov process to prevent numerical problems
NOTE: State(s) C, F, W not present in partition 223785at5125 and thus removed from Markov process to prevent numerical problems
NOTE: State(s) C not present in partition 223797at5125 and thus removed from Markov process to prevent numerical problems
NOTE: State(s) C, H, W not present in partition 223799at5125 and thus removed from Markov process to prevent numerical problems
NOTE: State(s) W not present in partition 223820at5125 and thus removed from Markov process to prevent numerical problems
NOTE: State(s) C not present in partition 223898at5125 and thus removed from Markov process to prevent numerical problems
NOTE: State(s) W not present in partition 224042at5125 and thus removed from Markov process to prevent numerical problems
NOTE: State(s) C not present in partition 224080at5125 and thus removed from Markov process to prevent numerical problems
NOTE: State(s) C not present in partition 224085at5125 and thus removed from Markov process to prevent numerical problems
NOTE: State(s) C not present in partition 224150at5125 and thus removed from Markov process to prevent numerical problems
NOTE: State(s) C, H, F not present in partition 224210at5125 and thus removed from Markov process to prevent numerical problems
NOTE: State(s) C, H, W not present in partition 224350at5125 and thus removed from Markov process to prevent numerical problems
NOTE: State(s) C not present in partition 224389at5125 and thus removed from Markov process to prevent numerical problems
NOTE: State(s) C, W not present in partition 224422at5125 and thus removed from Markov process to prevent numerical problems
NOTE: State(s) W not present in partition 224443at5125 and thus removed from Markov process to prevent numerical problems
NOTE: State(s) C not present in partition 224534at5125 and thus removed from Markov process to prevent numerical problems
NOTE: State(s) C not present in partition 224575at5125 and thus removed from Markov process to prevent numerical problems
NOTE: State(s) C not present in partition 224629at5125 and thus removed from Markov process to prevent numerical problems
NOTE: State(s) M, W not present in partition 227019at5125 and thus removed from Markov process to prevent numerical problems
NOTE: State(s) C not present in partition 227295at5125 and thus removed from Markov process to prevent numerical problems
WARNING: States(s) Y rarely appear in partition 23161at5125 and may cause numerical problems
NOTE: State(s) N, H, W not present in partition 28761at5125 and thus removed from Markov process to prevent numerical problems
NOTE: State(s) H, W not present in partition 31753at5125 and thus removed from Markov process to prevent numerical problems
NOTE: State(s) H not present in partition 38498at5125 and thus removed from Markov process to prevent numerical problems
NOTE: State(s) W not present in partition 39338at5125 and thus removed from Markov process to prevent numerical problems
NOTE: State(s) W, Y not present in partition 4250at5125 and thus removed from Markov process to prevent numerical problems
NOTE: State(s) C not present in partition 44919at5125 and thus removed from Markov process to prevent numerical problems
NOTE: State(s) F not present in partition 46325at5125 and thus removed from Markov process to prevent numerical problems
NOTE: State(s) C not present in partition 47657at5125 and thus removed from Markov process to prevent numerical problems
NOTE: State(s) C not present in partition 52787at5125 and thus removed from Markov process to prevent numerical problems
WARNING: States(s) H rarely appear in partition 53485at5125 and may cause numerical problems
NOTE: State(s) H not present in partition 56082at5125 and thus removed from Markov process to prevent numerical problems
NOTE: State(s) W not present in partition 57446at5125 and thus removed from Markov process to prevent numerical problems
NOTE: State(s) M not present in partition 61008at5125 and thus removed from Markov process to prevent numerical problems
NOTE: State(s) C not present in partition 61402at5125 and thus removed from Markov process to prevent numerical problems
NOTE: State(s) C not present in partition 67605at5125 and thus removed from Markov process to prevent numerical problems
NOTE: State(s) C not present in partition 69044at5125 and thus removed from Markov process to prevent numerical problems
NOTE: State(s) W not present in partition 69391at5125 and thus removed from Markov process to prevent numerical problems
NOTE: State(s) W not present in partition 79557at5125 and thus removed from Markov process to prevent numerical problems
NOTE: State(s) H not present in partition 80840at5125 and thus removed from Markov process to prevent numerical problems
NOTE: State(s) C not present in partition 81015at5125 and thus removed from Markov process to prevent numerical problems
NOTE: State(s) C not present in partition 81061at5125 and thus removed from Markov process to prevent numerical problems
NOTE: State(s) C not present in partition 85340at5125 and thus removed from Markov process to prevent numerical problems
NOTE: State(s) W not present in partition 85513at5125 and thus removed from Markov process to prevent numerical problems
NOTE: State(s) C not present in partition 88002at5125 and thus removed from Markov process to prevent numerical problems
NOTE: State(s) C not present in partition 88557at5125 and thus removed from Markov process to prevent numerical problems
NOTE: State(s) C not present in partition 88773at5125 and thus removed from Markov process to prevent numerical problems
NOTE: State(s) C not present in partition 88809at5125 and thus removed from Markov process to prevent numerical problems
NOTE: State(s) C not present in partition 88938at5125 and thus removed from Markov process to prevent numerical problems
NOTE: State(s) D, C not present in partition 91215at5125 and thus removed from Markov process to prevent numerical problems
NOTE: State(s) F not present in partition 94482at5125 and thus removed from Markov process to prevent numerical problems
NOTE: State(s) C not present in partition 94851at5125 and thus removed from Markov process to prevent numerical problems
NOTE: State(s) C not present in partition 94917at5125 and thus removed from Markov process to prevent numerical problems
NOTE: State(s) C not present in partition 96196at5125 and thus removed from Markov process to prevent numerical problems
NOTE: State(s) C not present in partition 96359at5125 and thus removed from Markov process to prevent numerical problems
NOTE: State(s) C not present in partition 97858at5125 and thus removed from Markov process to prevent numerical problems
NOTE: State(s) W not present in partition 98133at5125 and thus removed from Markov process to prevent numerical problems
NOTE: 589 states (see above) are not present and thus removed from Markov process to prevent numerical problems
Generating 1000 samples for ultrafast bootstrap (seed: 12345)...

NOTE: 897 MB RAM (0 GB) is required!
Estimate model parameters (epsilon = 0.100)
Initial log-likelihood: -6396753.163
Current log-likelihood at step 1: -6396751.225
Current log-likelihood at step 2: -6396751.210
Partition-specific rates:  0.469 1.079 4.675 0.130 1.165 0.604 0.714 0.361 0.940 43.616 0.000 0.471 0.332 0.103 1.402 0.385 0.528 5.967 1.392 1.006 0.873 1.046 0.760 0.994 0.581 2.736 0.317 0.588 0.000 0.632 0.645 0.485 1.181 0.549 1.144 1.154 1.147 0.371 0.381 0.570 0.600 0.183 7.688 0.453 0.000 0.762 0.538 0.698 0.631 0.000 0.674 1.052 0.925 0.401 0.333 0.103 0.099 0.489 0.303 0.538 1.548 0.970 0.572 1.070 0.709 0.454 0.738 0.508 0.352 0.388 0.519 0.444 5.148 0.288 5.599 0.384 0.949 0.884 0.678 0.851 0.198 1.138 2.120 0.567 0.488 0.636 0.926 1.172 0.000 0.679 0.543 0.371 1.161 0.469 0.361 0.565 0.000 1.879 1.309 1.633 2.087 0.324 0.319 0.714 0.525 0.000 0.857 0.477 0.146 0.578 1.552 0.000 0.784 1.480 0.854 0.374 0.427 1.308 0.562 0.638 14.315 0.000 0.721 0.361 2.324 0.000 0.000 2.191 1.369 0.394 0.528 3.065 0.227 0.881 0.882 0.720 2.879 0.526 0.861 0.000 0.180 1.530 0.572 0.511 0.683 0.864 0.530 0.334 2.630 0.442 0.943 15.546 0.745 1.022 0.341 0.636 0.762 2.547 0.000 0.326 0.164 1.433 1.124 0.890 0.763 1.161 1.754 1.134 15.474 0.736 0.900 0.369 1.233 1.311 0.584 1.002 0.937 4.693 0.229 0.673 0.610 0.000 0.641 0.321 0.000 0.513 0.333 0.352 0.518 1.072 0.378 0.759 0.270 7.960 0.311 0.104 0.920 5.351 5.236 0.833 0.967 1.023 2.436 0.903 0.351 0.713 0.286 5.962 0.983 29.303 1.010 0.436 0.901 0.000 1.582 1.007 5.876 0.499 0.170 0.100 0.701 1.004 0.545 0.457 0.618 0.197 1.873 0.855 0.261 0.545 0.532 1.309 3.157 0.199 0.268 0.581 0.819 0.000 8.662 0.955 0.336 1.127 1.008 1.498 0.978 1.692 1.536 8.791 0.441 1.089 0.744 0.000 1.788 0.388 1.123 0.214 4.050 0.623 0.000 0.000 1.076 0.434 0.816 0.625 1.460 0.000 0.456 1.853 0.752 0.694 0.521 0.870 1.566 0.670 0.549 1.879 0.700 1.120 0.000 1.819 0.617 0.586 3.176 3.758 0.222 0.000 0.502 1.184 0.783 0.305 2.959 3.868 0.469 1.506 1.028 1.234 0.847 0.539 4.657 0.746 1.217 0.517 0.115 2.081 1.233 0.000 0.663 0.745 0.268 1.182 0.000 0.000 0.000 0.910 0.328 0.000 0.342 0.540 0.000 13.085 1.413 0.221 0.237 0.322 4.691 0.969 0.000 0.618 1.821 0.865 0.409 0.153 0.000 0.510 0.000 0.206 0.601 1.561 0.589 0.214 0.077 1.222 0.292 1.218 0.899 1.345 1.521 1.233 0.000 0.378 0.239 1.285 0.095 0.361 0.000 0.370 0.257 0.575 0.374 0.285 1.493 0.133 2.140 0.154 0.446 0.515 1.603 0.659 0.250 0.304 0.511 0.292 0.427 0.328 0.129 0.000 2.288 0.131 0.235 0.000 0.000 0.000 0.942 0.853 0.172 2.206 0.089 0.000 0.000 5.153 0.371 1.182 1.100 1.311 0.000 0.241 0.956 1.721 0.851 0.361 0.308 0.710 0.574 0.598 0.000 0.345 0.166 0.111 0.221 0.605 0.260 0.142 1.604 0.000 1.170 0.920 0.891 0.287 0.688 1.702 0.000 0.582 0.366 1.140 2.175 0.995 0.795 0.802 0.891 1.517 0.000 1.528 0.468 0.158 0.527 1.381 0.672 0.229 0.394 1.009 0.444 0.000 0.206 0.144 0.515 0.064 0.647 9.888 1.210 0.203 0.359 0.610 0.560 2.093 0.668 1.060 2.707 1.318 0.000 0.576 1.478 2.278 0.000 1.297 0.089 0.148 0.934 0.000 0.370 0.000 0.813 0.824 0.623 0.330 0.769 1.362 0.922 0.000 2.017 0.247 0.616 0.394 0.676 0.239 1.043 0.150 1.705 0.474 0.454 0.288 0.480 0.230 0.465 1.427 0.232 0.122 0.615 0.396 0.066 0.427 3.935 0.535 0.417 0.477 0.552 1.033 0.205 0.770 0.000 0.000 0.000 0.546 0.467 0.149 0.000 1.037 0.000 1.774 0.610 0.736 1.131 1.034 0.476 1.161 1.369 0.725 0.000 1.986 0.000 1.219 0.245 1.382 1.206 0.000 0.142 1.047 3.373 0.346 1.836 1.741 1.449 0.597 0.290 0.340 0.636 0.403 8.011 5.232 0.501 0.000 2.894 0.741 0.266 0.606 0.112 0.000 0.000 1.379 0.593 18.691 2.013 0.346 0.601 0.259 0.000 0.483 0.326 0.229 0.504 0.544 0.758 4.771 1.193 2.279 8.659 0.287 0.877 3.791 8.707 0.000 1.684 0.751 1.200 0.234 0.549 0.272 0.895 0.642 0.230 0.433 0.431 0.170 0.000 0.546 0.240 0.000 0.295 0.574 0.251 0.187 0.262 0.442 4.209 1.915 0.584 0.210 0.530 0.613 0.142 0.898 0.000 0.170 1.441 2.365 0.000 0.506 0.559 1.215 1.408 0.841 0.864 0.443 0.411 0.085 0.918 0.338 0.000 0.965 0.518 0.000 0.198 1.123 1.859 0.670 0.297 0.594 0.715 0.101 0.850 1.071 0.384 0.809 0.288 1.104 1.455 0.535 1.130 0.314 0.186 4.366 1.632 1.139 0.432 0.153 3.527 0.798 0.205 1.329 0.000 0.305 6.837 0.000 0.356 0.378 0.274 0.199 0.160 0.000 1.137 0.247 0.227 0.820 0.494 0.442 0.781 0.204 1.944 0.123 0.000 1.198 0.000 0.676 1.054 0.000 0.987 0.431 0.000 0.860 0.115 0.365 0.363 0.763 1.035 0.714 0.941 1.179 0.264 0.370 0.439 0.113 4.338 1.622 0.755 1.779 0.065 0.489 0.358 1.018 0.234 0.298 3.988 3.394 0.480 0.623 2.501 0.798 0.227 0.790 0.420 0.401 1.053 0.377 1.277 0.539 1.350 0.309 0.484 0.098 0.576 1.349 0.380 0.529 0.315 1.064 0.119 1.234 1.047 3.799 0.580 0.864 0.000 0.215 9.015 0.772 2.594 6.328 0.278 2.400 0.601 0.130 0.803 0.000 2.379 0.927 0.174 0.927 0.252 1.165 0.390 0.374 0.815 0.612 1.325 0.391 1.425 0.234 0.710 0.961 0.458 1.330 0.806 0.489 0.975 0.183 5.574 0.338 1.295 0.526 0.965 0.540 0.683 0.914 1.312 0.818 2.478 0.571 0.288 0.000 0.285 0.340 0.326 2.549 0.502 0.884 1.805 1.966 0.069 0.077 2.054 0.926 0.539 1.513 0.245 9.980 1.666 0.780 0.585 0.221 0.235 0.889 0.308 0.445 0.394 0.151 4.780 0.672 0.612 0.249 0.688 0.000 1.199 7.464 0.828 0.357 0.555 0.368 0.210 5.952 0.000 0.677 0.415 0.902 0.473 3.175 1.810 0.864 8.116 0.412 8.493 0.337 1.024 0.000 0.408 0.000 0.545 0.603 0.278 5.226 0.000 0.798 1.999 0.831 4.105 0.733 0.209 0.057 0.921 2.273 1.345 0.517 1.144 0.887 0.000 0.965 0.736 0.000 1.286 0.552 1.041 2.210 1.646 1.195 0.211 0.894 1.020 1.151 0.000 2.148 0.000 0.727 1.613 0.261 0.208 0.202 1.369 1.131 0.779 0.000 0.789 0.753 0.000 0.213 1.190 1.258 0.198 0.000 1.340 0.979 0.000 1.387 0.676 1.230 1.025 0.922 2.213 1.286 1.449 0.321 0.422 0.374 0.000 0.344 0.277 5.727 0.151 0.475 0.930 0.473 0.604 0.940 2.476 0.945 12.032 0.249 1.188 0.561 1.778 0.152 0.888 0.796 0.822 1.036 0.946 0.396 0.736 15.660 0.255 4.535 0.929 0.543 0.753 0.000 0.877 0.000 0.796 0.377 0.072 0.000 0.608 0.262 0.103 1.285 1.822 0.130 0.000 0.000 0.570 0.000 0.000 3.396 0.370 0.322 0.104 1.388 0.000 4.020 0.785 0.214 0.000 0.344 0.411 0.513 16.345 0.000 0.526 0.278 0.369 0.000 0.000 0.444 0.000 0.302 0.000 0.115 0.000 1.314 1.320 0.112 0.685 0.500 0.346 2.333 0.847 0.610 0.000 0.127 0.404 3.387 0.248 0.792 0.615 3.007 0.485 0.624 0.550 0.000 0.000 0.844 0.000 0.000 0.970 0.000 0.608 0.285 0.000 0.874 0.100 0.000 0.556 0.200 0.455 0.095 0.230 0.359 1.187 0.361 1.044 0.207 0.702 0.293 0.441 6.662 0.465 6.071 4.305 0.374 0.000 3.411 0.122 0.656 0.722 2.632 0.231 0.218 0.351 0.199 4.390 2.779 0.368 0.000 0.832 0.739 0.543 0.000 0.927 0.000 0.248 0.242 0.501 0.252 0.108 0.766 0.087 2.260 1.286 0.215 1.077 0.566 0.267 0.609 0.362 0.983 0.604 0.354 0.094 0.958 0.000 0.000 0.342 0.429 0.000 0.060 0.000 0.236 0.105 0.169 0.546 0.157 0.772 0.000 0.824 0.656 0.383 0.231 2.351 0.631 0.974 0.843 0.159 0.755 0.138 0.000 0.000 0.000 0.000 1.503 0.854 0.000 1.145 1.318 0.638 0.554 0.523 0.057 1.058 0.000 0.111 0.142 0.551 0.465 10.249 0.000 0.000 0.845 0.365 0.956 0.721 0.000 0.591 0.196 0.000 1.191 1.269 0.646 0.461 0.572 0.372 0.796 0.000 1.434 0.000 0.226 0.243 0.000 0.515 0.458 0.252 2.791 0.107 0.000 0.000 0.338 1.096 0.405 0.000 0.787 0.499 4.478 0.395 0.260 0.083 0.260 1.995 0.857 0.000 0.654 0.273 0.621 0.384 0.388 0.696 0.582 0.191 1.290 2.385 0.833 1.029 0.306 0.341 0.612 0.127 0.000 0.558 0.491 0.299 0.133 0.143 3.477 0.653 0.421 0.761 0.096 7.853 0.000 1.332 4.551 0.000 0.697 0.701 0.410 0.868 0.845 0.000 0.118 0.881 1.986 0.176 0.000 0.000 1.096 0.673 0.634 0.264 0.000 1.014 0.000 0.676 0.828 0.336 0.731 0.280 2.282 1.635 0.050 0.387 0.000 0.983 0.247 0.277 0.492 0.161 0.827 0.131 0.317 1.008 0.000 0.322 0.389 0.204 0.279 0.753 0.000 0.344 0.325 0.429 0.000 0.000 0.266 0.204 0.555 0.451 0.128 0.000 1.148 0.261 0.109 0.610 0.237 0.731 0.458 2.191 0.393 2.166 0.478 0.798 0.391 0.874 0.624 0.397 0.412 0.242 0.139 0.250 0.461 0.728 0.528 0.485 1.355 0.339 0.271 0.716 1.289 0.235 0.382 0.000 0.386 0.482 0.206 0.285 0.135 0.000 0.796 0.903 0.280 0.000 1.187 0.726 0.425 0.000 1.590 0.384 0.267 1.074 0.181 0.000 0.176 3.455 0.455 0.187 0.156 0.774 0.417 0.321 0.536 2.854 0.087 0.747 1.665 0.111 0.210 0.040 0.694 1.010 0.276 0.789 0.938 0.530 1.299 0.792 0.653 0.977 0.396 0.348 0.707 0.189 0.869 0.508 0.272 1.254 0.392 0.511 0.361 0.219 0.117 0.000 0.196 0.226 2.082 0.387 0.000 0.614 0.000 0.000 0.000 0.000 1.646 0.000 0.352 0.000 0.311 0.000 0.660 0.228 0.206 1.361 0.452 0.731 0.429 0.366 0.487 0.472 0.229 0.174 1.649 0.677 0.616 0.321 0.292 0.381 0.273 0.000 6.044 5.943 0.557 0.687 0.264 0.554 0.261 0.900 0.628 0.065 0.295 0.704 0.075 0.169 0.539 1.192 1.101 4.214 1.365 1.246 0.809 0.322 1.125 0.240 1.466 0.000 0.169 0.174 1.339 0.155 3.986 0.250 0.594 0.379 0.541 0.884 1.099 1.908 0.350 2.791 0.349 0.818 1.255 0.735 0.302 0.238 0.339 3.691 0.397 0.101 1.200 0.304 0.294 0.298 1.124 0.881 0.367 0.579 1.079 0.335 0.000 0.768 1.521 0.323 0.606 0.310 0.540 0.625 1.839 0.000 6.595 1.063 0.267 0.342 1.018 0.631 0.411 2.483 1.774 0.514 3.982 0.142 0.329 3.784 0.709 0.180 0.000 0.187 0.147 0.156 0.958 0.179 0.845 1.062 0.235 0.000 0.189 0.437 0.469 0.745 0.136 1.985 0.623 0.331 1.624 0.110 0.593 0.000 1.378 0.000 1.504 0.000 0.000 0.829 1.699 1.452 0.580 0.594 0.157 0.839 0.540 0.743 0.282 0.328 2.605 0.000 0.632 1.824 0.913 1.096 1.032 0.532 0.280 0.741 0.992 0.432 0.525 0.525 0.343 0.559 0.586 0.156 1.443 2.063 0.718 0.230 0.000 0.510 1.587 0.553 0.235 1.291 1.224 0.233 0.830 0.000 0.475 0.639 0.000 0.801 0.445 0.874 0.000 0.810 0.204 1.315 0.000 4.489 1.365 0.928 0.256 0.737 0.744 0.446 1.639 0.000 0.402 3.691 0.712 0.356 0.000 0.708 0.000 0.534 0.287 0.596 1.653 0.960 0.908 0.208 2.962 0.161 0.234 0.547 0.677 0.919 0.000 1.357 5.160 2.324 0.231 2.553 0.612 0.123 1.038 1.234 0.743 0.199 0.488 0.246 0.691 0.000 0.256 3.174 1.666 0.000 0.712 0.140 0.000 0.850 0.000 0.721 0.262 0.636 1.129 0.498 0.587 0.847 0.173 0.573 0.996 0.506 0.572 2.035 0.594 3.832 0.317 2.346 0.167 0.379 0.800 0.460 1.775 0.489 0.412 0.899 1.481 1.343 0.246 0.543 0.842 0.882 0.662 0.515 0.552 2.060 0.000 3.220 0.479 0.917 3.484 0.690 0.826 1.001 1.579 12.777 0.921 0.960 1.138 0.134 0.830 1.336 1.062 1.138 0.144 1.042 1.079 0.243 2.174 1.608 0.280 0.389 0.887 1.117 4.863 0.000 1.429 1.514 0.591 1.220 1.492 1.211 5.019 0.637 0.532 0.385 0.727 0.295 0.252 0.957 0.577 0.430 0.348 0.247 0.517 1.279 1.559 0.000 1.587 1.177 0.502 1.597 1.834 0.606 0.705 1.162 0.000 1.229 0.643 0.653 0.000 0.203 0.523 0.465 0.575 0.057 0.358 1.863 1.899 0.307 2.834 0.564 1.112 1.268 0.718 0.737 0.807 2.615 3.570 1.113 1.538 1.411 0.317 0.531 0.733 1.437 0.403 0.956 0.348 0.870 0.000 2.278 0.862 2.144 0.828 0.795 0.880 0.288 1.284 0.000 0.000 0.959 0.199 0.436 2.007 0.750 0.220 0.247 0.258 0.608 0.171 0.960 7.420 2.677 0.000 0.598 1.867 1.734 0.840 1.378 0.496 0.800 0.240 0.290 1.804 0.585 0.000 0.967 0.468 0.998 0.910 0.824 0.313 0.000 0.575 0.105 0.744 0.576 1.014 0.906 0.214 1.440 0.191 0.269 1.188 0.988 1.156 1.296 1.199 0.985 0.874 0.620 0.369 0.984 0.000 2.566 0.864 0.614 0.431 1.376 0.000 0.000 0.000 1.216 0.318 5.413 0.000 0.748 0.000 0.419 0.000 0.391 0.608 0.000 0.000 0.107 0.478 0.499 0.403 0.229 2.055 0.252 0.233 0.000 0.176 0.702 0.234 0.152 0.218 0.000 1.437 0.402 0.000 0.395 0.828 0.000 0.696 0.838 0.735 0.925 0.000 0.000 0.296 2.130 0.330 0.774 0.000 0.145 0.000 0.198 0.433 0.141 9.140 0.205 1.144 0.645 0.448 0.285 3.755 0.411 0.981 0.951 0.764 0.410 0.000 2.462 0.000 0.158 17.675 2.267 0.395 0.269 0.832 0.579 0.000 0.196 0.000 0.109 0.538 0.000 1.112 0.222 0.218 0.383 1.252 1.197 0.434 1.351 0.000 0.670 4.913 0.000 1.780 0.797 2.041 2.027 0.124 0.251 0.173 0.295 0.000 0.617 0.618 0.000 0.551 0.928 1.125 0.000 0.715 0.105 0.659 0.338 0.426 0.309 0.719 0.000 0.000 3.697 0.266 0.261 0.318 0.228 1.210 0.797 0.154 0.201 0.000 0.000 0.914 0.581 4.303 0.188 1.478 0.349 0.292 1.763 1.010 0.000 0.000 0.333 8.351 0.251 1.208 0.000 0.171 0.066 1.627 0.371 0.000 0.742 1.075 0.732 1.267 2.524 0.692 0.816 0.501 0.163 0.520 0.000 0.000 4.361 1.029 0.000 2.931 0.276 0.290 0.291 1.575 1.155 0.000 0.368 0.000 0.705 1.328 0.436 0.620 0.972 0.421 0.557 0.798 0.735 1.114 0.000 0.894 0.341 1.192 0.293 0.373 0.341 0.000 0.193 0.212 0.520 0.340 0.306 0.982 2.638 0.313 1.148 0.161 4.813 0.921 0.609 0.274 1.772 0.967 0.830 0.000 0.867 1.405 0.499 1.125 0.000 0.174 0.911 0.365 0.935 0.190 0.918 1.851 0.000 2.411 66.662 0.612 0.812 1.748 2.833 0.887 1.906 0.232 0.707 0.766 0.180 0.571 0.596 0.982 0.354 0.548 1.086 0.000 10.745 8.938 0.588 0.543 2.614 0.287 4.149 1.552 0.861 0.862 0.421 0.869 1.467 0.357 0.979 1.138 0.807 1.535 0.050 0.124 0.433 0.363 0.267 0.184 0.952 1.289 1.438 1.361 0.000 1.805 0.748 1.209 1.724 0.864 0.000 0.000 0.521 3.140 0.139 0.289 0.559 3.086 0.836 2.950 2.651 0.468 0.188 0.849 0.539 0.949 0.698 0.311 1.085 0.000 1.112 0.529 1.685 6.194 1.019 0.240 0.196 0.658 0.000 0.260 2.338 1.567 0.000 0.534 0.293 0.304 0.142 0.343 0.184 0.565 0.394 0.507 1.534 0.544 0.907 0.456 0.207 1.489 1.450 0.434 0.470 0.000 0.530 1.954 0.487 0.704 4.258 0.128 0.238 1.602 0.180 0.430 2.755 0.546 1.644 0.714 0.000 2.422 0.286 0.600 1.334 0.397 1.365 3.801 1.359 0.302 8.265 0.532 0.000 0.239 0.000 1.428 2.945 0.277 0.460 0.989 1.335 1.353 0.617 0.448 0.678 0.310 0.817 0.475 0.660 0.705 0.749 0.757 0.312 0.780 1.415 1.736 1.568 0.623 0.391 1.090 0.604 0.301 1.929 1.194 3.477 0.908 1.058 0.144 0.513 1.322 0.591 1.783 0.437 3.137 0.209 0.987 0.924 0.992 1.576 0.000 0.386 0.410 1.420 1.770 0.578 1.391 0.355 1.058 0.259 0.442 0.114 1.487 0.000 1.011 0.738 0.235 0.161 0.631 0.501 0.610 3.926 0.000 0.989 1.349 0.804 0.747 1.315 1.135 0.442 2.063 0.125 0.486 0.206 1.927 27.273 0.751 0.000 0.903 0.595 0.790 0.000 0.718 0.622 0.338 0.829 0.000 0.000 1.869 0.000 0.213 0.000 0.201 0.000 0.000 10.508 0.000 2.474 0.250 0.000 0.000 0.000 0.000 0.619 0.000 0.000 0.137 0.639 2.871 0.000 0.000 0.467 0.049 0.000 0.349 0.000 0.481 0.257 0.230 0.290 0.683 0.000 4.955 0.000 1.522 0.947 1.106 1.394 1.136 0.559 0.904 0.445 0.590 0.293 0.517 29.717 0.284 0.791 0.536 7.944 0.618 0.369 0.658 0.962 0.570 0.000 0.159 0.000 0.054 0.000 0.210 0.000 0.183 0.000 0.000 0.124 0.384 0.503 0.582 0.000 0.545 0.000 0.226 1.118 0.550 0.000 0.495 0.108 0.414 0.835 0.000 0.655 1.316 0.000 4.744 0.000 0.819 0.000 0.000 0.939 0.068 0.616 1.675 0.132 0.452 0.000 0.000 0.932 0.220 0.941 0.393 0.749 0.457 0.000 0.669 1.604 0.531 0.686 1.656 0.126 0.260 0.330 0.464 0.441 4.890 0.609 0.227 2.849 0.306 4.254 0.000 0.000 0.406 0.531 0.258 0.653 0.362 0.543 0.430 2.011 0.000 0.283 2.565 0.506 0.878 1.764 0.817 0.288 0.606 0.779 0.211 0.179 0.860 0.524 0.000 0.381 0.463 2.659 0.289 1.212 1.003 0.357 0.000 0.853 0.000 0.958 0.769 1.713 0.494 2.031 0.279 0.241 0.262 0.248 0.701 3.558 1.014 0.000 0.411 1.376 0.000 0.310 0.951 2.295 0.361 2.313 0.558 0.257 0.179 0.546 0.244 1.012 0.246 0.482 0.326 0.000 1.099 0.513 0.335 0.701 1.262 0.334 0.571 2.407 0.282 0.315 1.835 0.252 0.000 15.888 1.483 0.196 0.786 0.205 0.342 0.490 0.331 0.689 0.000 0.432 1.200 0.768 0.358 0.478 1.297 0.858 0.420 1.005 0.743 0.169 0.199 0.737 0.233 1.049 0.122 2.577 0.501 0.216 1.073 0.293 0.120 0.000 1.406 0.265 0.676 0.535 0.352 0.335 0.340 0.168 0.330 0.724 2.956 0.631 0.000 0.469 0.262 0.000 0.724 0.186 1.354 0.406 0.496 0.994 0.346 0.850 0.263 0.558 2.491 0.279 0.550 0.630 0.304 0.593 0.547 0.460 0.128 0.404 0.743 0.000 0.906 0.588 0.635 1.011 2.335 1.073 0.000 0.615 0.182 0.402 0.000 1.307 0.178 0.148 0.709 1.911 0.582 0.111 0.826 0.671 1.116 0.251 0.731 0.230 2.293 0.422 0.000 1.296 0.152 0.177 0.292 1.111 0.674 0.996 0.877 0.501 0.000 1.172 0.230 1.424 0.721 0.615 0.682 0.309 0.533 0.244 0.227 0.825 0.968 0.623 0.000 1.202 0.469 0.841 0.278 0.096 0.938 0.163 0.194 7.554 0.269 1.132 0.000 0.258 0.705 0.000 0.614 0.552 0.620 2.606 0.182 0.733 1.176 1.500 2.510 0.183 1.732 0.749 0.346 3.939 0.000 3.765 0.233 0.109 0.000 0.114 0.379 1.062 0.430 4.313 0.131 3.084 0.177 0.382 0.692 0.112 0.099 1.867 1.366 0.131 0.390 0.000 0.402 0.182 0.801 1.159 1.705 0.328 0.502 0.292 0.501 0.648 0.344 6.037 0.850 0.108 0.000 0.000 1.169 0.454 1.354 0.157 0.998 1.380 0.338 1.233 0.525 0.299 0.493 1.359 1.144 0.861 0.773 0.944 0.252 1.353 0.367 0.580 0.785 0.551 0.931 0.865 0.445 1.357 0.419 0.870 0.635 0.133 0.125 0.000 0.389 0.381 17.196 1.016 0.241 1.713 0.195 0.256 1.867 1.428 0.153 1.054 0.484 0.503 0.381 0.232 1.931 1.371 0.000 1.479 0.000 0.418 0.737 0.691 0.874 0.770 0.686 0.605 0.000 0.299 1.002 0.277 0.567 1.584 0.358 0.817 1.900 0.334 1.178 2.446 0.000 1.426 0.000 0.883 2.285 1.578 0.000 1.748 1.136 0.000 0.346 0.477 0.159 0.296 4.367 0.425 3.360 1.140 0.164 0.426 0.287 1.365 0.622 0.707 0.567 0.108 0.796 1.156 1.858 2.349 0.111 0.300 0.000 0.511 0.240 0.242 0.405 1.107 2.670 0.370 0.509 0.918 0.504 1.296 1.311 0.236 1.232 0.196 2.440 0.312 0.000 0.442 1.341 0.000 0.858 0.501 0.575 0.558 0.332 0.000 0.180 0.360 1.568 0.245 0.330 1.018 1.176 0.322 0.732 0.894 0.963 0.645 0.650 0.601 0.787 1.008 0.472 0.315 0.000 0.537 0.286 0.000 1.014 3.631 0.890 1.504 2.145 0.806 1.008 1.589 1.323 0.364 0.995 0.269 0.637 0.443 0.151 1.743 0.469 0.453 1.329 1.121 0.855 0.504 0.454 1.758 5.305 0.000 1.096 0.892 0.804 0.125 0.550 0.740 2.464 0.298 3.223 9.192 0.811 0.711 0.289 0.425 0.661 0.318 0.556 1.199 0.631 0.941 0.785 0.662 0.463 0.163 4.170 1.894 0.162 0.414 0.825 0.000 0.125 0.140 0.260 0.797 0.547 0.300 3.083 0.080 2.678 1.385 1.741 0.523 1.043 0.440 0.719 1.941 0.701 0.210 0.432 0.000 0.543 0.804 0.678 1.038 0.956 0.704 0.258 1.323 1.441 0.514 0.765 0.000 1.132 1.101 0.691 0.367 0.813 1.761 0.350 0.249 0.000 0.504 1.040 0.999 0.740 1.070 0.186 0.805 0.561 0.000 1.031 0.408 0.974 1.416 0.641 1.552 2.767 7.358 0.764 0.591 0.304 0.191 0.833 0.410 3.356 0.370 0.277 0.527 0.588 0.285 0.118 0.716 0.515 0.456 0.378 0.806 0.492 0.174 0.517 1.416 0.448 0.400 0.532 0.893 0.200 0.795 2.433 0.597 0.801 0.613 0.335 0.184 0.469 0.748 0.865 0.188 1.655 1.016 0.645 0.387 4.884 0.636 0.336 1.183 0.562 0.000 0.822 0.680 0.856 2.666 0.844 1.312 1.223 1.236 1.547 0.522 0.742 0.000 0.518 0.851 0.725 1.648 0.941 0.761 2.972 0.255 0.000 15.481 0.611 0.802 0.212 0.980 1.019 0.589 7.166 0.315 1.109 0.820 0.157 1.945 0.133 0.528 0.976 0.699 0.850 0.597 0.151 0.643 0.000 0.416 1.217 0.772 0.972 0.367 2.034 1.476 0.590 0.463 0.129 0.703 1.472 0.545 0.368 0.133 6.481 1.083 0.767 0.000 7.055 0.760 0.453 0.684 2.419 1.222 0.421 0.385 2.159 0.212 0.654 0.280 1.056 0.000 1.497 0.650 1.174 0.128 0.386 0.219 0.220 0.342 0.169 0.304 1.008 0.557 0.808 0.000 2.150 4.803 1.591 0.715 1.935 1.243 0.210 0.000 0.130 3.589 0.116 1.045 2.025 0.558 0.717 0.328 0.434 0.530 0.627 0.494 1.028 1.091 0.301 0.569 1.067 7.086 0.442 0.903 0.561 0.370 1.238 0.000 0.000 0.787 0.533 0.625 0.549 0.155 0.418 0.822 0.435 7.085 0.375 1.896 0.923 1.407 1.695 0.577 1.234 11.393 0.203 0.461 2.391 0.887 0.587 0.833 0.675 2.162 0.361 1.143 0.646 0.284 0.198 0.853 1.012 1.473 0.147 2.618 0.874 0.853 1.139 0.874 1.826 0.786 0.536 0.380 1.518 1.056 1.887 1.112 0.373 1.098 0.890 0.842 1.615 0.469 2.970 0.237 0.653 0.928 0.000 0.250 2.995 0.660 0.000 1.283 0.675 0.786 0.000 2.028 0.000 0.881 1.973 2.038 1.901 0.000 1.491 0.726 1.954 2.229 0.643 1.012 2.678 1.821 1.647 2.250 1.633 0.217 1.612 0.301 0.000 1.737 1.024 0.725 3.578 2.087 1.300 1.197 0.548 1.974 0.291 0.727 1.132 0.978 0.646 0.860 1.018 1.002 0.519 1.867 1.108 0.371 0.517 0.000 0.209 0.119 1.717 0.492 0.000 0.000 0.932 1.843 0.520 0.871 1.605 0.463 7.538 1.730 0.000 27.114 0.356 4.825 0.626 0.162 0.288 0.448 0.797 0.000 0.223 0.616 1.590 0.727 0.926 0.000 0.151 0.093 1.766 0.000 0.000 2.960 0.335 5.031 0.399 0.000 2.255 0.678 0.194 0.832 0.000 0.000 1.243 0.800 0.655 0.446 0.047 0.283 0.000 0.258 0.513 0.470 0.257 0.166 0.210 0.215 1.627 0.855 0.124 0.872 0.356 0.113 0.392 0.224 0.616 0.166 0.220 1.075 0.380 1.137 0.515 0.326 0.237 0.515 0.189 0.103 1.308 2.404 0.294 0.000 0.223 0.274 0.000 0.813 0.984 1.154 0.000 0.093 0.300 0.464 0.179 0.000 1.235 0.000 0.214 1.175 0.071 0.810 0.723 0.644 0.759 0.000 0.000 1.302 0.102 0.300 0.416 0.000 0.204 0.000 0.487 0.615 1.070 1.093 0.634 0.342 0.000 2.081 0.230 3.802 0.890 0.341 1.109 0.956 1.262 1.466 0.389 0.000 0.483 0.376 1.324 0.141 0.322 0.514 0.000 0.339 0.268 0.693 5.296 0.331 0.580 0.470 0.000 2.454 0.685 0.000 0.645 0.000 0.247 0.892 0.000 0.000 0.920 0.139 0.102 0.274 1.931 0.665 0.742 2.963 0.771 3.910 0.222 0.164 0.283 0.000 0.817 0.000 0.091 0.752 0.000 1.014 0.349 0.465 1.210 0.278 0.634 1.119 0.328 0.343 0.576 0.132 12.645 0.192 0.715 0.220 0.681 0.000 0.570 0.202 0.423 0.353 0.328 0.279 0.221 0.448 0.409 0.000 0.505 0.714 0.939 0.776 0.835 0.107 1.273 0.496 0.528 0.505 0.889 0.361 0.117 0.546 0.421 1.564 1.742 0.523 0.311 1.312 0.454 8.630 0.218 0.000 0.546 0.201 0.364 0.895 1.640 0.224 0.194 0.000 0.569 0.400 0.296 7.117 0.000 2.274 0.589 0.547 0.000 1.220 2.176 0.421 1.415 1.088 0.272 0.254 1.174 0.000 1.366 0.398 0.124 0.227 0.425 0.152 0.338 0.349 0.321 0.335 0.372 0.391 1.181 0.000 0.269 0.407 6.296 1.242 0.220 0.246 0.934 1.208 0.664 0.410 0.586 0.079 0.171 0.000 5.152 0.632 0.811 2.117 1.563 0.000 0.504 0.646 10.227 0.000 0.000 0.595 1.183 4.036 0.709 0.641 0.092 0.765 0.170 0.793 0.422 0.459 1.618 1.712 0.407 0.570 0.216 0.805 2.134 0.496 1.436 0.140 1.660 0.247 0.512 4.392 0.000 2.160 0.000 0.455 0.000 0.339 0.623 0.148 0.312 0.280 0.428 0.368 0.987 0.000 1.063 0.000 0.685 8.090 0.444 0.160 0.231 1.071 8.397 0.291 2.417 0.424 0.641 0.132 0.402 0.110 0.573 0.134 0.211 0.204 0.615 0.592 0.104 1.389 0.000 1.093 1.320 1.335 1.319 3.401 0.905 0.126 5.299 0.192 0.136 0.000 0.718 0.858 0.449 1.009 0.552 0.000 0.326 1.193 0.898 0.137 0.577 0.137 0.809 1.739 0.573 0.427 0.514 0.000 0.241 0.000 1.445 0.221 0.991 0.259 8.325 0.000 0.731 9.647 6.283 0.554 0.797 0.000 0.489 0.404 1.519 0.672 0.000 1.129 0.205 0.431 0.497 0.168 0.320 0.089 3.970 0.188 0.325 1.270 0.917 0.288 0.000 1.913 0.000 1.170 1.709 0.768 0.522 0.306 0.161 0.807 0.207 1.313 0.652 0.198 1.922
Parameters optimization took 1 rounds (2.138 sec)

Computing ML distances based on estimated model parameters... 6.103 sec
Computing BIONJ tree...
0.091 seconds
Log-likelihood of BIONJ tree: -6396751.209
--------------------------------------------------------------------
|             INITIALIZING CANDIDATE TREE SET                      |
--------------------------------------------------------------------
Generating 99 parsimony trees... 63.939 second
Computing log-likelihood of 6 initial trees ... 3.432 seconds
Current best score: -6396751.209

Do NNI search on 7 best initial trees
UPDATE BEST LOG-LIKELIHOOD: -6396751.209
Finish initializing candidate tree set (7)
Current best tree score: -6396751.209 / CPU time: 92.890
Number of iterations: 7
--------------------------------------------------------------------
|               OPTIMIZING CANDIDATE TREE SET                      |
--------------------------------------------------------------------
Iteration 10 / LogL: -6397718.704 / Time: 0h:2m:11s
Iteration 20 / LogL: -6396751.210 / Time: 0h:2m:52s
Iteration 30 / LogL: -6396751.209 / Time: 0h:3m:36s (0h:8m:41s left)
Iteration 40 / LogL: -6396751.209 / Time: 0h:4m:19s (0h:6m:38s left)
Iteration 50 / LogL: -6396751.212 / Time: 0h:5m:0s (0h:5m:6s left)
Log-likelihood cutoff on original alignment: -6396756.082
Iteration 60 / LogL: -6396751.881 / Time: 0h:5m:47s (0h:3m:55s left)
Iteration 70 / LogL: -6396751.210 / Time: 0h:6m:34s (0h:2m:51s left)
Iteration 80 / LogL: -6396751.210 / Time: 0h:7m:27s (0h:1m:53s left)
Iteration 90 / LogL: -6396751.881 / Time: 0h:8m:13s (0h:0m:55s left)
Iteration 100 / LogL: -6396751.209 / Time: 0h:8m:58s (0h:0m:0s left)
Log-likelihood cutoff on original alignment: -6396756.082
NOTE: Bootstrap correlation coefficient of split occurrence frequencies: 1.000
TREE SEARCH COMPLETED AFTER 101 ITERATIONS / Time: 0h:9m:4s

--------------------------------------------------------------------
|                    FINALIZING TREE SEARCH                        |
--------------------------------------------------------------------
Performs final model parameters optimization
Estimate model parameters (epsilon = 0.010)
Initial log-likelihood: -6396751.209
Current log-likelihood at step 1: -6396751.209
Partition-specific rates:  0.469 1.079 4.675 0.130 1.165 0.604 0.714 0.361 0.940 43.622 0.000 0.471 0.332 0.103 1.402 0.385 0.528 5.967 1.392 1.006 0.874 1.046 0.760 0.994 0.581 2.736 0.317 0.588 0.000 0.632 0.645 0.484 1.181 0.549 1.144 1.154 1.147 0.370 0.381 0.570 0.600 0.183 7.688 0.453 0.000 0.762 0.538 0.698 0.631 0.000 0.674 1.052 0.925 0.401 0.333 0.103 0.099 0.489 0.303 0.538 1.548 0.970 0.573 1.070 0.709 0.454 0.738 0.508 0.352 0.388 0.519 0.444 5.148 0.288 5.593 0.384 0.949 0.884 0.678 0.851 0.198 1.138 2.120 0.567 0.488 0.636 0.926 1.172 0.000 0.679 0.543 0.371 1.161 0.469 0.361 0.565 0.000 1.879 1.309 1.633 2.085 0.324 0.319 0.714 0.525 0.000 0.857 0.477 0.146 0.578 1.552 0.000 0.784 1.480 0.854 0.374 0.427 1.308 0.562 0.638 14.302 0.000 0.721 0.361 2.324 0.000 0.000 2.191 1.369 0.393 0.528 3.065 0.227 0.881 0.882 0.720 2.880 0.526 0.861 0.000 0.180 1.530 0.572 0.511 0.683 0.864 0.530 0.334 2.630 0.442 0.943 15.547 0.745 1.023 0.341 0.636 0.762 2.547 0.000 0.326 0.164 1.433 1.124 0.890 0.763 1.161 1.754 1.134 15.475 0.735 0.900 0.369 1.233 1.311 0.584 1.002 0.938 4.693 0.229 0.673 0.610 0.000 0.641 0.321 0.000 0.513 0.333 0.352 0.518 1.072 0.378 0.759 0.270 7.960 0.311 0.104 0.920 5.351 5.236 0.833 0.967 1.023 2.434 0.903 0.351 0.713 0.286 5.962 0.983 29.305 1.010 0.435 0.902 0.000 1.582 1.007 5.876 0.499 0.170 0.100 0.701 1.004 0.545 0.457 0.619 0.197 1.873 0.855 0.261 0.545 0.532 1.309 3.158 0.199 0.268 0.581 0.819 0.000 8.662 0.955 0.336 1.127 1.008 1.498 0.978 1.692 1.536 8.791 0.441 1.089 0.744 0.000 1.786 0.387 1.123 0.214 4.050 0.623 0.000 0.000 1.076 0.434 0.816 0.625 1.460 0.000 0.456 1.853 0.752 0.694 0.522 0.870 1.566 0.670 0.549 1.879 0.700 1.120 0.000 1.819 0.617 0.586 3.176 3.758 0.222 0.000 0.502 1.184 0.783 0.305 2.959 3.869 0.469 1.506 1.028 1.234 0.847 0.539 4.657 0.747 1.217 0.517 0.115 2.079 1.233 0.000 0.663 0.745 0.268 1.182 0.000 0.000 0.000 0.910 0.328 0.000 0.342 0.540 0.000 13.085 1.413 0.221 0.237 0.322 4.691 0.969 0.000 0.618 1.821 0.865 0.409 0.153 0.000 0.510 0.000 0.206 0.601 1.561 0.589 0.214 0.077 1.222 0.292 1.218 0.899 1.345 1.521 1.233 0.000 0.378 0.239 1.285 0.095 0.361 0.000 0.370 0.258 0.575 0.374 0.285 1.493 0.133 2.140 0.154 0.446 0.515 1.603 0.659 0.250 0.304 0.511 0.292 0.427 0.328 0.129 0.000 2.288 0.131 0.235 0.000 0.000 0.000 0.943 0.853 0.172 2.206 0.089 0.000 0.000 5.154 0.371 1.182 1.100 1.311 0.000 0.241 0.956 1.721 0.851 0.361 0.308 0.710 0.574 0.598 0.000 0.345 0.166 0.111 0.221 0.605 0.260 0.142 1.604 0.000 1.170 0.920 0.891 0.287 0.688 1.702 0.000 0.582 0.366 1.140 2.175 0.995 0.795 0.802 0.891 1.517 0.000 1.528 0.468 0.158 0.527 1.379 0.671 0.229 0.394 1.009 0.444 0.000 0.206 0.144 0.515 0.064 0.647 9.889 1.210 0.203 0.359 0.610 0.560 2.093 0.668 1.060 2.707 1.318 0.000 0.576 1.478 2.278 0.000 1.297 0.089 0.148 0.934 0.000 0.370 0.000 0.812 0.824 0.623 0.330 0.769 1.362 0.922 0.000 2.017 0.247 0.616 0.394 0.676 0.239 1.043 0.150 1.705 0.474 0.454 0.288 0.480 0.230 0.465 1.427 0.232 0.122 0.615 0.396 0.066 0.427 3.935 0.535 0.417 0.477 0.552 1.034 0.205 0.770 0.000 0.000 0.000 0.546 0.467 0.149 0.000 1.037 0.000 1.774 0.610 0.736 1.131 1.034 0.476 1.161 1.369 0.725 0.000 1.986 0.000 1.219 0.245 1.381 1.206 0.000 0.142 1.047 3.373 0.346 1.837 1.741 1.449 0.597 0.290 0.340 0.636 0.403 8.012 5.233 0.501 0.000 2.891 0.741 0.266 0.607 0.112 0.000 0.000 1.379 0.593 18.698 2.013 0.346 0.601 0.259 0.000 0.483 0.326 0.229 0.504 0.544 0.758 4.771 1.193 2.279 8.659 0.287 0.877 3.791 8.707 0.000 1.684 0.751 1.200 0.234 0.549 0.272 0.895 0.642 0.230 0.433 0.430 0.170 0.000 0.546 0.240 0.000 0.295 0.574 0.251 0.187 0.262 0.442 4.209 1.915 0.584 0.210 0.530 0.613 0.142 0.897 0.000 0.170 1.440 2.365 0.000 0.506 0.559 1.214 1.408 0.841 0.864 0.443 0.411 0.085 0.918 0.338 0.000 0.965 0.518 0.000 0.198 1.123 1.859 0.670 0.297 0.594 0.715 0.101 0.850 1.071 0.384 0.809 0.288 1.104 1.455 0.535 1.130 0.314 0.186 4.367 1.632 1.139 0.432 0.153 3.528 0.798 0.205 1.329 0.000 0.305 6.838 0.000 0.356 0.378 0.274 0.199 0.160 0.000 1.137 0.247 0.227 0.820 0.494 0.442 0.781 0.204 1.944 0.123 0.000 1.198 0.000 0.676 1.055 0.000 0.987 0.431 0.000 0.859 0.115 0.365 0.363 0.763 1.035 0.714 0.942 1.179 0.264 0.370 0.438 0.113 4.338 1.622 0.755 1.779 0.065 0.489 0.358 1.018 0.234 0.298 3.988 3.394 0.480 0.623 2.501 0.798 0.227 0.790 0.420 0.401 1.052 0.377 1.277 0.539 1.350 0.310 0.484 0.098 0.576 1.349 0.380 0.529 0.315 1.064 0.119 1.234 1.047 3.799 0.580 0.864 0.000 0.215 9.016 0.771 2.594 6.328 0.278 2.400 0.601 0.130 0.803 0.000 2.379 0.927 0.174 0.927 0.252 1.165 0.390 0.374 0.815 0.612 1.325 0.391 1.425 0.234 0.710 0.961 0.458 1.330 0.806 0.489 0.975 0.183 5.582 0.338 1.295 0.526 0.965 0.540 0.683 0.914 1.312 0.818 2.478 0.570 0.288 0.000 0.285 0.340 0.326 2.550 0.502 0.884 1.805 1.966 0.069 0.077 2.054 0.926 0.539 1.514 0.245 9.981 1.666 0.780 0.585 0.221 0.235 0.889 0.307 0.445 0.394 0.151 4.780 0.672 0.612 0.249 0.688 0.000 1.199 7.465 0.828 0.357 0.555 0.368 0.210 5.953 0.000 0.677 0.415 0.902 0.473 3.176 1.810 0.864 8.116 0.412 8.493 0.337 1.024 0.000 0.408 0.000 0.545 0.603 0.278 5.221 0.000 0.798 1.999 0.831 4.105 0.733 0.209 0.057 0.921 2.273 1.345 0.517 1.144 0.887 0.000 0.966 0.736 0.000 1.286 0.552 1.041 2.211 1.646 1.195 0.211 0.894 1.021 1.151 0.000 2.148 0.000 0.727 1.613 0.261 0.208 0.202 1.368 1.131 0.779 0.000 0.789 0.753 0.000 0.213 1.190 1.258 0.198 0.000 1.340 0.979 0.000 1.387 0.676 1.230 1.025 0.922 2.214 1.286 1.449 0.321 0.422 0.374 0.000 0.344 0.277 5.727 0.151 0.475 0.930 0.473 0.604 0.940 2.476 0.945 12.033 0.249 1.188 0.561 1.779 0.152 0.888 0.796 0.822 1.036 0.946 0.396 0.736 15.660 0.255 4.535 0.929 0.543 0.753 0.000 0.877 0.000 0.796 0.377 0.072 0.000 0.608 0.262 0.103 1.285 1.822 0.130 0.000 0.000 0.570 0.000 0.000 3.396 0.370 0.322 0.104 1.389 0.000 4.020 0.785 0.214 0.000 0.344 0.411 0.513 16.346 0.000 0.526 0.278 0.369 0.000 0.000 0.444 0.000 0.302 0.000 0.115 0.000 1.314 1.320 0.112 0.685 0.500 0.346 2.333 0.847 0.610 0.000 0.127 0.404 3.387 0.248 0.792 0.615 3.007 0.485 0.624 0.550 0.000 0.000 0.844 0.000 0.000 0.970 0.000 0.608 0.285 0.000 0.874 0.100 0.000 0.556 0.200 0.455 0.095 0.230 0.359 1.187 0.361 1.045 0.207 0.702 0.293 0.441 6.662 0.465 6.071 4.305 0.374 0.000 3.412 0.122 0.656 0.722 2.632 0.231 0.218 0.351 0.199 4.390 2.779 0.368 0.000 0.832 0.739 0.543 0.000 0.927 0.000 0.248 0.242 0.501 0.252 0.108 0.766 0.087 2.260 1.286 0.215 1.077 0.566 0.267 0.609 0.362 0.983 0.604 0.354 0.094 0.958 0.000 0.000 0.342 0.429 0.000 0.060 0.000 0.236 0.105 0.169 0.546 0.157 0.772 0.000 0.824 0.655 0.383 0.231 2.351 0.631 0.974 0.843 0.159 0.755 0.138 0.000 0.000 0.000 0.000 1.503 0.853 0.000 1.145 1.319 0.638 0.554 0.523 0.057 1.058 0.000 0.111 0.142 0.551 0.465 10.250 0.000 0.000 0.845 0.365 0.956 0.721 0.000 0.591 0.196 0.000 1.191 1.269 0.646 0.461 0.572 0.372 0.797 0.000 1.434 0.000 0.226 0.243 0.000 0.515 0.458 0.252 2.791 0.107 0.000 0.000 0.338 1.096 0.405 0.000 0.788 0.499 4.478 0.395 0.260 0.083 0.260 1.995 0.857 0.000 0.654 0.273 0.621 0.384 0.388 0.696 0.582 0.191 1.290 2.385 0.833 1.029 0.306 0.341 0.612 0.127 0.000 0.558 0.491 0.299 0.133 0.143 3.477 0.653 0.421 0.761 0.096 7.853 0.000 1.332 4.552 0.000 0.697 0.701 0.410 0.868 0.845 0.000 0.118 0.881 1.986 0.176 0.000 0.000 1.096 0.672 0.634 0.264 0.000 1.014 0.000 0.676 0.828 0.336 0.731 0.280 2.282 1.635 0.050 0.387 0.000 0.983 0.247 0.277 0.492 0.161 0.827 0.131 0.317 1.008 0.000 0.322 0.389 0.204 0.279 0.753 0.000 0.344 0.325 0.429 0.000 0.000 0.266 0.204 0.555 0.451 0.128 0.000 1.148 0.261 0.109 0.610 0.237 0.731 0.458 2.191 0.393 2.166 0.478 0.798 0.391 0.874 0.624 0.397 0.412 0.242 0.139 0.250 0.461 0.728 0.528 0.485 1.355 0.339 0.271 0.716 1.289 0.235 0.382 0.000 0.386 0.482 0.206 0.285 0.135 0.000 0.796 0.903 0.280 0.000 1.187 0.726 0.426 0.000 1.590 0.384 0.267 1.074 0.181 0.000 0.176 3.456 0.455 0.187 0.156 0.774 0.417 0.321 0.536 2.854 0.087 0.747 1.665 0.111 0.210 0.040 0.694 1.010 0.276 0.789 0.938 0.530 1.299 0.792 0.653 0.977 0.396 0.348 0.707 0.189 0.869 0.508 0.272 1.254 0.392 0.511 0.361 0.219 0.117 0.000 0.196 0.226 2.083 0.387 0.000 0.614 0.000 0.000 0.000 0.000 1.647 0.000 0.352 0.000 0.311 0.000 0.660 0.228 0.206 1.361 0.452 0.731 0.429 0.366 0.487 0.472 0.229 0.174 1.649 0.677 0.616 0.321 0.293 0.381 0.273 0.000 6.038 5.943 0.557 0.687 0.264 0.554 0.261 0.900 0.628 0.065 0.295 0.704 0.075 0.169 0.539 1.192 1.101 4.214 1.365 1.247 0.809 0.322 1.125 0.240 1.466 0.000 0.169 0.174 1.338 0.155 3.987 0.250 0.594 0.379 0.541 0.883 1.099 1.908 0.350 2.791 0.349 0.818 1.255 0.735 0.302 0.238 0.338 3.691 0.397 0.101 1.200 0.304 0.294 0.298 1.124 0.881 0.367 0.579 1.079 0.335 0.000 0.768 1.521 0.323 0.606 0.310 0.540 0.625 1.839 0.000 6.595 1.063 0.267 0.342 1.019 0.631 0.411 2.484 1.774 0.514 3.982 0.142 0.329 3.784 0.709 0.180 0.000 0.187 0.147 0.156 0.958 0.179 0.845 1.063 0.235 0.000 0.189 0.437 0.469 0.745 0.136 1.985 0.623 0.331 1.624 0.110 0.593 0.000 1.378 0.000 1.504 0.000 0.000 0.829 1.697 1.453 0.580 0.594 0.157 0.839 0.540 0.743 0.282 0.328 2.605 0.000 0.632 1.824 0.912 1.096 1.032 0.532 0.280 0.741 0.992 0.432 0.525 0.525 0.343 0.559 0.586 0.156 1.443 2.063 0.718 0.230 0.000 0.510 1.587 0.553 0.235 1.291 1.224 0.233 0.830 0.000 0.475 0.639 0.000 0.801 0.444 0.874 0.000 0.810 0.204 1.315 0.000 4.489 1.365 0.928 0.256 0.738 0.744 0.446 1.639 0.000 0.402 3.691 0.712 0.356 0.000 0.708 0.000 0.533 0.287 0.596 1.653 0.960 0.907 0.208 2.962 0.161 0.234 0.547 0.677 0.919 0.000 1.357 5.160 2.325 0.231 2.553 0.611 0.123 1.038 1.232 0.743 0.199 0.488 0.246 0.691 0.000 0.256 3.175 1.667 0.000 0.712 0.141 0.000 0.850 0.000 0.721 0.262 0.636 1.129 0.498 0.586 0.847 0.173 0.573 0.996 0.506 0.572 2.035 0.594 3.832 0.317 2.346 0.167 0.379 0.799 0.460 1.775 0.489 0.412 0.899 1.481 1.343 0.246 0.543 0.842 0.882 0.662 0.515 0.551 2.060 0.000 3.221 0.479 0.917 3.488 0.690 0.826 1.002 1.579 12.778 0.921 0.960 1.139 0.134 0.830 1.336 1.062 1.138 0.144 1.042 1.079 0.243 2.174 1.608 0.280 0.389 0.887 1.117 4.864 0.000 1.430 1.514 0.592 1.220 1.491 1.210 5.015 0.637 0.532 0.385 0.727 0.295 0.252 0.957 0.577 0.430 0.348 0.247 0.517 1.279 1.559 0.000 1.587 1.177 0.502 1.597 1.834 0.606 0.705 1.162 0.000 1.229 0.643 0.653 0.000 0.203 0.523 0.466 0.576 0.057 0.358 1.863 1.899 0.307 2.834 0.564 1.112 1.269 0.718 0.737 0.807 2.615 3.570 1.113 1.538 1.411 0.317 0.531 0.733 1.437 0.403 0.956 0.347 0.870 0.000 2.278 0.862 2.144 0.828 0.795 0.880 0.288 1.284 0.000 0.000 0.959 0.199 0.436 2.007 0.750 0.220 0.247 0.258 0.608 0.171 0.960 7.420 2.674 0.000 0.598 1.867 1.734 0.839 1.379 0.496 0.800 0.240 0.290 1.804 0.585 0.000 0.967 0.468 0.998 0.910 0.824 0.313 0.000 0.576 0.105 0.744 0.575 1.014 0.906 0.214 1.440 0.191 0.269 1.188 0.988 1.157 1.296 1.199 0.985 0.874 0.620 0.369 0.983 0.000 2.566 0.864 0.614 0.431 1.376 0.000 0.000 0.000 1.216 0.318 5.413 0.000 0.748 0.000 0.419 0.000 0.391 0.608 0.000 0.000 0.107 0.478 0.499 0.403 0.229 2.055 0.252 0.233 0.000 0.176 0.702 0.234 0.152 0.218 0.000 1.437 0.402 0.000 0.395 0.828 0.000 0.696 0.838 0.735 0.924 0.000 0.000 0.296 2.130 0.330 0.774 0.000 0.145 0.000 0.198 0.433 0.141 9.141 0.205 1.144 0.645 0.448 0.285 3.755 0.411 0.981 0.951 0.764 0.410 0.000 2.462 0.000 0.158 17.676 2.267 0.395 0.269 0.832 0.579 0.000 0.196 0.000 0.109 0.538 0.000 1.112 0.222 0.218 0.383 1.252 1.197 0.434 1.352 0.000 0.670 4.914 0.000 1.780 0.797 2.041 2.027 0.124 0.251 0.173 0.295 0.000 0.617 0.618 0.000 0.551 0.928 1.125 0.000 0.715 0.105 0.659 0.338 0.426 0.309 0.719 0.000 0.000 3.697 0.266 0.261 0.318 0.228 1.210 0.797 0.154 0.201 0.000 0.000 0.914 0.581 4.303 0.188 1.478 0.349 0.292 1.762 1.010 0.000 0.000 0.333 8.351 0.251 1.208 0.000 0.171 0.066 1.627 0.371 0.000 0.743 1.075 0.732 1.267 2.524 0.692 0.816 0.501 0.163 0.520 0.000 0.000 4.361 1.029 0.000 2.931 0.276 0.290 0.291 1.575 1.155 0.000 0.368 0.000 0.705 1.328 0.436 0.619 0.971 0.421 0.556 0.798 0.735 1.114 0.000 0.894 0.341 1.192 0.293 0.373 0.341 0.000 0.193 0.212 0.520 0.340 0.305 0.982 2.638 0.313 1.148 0.161 4.813 0.921 0.609 0.274 1.772 0.967 0.830 0.000 0.867 1.405 0.499 1.125 0.000 0.174 0.911 0.365 0.934 0.190 0.918 1.851 0.000 2.411 66.665 0.612 0.812 1.748 2.833 0.887 1.906 0.232 0.707 0.766 0.180 0.571 0.596 0.982 0.354 0.548 1.086 0.000 10.745 8.939 0.589 0.543 2.614 0.287 4.149 1.551 0.861 0.862 0.421 0.869 1.467 0.357 0.979 1.138 0.807 1.535 0.050 0.124 0.433 0.363 0.267 0.184 0.952 1.289 1.438 1.361 0.000 1.805 0.747 1.209 1.724 0.864 0.000 0.000 0.521 3.140 0.139 0.289 0.559 3.086 0.836 2.951 2.651 0.468 0.188 0.849 0.539 0.949 0.698 0.311 1.085 0.000 1.112 0.529 1.685 6.195 1.019 0.240 0.196 0.658 0.000 0.260 2.338 1.567 0.000 0.534 0.293 0.304 0.142 0.343 0.184 0.565 0.394 0.507 1.534 0.544 0.907 0.456 0.208 1.489 1.449 0.434 0.470 0.000 0.530 1.954 0.487 0.704 4.258 0.128 0.238 1.602 0.180 0.430 2.755 0.546 1.644 0.714 0.000 2.419 0.286 0.600 1.334 0.397 1.365 3.802 1.359 0.302 8.265 0.532 0.000 0.239 0.000 1.428 2.945 0.277 0.460 0.989 1.335 1.353 0.617 0.448 0.678 0.310 0.816 0.475 0.660 0.704 0.749 0.757 0.313 0.780 1.415 1.736 1.568 0.623 0.390 1.090 0.604 0.301 1.930 1.194 3.477 0.908 1.058 0.144 0.513 1.321 0.591 1.783 0.437 3.138 0.209 0.987 0.924 0.992 1.576 0.000 0.386 0.410 1.420 1.770 0.578 1.391 0.355 1.058 0.259 0.442 0.114 1.487 0.000 1.010 0.738 0.235 0.161 0.631 0.501 0.610 3.926 0.000 0.988 1.349 0.804 0.747 1.315 1.135 0.442 2.063 0.125 0.486 0.206 1.927 27.275 0.751 0.000 0.903 0.594 0.790 0.000 0.718 0.622 0.338 0.829 0.000 0.000 1.869 0.000 0.213 0.000 0.201 0.000 0.000 10.519 0.000 2.474 0.250 0.000 0.000 0.000 0.000 0.619 0.000 0.000 0.137 0.639 2.872 0.000 0.000 0.467 0.049 0.000 0.349 0.000 0.481 0.257 0.230 0.290 0.683 0.000 4.955 0.000 1.523 0.947 1.106 1.394 1.134 0.559 0.904 0.445 0.590 0.293 0.517 29.719 0.284 0.791 0.536 7.944 0.618 0.369 0.658 0.963 0.570 0.000 0.159 0.000 0.054 0.000 0.210 0.000 0.183 0.000 0.000 0.124 0.383 0.503 0.582 0.000 0.545 0.000 0.226 1.118 0.550 0.000 0.495 0.108 0.414 0.835 0.000 0.655 1.315 0.000 4.744 0.000 0.819 0.000 0.000 0.939 0.068 0.615 1.675 0.132 0.452 0.000 0.000 0.932 0.220 0.941 0.393 0.749 0.457 0.000 0.670 1.604 0.531 0.686 1.656 0.126 0.260 0.330 0.464 0.441 4.890 0.609 0.227 2.849 0.306 4.254 0.000 0.000 0.406 0.531 0.258 0.653 0.362 0.543 0.430 2.009 0.000 0.283 2.565 0.506 0.878 1.764 0.816 0.288 0.606 0.779 0.211 0.179 0.860 0.524 0.000 0.381 0.463 2.657 0.289 1.212 1.003 0.357 0.000 0.853 0.000 0.958 0.769 1.713 0.494 2.031 0.279 0.241 0.262 0.248 0.701 3.558 1.014 0.000 0.411 1.376 0.000 0.310 0.951 2.295 0.361 2.313 0.558 0.257 0.179 0.546 0.244 1.011 0.246 0.482 0.326 0.000 1.099 0.513 0.335 0.701 1.262 0.334 0.571 2.407 0.282 0.315 1.835 0.252 0.000 15.889 1.483 0.196 0.786 0.205 0.342 0.491 0.331 0.690 0.000 0.432 1.200 0.768 0.358 0.478 1.297 0.859 0.420 1.005 0.743 0.169 0.199 0.737 0.233 1.049 0.122 2.577 0.501 0.216 1.073 0.293 0.120 0.000 1.406 0.265 0.676 0.535 0.352 0.335 0.340 0.168 0.330 0.724 2.956 0.631 0.000 0.470 0.262 0.000 0.724 0.186 1.354 0.406 0.496 0.994 0.346 0.850 0.263 0.558 2.491 0.279 0.550 0.630 0.304 0.593 0.547 0.460 0.128 0.404 0.743 0.000 0.906 0.588 0.635 1.011 2.335 1.073 0.000 0.615 0.182 0.402 0.000 1.307 0.178 0.148 0.709 1.911 0.582 0.111 0.826 0.670 1.116 0.251 0.731 0.230 2.291 0.422 0.000 1.296 0.152 0.177 0.292 1.111 0.675 0.996 0.877 0.501 0.000 1.172 0.230 1.424 0.721 0.615 0.682 0.309 0.533 0.244 0.227 0.825 0.968 0.623 0.000 1.202 0.469 0.841 0.278 0.096 0.938 0.163 0.194 7.554 0.269 1.132 0.000 0.258 0.705 0.000 0.614 0.552 0.620 2.606 0.182 0.733 1.176 1.500 2.510 0.183 1.731 0.749 0.346 3.935 0.000 3.765 0.233 0.109 0.000 0.114 0.379 1.062 0.430 4.313 0.131 3.084 0.177 0.382 0.692 0.112 0.099 1.867 1.366 0.131 0.390 0.000 0.402 0.182 0.802 1.159 1.705 0.329 0.502 0.292 0.501 0.648 0.344 6.038 0.850 0.108 0.000 0.000 1.169 0.454 1.354 0.157 0.997 1.379 0.338 1.233 0.525 0.299 0.493 1.358 1.144 0.861 0.773 0.944 0.252 1.353 0.367 0.580 0.785 0.551 0.931 0.865 0.445 1.358 0.419 0.870 0.635 0.133 0.125 0.000 0.389 0.381 17.180 1.016 0.241 1.713 0.195 0.256 1.867 1.428 0.153 1.054 0.484 0.503 0.381 0.232 1.931 1.371 0.000 1.478 0.000 0.418 0.737 0.691 0.874 0.770 0.686 0.605 0.000 0.299 1.001 0.277 0.567 1.584 0.358 0.817 1.900 0.334 1.179 2.446 0.000 1.426 0.000 0.883 2.285 1.578 0.000 1.749 1.136 0.000 0.346 0.477 0.159 0.296 4.367 0.425 3.361 1.140 0.164 0.426 0.287 1.365 0.622 0.707 0.567 0.108 0.796 1.156 1.858 2.349 0.111 0.300 0.000 0.511 0.240 0.242 0.405 1.107 2.670 0.370 0.509 0.918 0.504 1.296 1.311 0.236 1.232 0.196 2.440 0.312 0.000 0.442 1.341 0.000 0.859 0.501 0.575 0.558 0.332 0.000 0.180 0.359 1.568 0.245 0.330 1.018 1.176 0.322 0.732 0.894 0.963 0.645 0.650 0.601 0.787 1.008 0.472 0.315 0.000 0.537 0.286 0.000 1.014 3.631 0.890 1.504 2.145 0.806 1.008 1.589 1.323 0.364 0.995 0.269 0.637 0.443 0.151 1.744 0.469 0.453 1.330 1.121 0.856 0.504 0.454 1.758 5.306 0.000 1.096 0.892 0.804 0.125 0.550 0.740 2.464 0.298 3.224 9.192 0.811 0.711 0.289 0.425 0.661 0.318 0.556 1.199 0.631 0.941 0.784 0.662 0.463 0.163 4.170 1.894 0.162 0.414 0.825 0.000 0.125 0.140 0.260 0.797 0.547 0.300 3.083 0.080 2.678 1.385 1.741 0.523 1.042 0.440 0.719 1.940 0.701 0.210 0.432 0.000 0.543 0.804 0.678 1.038 0.956 0.704 0.258 1.323 1.441 0.514 0.765 0.000 1.132 1.101 0.691 0.367 0.813 1.761 0.350 0.249 0.000 0.504 1.040 0.998 0.740 1.070 0.186 0.805 0.561 0.000 1.031 0.408 0.975 1.417 0.641 1.552 2.767 7.358 0.764 0.591 0.304 0.191 0.833 0.410 3.357 0.370 0.277 0.527 0.588 0.285 0.118 0.716 0.515 0.456 0.378 0.806 0.491 0.174 0.517 1.416 0.448 0.400 0.532 0.893 0.200 0.795 2.433 0.596 0.801 0.614 0.335 0.184 0.469 0.748 0.865 0.188 1.655 1.016 0.645 0.387 4.885 0.636 0.336 1.183 0.562 0.000 0.822 0.680 0.856 2.663 0.844 1.312 1.223 1.236 1.547 0.522 0.742 0.000 0.518 0.851 0.725 1.648 0.941 0.761 2.972 0.255 0.000 15.482 0.611 0.802 0.212 0.980 1.019 0.589 7.166 0.315 1.109 0.820 0.157 1.945 0.133 0.528 0.976 0.699 0.850 0.597 0.151 0.643 0.000 0.416 1.218 0.772 0.971 0.367 2.034 1.476 0.590 0.462 0.129 0.703 1.472 0.545 0.368 0.133 6.482 1.083 0.767 0.000 7.055 0.760 0.453 0.684 2.419 1.221 0.421 0.385 2.159 0.212 0.654 0.280 1.056 0.000 1.497 0.650 1.174 0.128 0.386 0.219 0.220 0.342 0.169 0.304 1.008 0.557 0.808 0.000 2.150 4.803 1.591 0.715 1.935 1.243 0.210 0.000 0.130 3.589 0.116 1.045 2.025 0.558 0.717 0.328 0.434 0.530 0.627 0.494 1.027 1.091 0.301 0.569 1.067 7.087 0.442 0.903 0.561 0.370 1.238 0.000 0.000 0.787 0.533 0.625 0.549 0.155 0.418 0.822 0.435 7.085 0.375 1.895 0.923 1.407 1.693 0.577 1.234 11.394 0.203 0.461 2.391 0.887 0.587 0.833 0.676 2.162 0.361 1.143 0.646 0.284 0.198 0.852 1.012 1.473 0.147 2.619 0.874 0.853 1.139 0.874 1.826 0.786 0.536 0.380 1.518 1.056 1.887 1.112 0.373 1.098 0.891 0.842 1.615 0.469 2.970 0.237 0.653 0.928 0.000 0.250 2.992 0.659 0.000 1.283 0.675 0.786 0.000 2.028 0.000 0.881 1.973 2.038 1.901 0.000 1.491 0.726 1.955 2.229 0.643 1.012 2.678 1.821 1.647 2.251 1.633 0.217 1.612 0.301 0.000 1.735 1.024 0.725 3.578 2.087 1.300 1.198 0.548 1.974 0.291 0.727 1.132 0.978 0.646 0.860 1.018 1.002 0.519 1.867 1.108 0.371 0.517 0.000 0.209 0.119 1.717 0.492 0.000 0.000 0.932 1.843 0.519 0.871 1.605 0.463 7.538 1.729 0.000 27.115 0.356 4.833 0.626 0.162 0.288 0.448 0.797 0.000 0.223 0.616 1.590 0.727 0.926 0.000 0.151 0.093 1.766 0.000 0.000 2.960 0.335 5.031 0.399 0.000 2.255 0.678 0.194 0.832 0.000 0.000 1.243 0.800 0.655 0.446 0.047 0.283 0.000 0.258 0.513 0.471 0.257 0.166 0.210 0.215 1.627 0.855 0.124 0.872 0.356 0.113 0.392 0.224 0.616 0.166 0.220 1.075 0.380 1.137 0.515 0.326 0.237 0.516 0.189 0.103 1.308 2.404 0.294 0.000 0.223 0.274 0.000 0.812 0.984 1.154 0.000 0.093 0.300 0.464 0.179 0.000 1.235 0.000 0.214 1.175 0.071 0.810 0.723 0.644 0.758 0.000 0.000 1.302 0.102 0.300 0.416 0.000 0.204 0.000 0.487 0.615 1.070 1.093 0.634 0.342 0.000 2.081 0.230 3.802 0.890 0.341 1.109 0.956 1.262 1.466 0.389 0.000 0.483 0.376 1.324 0.141 0.322 0.514 0.000 0.339 0.268 0.693 5.296 0.331 0.580 0.470 0.000 2.454 0.685 0.000 0.645 0.000 0.247 0.892 0.000 0.000 0.920 0.139 0.102 0.274 1.931 0.665 0.742 2.964 0.771 3.911 0.222 0.164 0.283 0.000 0.817 0.000 0.091 0.752 0.000 1.014 0.349 0.465 1.210 0.278 0.634 1.119 0.328 0.343 0.576 0.132 12.645 0.192 0.715 0.220 0.681 0.000 0.570 0.202 0.423 0.353 0.328 0.279 0.221 0.448 0.409 0.000 0.505 0.714 0.939 0.776 0.835 0.107 1.273 0.496 0.528 0.505 0.889 0.361 0.117 0.546 0.421 1.564 1.742 0.523 0.311 1.312 0.454 8.631 0.218 0.000 0.546 0.201 0.364 0.895 1.640 0.224 0.194 0.000 0.569 0.400 0.296 7.111 0.000 2.274 0.589 0.547 0.000 1.220 2.176 0.421 1.415 1.087 0.272 0.254 1.174 0.000 1.366 0.398 0.124 0.227 0.425 0.152 0.338 0.349 0.321 0.335 0.372 0.391 1.181 0.000 0.269 0.407 6.296 1.242 0.220 0.246 0.934 1.208 0.664 0.410 0.586 0.079 0.171 0.000 5.152 0.632 0.812 2.117 1.563 0.000 0.504 0.646 10.228 0.000 0.000 0.595 1.184 4.036 0.709 0.641 0.092 0.766 0.170 0.793 0.422 0.459 1.619 1.712 0.407 0.569 0.216 0.805 2.134 0.496 1.436 0.140 1.660 0.247 0.512 4.392 0.000 2.160 0.000 0.455 0.000 0.339 0.623 0.148 0.312 0.280 0.428 0.368 0.987 0.000 1.062 0.000 0.685 8.090 0.444 0.160 0.231 1.071 8.397 0.291 2.417 0.425 0.641 0.132 0.402 0.110 0.573 0.134 0.211 0.204 0.615 0.592 0.104 1.389 0.000 1.093 1.320 1.335 1.319 3.402 0.906 0.126 5.299 0.192 0.136 0.000 0.718 0.858 0.449 1.009 0.552 0.000 0.326 1.193 0.898 0.137 0.577 0.137 0.809 1.739 0.573 0.427 0.514 0.000 0.241 0.000 1.445 0.221 0.991 0.259 8.326 0.000 0.731 9.647 6.283 0.554 0.797 0.000 0.489 0.404 1.519 0.672 0.000 1.129 0.205 0.431 0.497 0.168 0.320 0.089 3.971 0.188 0.325 1.270 0.918 0.288 0.000 1.913 0.000 1.169 1.709 0.768 0.522 0.306 0.161 0.807 0.207 1.311 0.652 0.198 1.922
Parameters optimization took 0 rounds (0.952 sec)

Partition information was printed to results/core_genome_tree/core_genome_tree.best_model.nex
BEST SCORE FOUND : -6396751.209
Creating bootstrap support values...
Split supports printed to NEXUS file results/core_genome_tree/core_genome_tree.splits.nex
Total tree length: 0.017

Total number of iterations: 101
CPU time used for tree search: 2459.125 sec (0h:40m:59s)
Wall-clock time used for tree search: 519.094 sec (0h:8m:39s)
Total CPU time used: 2510.526 sec (0h:41m:50s)
Total wall-clock time used: 545.585 sec (0h:9m:5s)

Computing bootstrap consensus tree...
Reading input file results/core_genome_tree/core_genome_tree.splits.nex...
6 taxa and 9 splits.
Consensus tree written to results/core_genome_tree/core_genome_tree.contree
Reading input trees file results/core_genome_tree/core_genome_tree.contree
Log-likelihood of consensus tree: -6396751.210

Analysis results written to: 
  IQ-TREE report:                results/core_genome_tree/core_genome_tree.iqtree
  Maximum-likelihood tree:       results/core_genome_tree/core_genome_tree.treefile
  Likelihood distances:          results/core_genome_tree/core_genome_tree.mldist
  Best partitioning scheme:      results/core_genome_tree/core_genome_tree.best_scheme.nex
           in RAxML format:      results/core_genome_tree/core_genome_tree.best_scheme

Ultrafast bootstrap approximation results written to:
  Split support values:          results/core_genome_tree/core_genome_tree.splits.nex
  Consensus tree:                results/core_genome_tree/core_genome_tree.contree
  Screen log file:               results/core_genome_tree/core_genome_tree.log

Date and Time: Thu Sep 24 20:34:21 2026
