Assembly Accession	Organism Name	Organism Infraspecific Names Strain	Organism Infraspecific Names Isolate	Assembly BioSample Accession	Assembly BioSample Strain	Assembly BioSample Isolate	Assembly BioSample Host	Assembly BioSample Geographic location	Assembly BioSample Collection date	Assembly Level	Assembly Sequencing Tech	Assembly Stats Total Sequence Length	Assembly Stats Number of Contigs	Assembly Stats Contig N50
GCA_000733055.3	Fusarium oxysporum	UASWS AC1		SAMN02666737	UASWS AC1			Switzerland:Geneva	2012	Scaffold	Illumina HiSeq	50531372	2281	481246
GCA_001703125.1	Fusarium oxysporum	FoMN14		SAMN04348799	FoMN14			USA: California	missing	Scaffold	Illumina HiSeq	48996880	2112	283607
GCA_001931975.2	Fusarium oxysporum	IMV 00293		SAMN06076684	IMV 00293			Ukraine	1998-10-06	Scaffold	Illumina HiSeq	51318644	1054	336534
GCA_002233935.2	Fusarium oxysporum	Tu58		SAMN07201033	Tu58			Netherlands	missing	Scaffold	Illumina HiSeq	47233678	896	746902
GCA_002233955.2	Fusarium oxysporum	KOD888		SAMN07201032	KOD888			USA: California	missing	Scaffold	Illumina HiSeq	50403639	2161	295150
GCA_002233985.2	Fusarium oxysporum	KOD887		SAMN07201031	KOD887			USA: California	missing	Scaffold	Illumina HiSeq	59417736	21435	247902
GCA_002233995.2	Fusarium oxysporum	KOD886		SAMN07201030	KOD886			USA: California	missing	Scaffold	Illumina HiSeq	50410650	2172	340621
GCA_002894245.1	Fusarium oxysporum	CS5870		SAMN06234613	CS5870		wheat	Australia: Western Australia, Near York	2008-11-11	Scaffold	Illumina HiSeq	51381387	1862	264543
GCA_003025205.1	Fusarium oxysporum	VEG-01C1		SAMN08662974	VEG-01C1		Zinnia hybrid cultivar	not collected	2017-03-08	Scaffold	Illumina HiSeq	48787031	3412	187299
GCA_003025235.1	Fusarium oxysporum	VEG-01C2		SAMN08662975	VEG-01C2		Zinnia hybrid cultivar	not collected	2017-03-08	Scaffold	Illumina HiSeq	48477235	3976	233572
GCA_003615115.1	Fusarium oxysporum	Fo_A13		SAMN05529101	Fo_A13		Allium cepa	United Kingdom:Bedfordshire	2009	Scaffold	Illumina MiSeq	54787818	3148	167609
GCA_003615155.1	Fusarium oxysporum	Fo_A28		SAMN05529100	Fo_A28		Allium cepa	United Kingdom:Bedfordshire	2009	Scaffold	Illumina MiSeq	53038185	2388	297304
GCA_003615165.1	Fusarium oxysporum	Fo_CB3		SAMN05529103	Fo_CB3		Allium cepa	United Kingdom	2012	Scaffold	Illumina MiSeq	50515499	1731	237456
GCA_003615185.1	Fusarium oxysporum	Fo_PG		SAMN05529102	Fo_PG		Allium cepa	United Kingdom:Cambridgeshire	missing	Scaffold	Illumina MiSeq	50292220	927	413310
GCA_003704975.1	Fusarium oxysporum	MOD1-FUNGI9		SAMN10078281	MOD1-FUNGI9			USA:MD	2018-04-04	Contig	Illumina NextSeq 500	47405159	2367	64064
GCA_003705035.1	Fusarium oxysporum	MOD1-FUNGI16		SAMN10078288	MOD1-FUNGI16			USA:MD	2018-04-04	Contig	Illumina NextSeq 500	44403228	943	262090
GCA_003705045.1	Fusarium oxysporum	MOD1-FUNGI11		SAMN10078283	MOD1-FUNGI11			USA:MD	2018-04-04	Contig	Illumina NextSeq 500	46236216	1374	176916
GCA_003709395.1	Fusarium oxysporum	MOD1-FUNGI10		SAMN10078282	MOD1-FUNGI10			USA:MD	2018-04-04	Contig	Illumina NextSeq 500	46207175	1943	66660
GCA_004291455.1	Fusarium oxysporum	ISS-F3		SAMN09813554	ISS-F3			USA: International Space Station	2016-05	Scaffold	Illumina HiSeq	53145029	3233	331775
GCA_004292535.1	Fusarium oxysporum	ISS-F4		SAMN09814171	ISS-F4			USA: International Space Station	2016-05	Scaffold	Illumina HiSeq	53250068	3642	324543
GCA_009297365.1	Fusarium oxysporum	RBG5844		SAMN12869107	RBG5844		missing	Australia	2012	Contig	Illumina HiSeq	52431739	5223	171441
GCA_009297385.1	Fusarium oxysporum	RBG5714		SAMN12869102	RBG5714		missing	Australia	2012	Contig	Illumina HiSeq	55704661	7964	56833
GCA_009297405.1	Fusarium oxysporum	RBG5783		SAMN12869103	RBG5783		missing	Australia	2012	Contig	Illumina HiSeq; Oxford nanopore	51072846	8531	126616
GCA_009297425.1	Fusarium oxysporum	RBG6416		SAMN12869119	RBG6416		Lathyrus oleraceus	Australia	2003	Contig	Illumina HiSeq	50413489	5786	63741
GCA_009297445.1	Fusarium oxysporum	RBG5689		SAMN12869101	RBG5689		missing	Australia	2012	Contig	Illumina HiSeq	50524394	4075	144439
GCA_009297465.1	Fusarium oxysporum	RBG6400		SAMN12869117	RBG6400		Lathyrus oleraceus	Australia	2003	Contig	Illumina HiSeq	49751723	6304	65217
GCA_009297485.1	Fusarium oxysporum	RBG6313		SAMN12869111	RBG6313		missing	Australia	2012	Contig	Illumina HiSeq; Oxford nanopore	45802036	3298	423753
GCA_009297495.1	Fusarium oxysporum	RBG6398		SAMN12869116	RBG6398		Lathyrus oleraceus	Australia	2003	Contig	Illumina HiSeq	47808082	2261	116868
GCA_009297505.1	Fusarium oxysporum	RBG5862		SAMN12869108	RBG5862		missing	Australia	2012	Contig	Illumina HiSeq	50794938	4352	102476
GCA_009297515.1	Fusarium oxysporum	RBG5831		SAMN12869104	RBG5831		missing	Australia	2012	Contig	Illumina HiSeq	51901877	4723	55565
GCA_009297555.1	Fusarium oxysporum	RBG6397		SAMN12869115	RBG6397		Lathyrus oleraceus	Australia	2003	Contig	Illumina HiSeq	51847577	6674	88090
GCA_009297575.1	Fusarium oxysporum	RBG6396		SAMN12869114	RBG6396		Lathyrus oleraceus	Australia	2003	Contig	Illumina HiSeq	49217605	5820	30432
GCA_009297605.1	Fusarium oxysporum	RBG6358		SAMN12869113	RBG6358		missing	Australia	2012	Contig	Illumina HiSeq	50903078	2995	154193
GCA_009297625.1	Fusarium oxysporum	RBG6309		SAMN12869110	RBG6309		missing	Australia	2012	Contig	Illumina HiSeq	48709879	4303	53253
GCA_009297635.1	Fusarium oxysporum	RBG6301		SAMN12869109	RBG6301		missing	Australia	2012	Contig	Illumina HiSeq	52422381	5001	48342
GCA_009297655.1	Fusarium oxysporum	RBG5836		SAMN12869106	RBG5836		missing	Australia	2012	Contig	Illumina HiSeq	52952153	7253	27673
GCA_009297675.1	Fusarium oxysporum	RBG5833		SAMN12869105	RBG5833		missing	Australia	2012	Contig	Illumina HiSeq	57216458	11714	20132
GCA_009297695.1	Fusarium oxysporum	RBG6431		SAMN12869129	RBG6431		Lathyrus oleraceus	Australia	2003	Contig	Illumina HiSeq	48186732	2707	94693
GCA_009297715.1	Fusarium oxysporum	RBG6448		SAMN12869133	RBG6448		Lathyrus oleraceus	Australia	2003	Contig	Illumina HiSeq	48037246	3571	123208
GCA_009297725.1	Fusarium oxysporum	RBG6425		SAMN12869127	RBG6425		Lathyrus oleraceus	Australia	2003	Contig	Illumina HiSeq; Oxford nanopore	50381361	4601	122860
GCA_009297735.1	Fusarium oxysporum	RBG6422		SAMN12869125	RBG6422		Lathyrus oleraceus	Australia	2003	Contig	Illumina HiSeq	49487158	5462	72812
GCA_009297755.1	Fusarium oxysporum	RBG6421		SAMN12869124	RBG6421		Lathyrus oleraceus	Australia	2003	Contig	Illumina HiSeq	50406897	7415	28366
GCA_009297785.1	Fusarium oxysporum	RBG6420		SAMN12869123	RBG6420		Lathyrus oleraceus	Australia	2003	Contig	Illumina HiSeq	48414403	3580	91614
GCA_009297825.1	Fusarium oxysporum	RBG6419		SAMN12869122	RBG6419		Lathyrus oleraceus	Australia	2003	Contig	Illumina HiSeq	49053628	3403	96327
GCA_009297835.1	Fusarium oxysporum	RBG6418		SAMN12869121	RBG6418		Lathyrus oleraceus	Australia	2003	Contig	Illumina HiSeq; Oxford nanopore	52809782	5516	30560
GCA_009297855.1	Fusarium oxysporum	RBG6324		SAMN12869112	RBG6324		missing	Australia	2012	Contig	Illumina HiSeq	51691497	12866	23109
GCA_009297885.1	Fusarium oxysporum	RBG6417		SAMN12869120	RBG6417		Lathyrus oleraceus	Australia	2003	Contig	Illumina HiSeq	51843622	5340	36698
GCA_009297915.1	Fusarium oxysporum	RBG6462		SAMN12869136	RBG6462		Lathyrus oleraceus	Australia	2003	Contig	Illumina HiSeq; Oxford nanopore	50332475	4614	32158
GCA_009297925.1	Fusarium oxysporum	RBG6444		SAMN12869132	RBG6444		Lathyrus oleraceus	Australia	2003	Contig	Illumina HiSeq	54435880	9085	105177
GCA_009297935.1	Fusarium oxysporum	RBG6433		SAMN12869130	RBG6433		Lathyrus oleraceus	Australia	2003	Contig	Illumina HiSeq	53684448	6441	43384
GCA_009297945.1	Fusarium oxysporum	RBG6450		SAMN12869134	RBG6450		Lathyrus oleraceus	Australia	2003	Contig	Illumina HiSeq	48610181	5755	94124
GCA_009297985.1	Fusarium oxysporum	RBG6429		SAMN12869128	RBG6429		Lathyrus oleraceus	Australia	2003	Contig	Illumina HiSeq	49503503	7453	34325
GCA_009297995.1	Fusarium oxysporum	RBG6423		SAMN12869126	RBG6423		Lathyrus oleraceus	Australia	2003	Contig	Illumina HiSeq; Oxford nanopore	60702881	9155	31584
GCA_009298035.1	Fusarium oxysporum	RBG6464		SAMN12869137	RBG6464		Lathyrus oleraceus	Australia	2003	Contig	Illumina HiSeq	56212828	11735	29695
GCA_009298045.1	Fusarium oxysporum	RBG6466		SAMN12869138	RBG6466		Lathyrus oleraceus	Australia	2003	Contig	Illumina HiSeq	49319817	4619	64710
GCA_009298065.1	Fusarium oxysporum	RBG6475		SAMN12869139	RBG6475		Lathyrus oleraceus	Australia	2003	Contig	Illumina HiSeq	59106953	7651	21579
GCA_009298075.1	Fusarium oxysporum	RBG6499		SAMN12869143	RBG6499		Lathyrus oleraceus	Australia	2003	Contig	Illumina HiSeq	52343931	8772	56035
GCA_009298085.1	Fusarium oxysporum	RBG6477		SAMN12869140	RBG6477		Lathyrus oleraceus	Australia	2003	Contig	Illumina HiSeq; Oxford nanopore	49379602	7838	28333
GCA_009298125.1	Fusarium oxysporum	RBG6442		SAMN12869131	RBG6442		Lathyrus oleraceus	Australia	2003	Contig	Illumina HiSeq	52298848	8036	61556
GCA_009298145.1	Fusarium oxysporum	RBG6406		SAMN12869118	RBG6406		Lathyrus oleraceus	Australia	2003	Contig	Illumina HiSeq	63062610	23217	37261
GCA_009298175.1	Fusarium oxysporum	RBG6494		SAMN12869142	RBG6494		Lathyrus oleraceus	Australia	2003	Contig	Illumina HiSeq	50599981	7564	52720
GCA_009298195.1	Fusarium oxysporum	RBG6480		SAMN12869141	RBG6480		Lathyrus oleraceus	Australia	2003	Contig	Illumina HiSeq	55785484	7934	23400
GCA_009298205.1	Fusarium oxysporum	RBG7064		SAMN12869146	RBG7064		Citrullus lanatus	Australia	2017	Contig	Illumina HiSeq	51166711	9049	50386
GCA_009298235.1	Fusarium oxysporum	RBG6454		SAMN12869135	RBG6454		Lathyrus oleraceus	Australia	2003	Contig	Illumina HiSeq	53027132	12368	56106
GCA_009298245.1	Fusarium oxysporum	RBG6503		SAMN12869144	RBG6503		Lathyrus oleraceus	Australia	2003	Contig	Illumina HiSeq	52046444	5720	30585
GCA_009298275.1	Fusarium oxysporum	VPRI11235		SAMN12869154	VPRI11235		Begonia sp.	Australia	1981	Contig	Illumina HiSeq	50362541	4901	239907
GCA_009298285.1	Fusarium oxysporum	VPRI10605		SAMN12869153	VPRI10605		Hyacinthus orientalis	Australia	1978	Scaffold	Illumina HiSeq	51386023	3021	141793
GCA_009298295.1	Fusarium oxysporum	VPRI10405		SAMN12869151	VPRI10405		Triticum aestivum	Australia	1971	Contig	Illumina HiSeq	52131221	4639	164960
GCA_009298305.1	Fusarium oxysporum	VPRI11762		SAMN12869157	VPRI11762		Dianthus caryophyllus	Australia	1982	Contig	Illumina HiSeq	47512850	892	200910
GCA_009298315.1	Fusarium oxysporum	VPRI10408		SAMN12869152	VPRI10408		Solanum tuberosum	Australia	1962	Contig	Illumina HiSeq	49086552	3187	102069
GCA_009298335.1	Fusarium oxysporum	VPRI10403		SAMN12869150	VPRI10403		Triticum aestivum	Australia	1970	Scaffold	Illumina HiSeq	48049784	1490	169236
GCA_009298395.1	Fusarium oxysporum	VPRI10351		SAMN12869148	VPRI10351		Glycine max	Australia	1976	Contig	Illumina HiSeq	47738081	2962	151313
GCA_009298405.1	Fusarium oxysporum	VPRI10358		SAMN12869149	VPRI10358		Dianthus caryophyllus	Australia	1976	Scaffold	Illumina HiSeq	53849382	5511	117367
GCA_009298435.1	Fusarium oxysporum	RBG7070		SAMN12869147	RBG7070		Citrullus lanatus	Australia	2017	Contig	Illumina HiSeq	54116664	11791	23229
GCA_009298455.1	Fusarium oxysporum	VPRI17796		SAMN12869164	VPRI17796		Atriplex sp.	Australia	1992	Scaffold	Illumina HiSeq	50030358	2779	128142
GCA_009298465.1	Fusarium oxysporum	VPRI17577		SAMN12869163	VPRI17577		Linum usitatissimum	Australia	1991	Contig	Illumina HiSeq	48319365	1626	213961
GCA_009298475.1	Fusarium oxysporum	RBG6505		SAMN12869145	RBG6505		Lathyrus oleraceus	Australia	2003	Contig	Illumina HiSeq	54514335	12642	61863
GCA_009298495.1	Fusarium oxysporum	VPRI16963		SAMN12869162	VPRI16963		Solanum tuberosum	Australia	1990	Contig	Illumina HiSeq	49565463	3454	103213
GCA_009298505.1	Fusarium oxysporum	VPRI16234		SAMN12869160	VPRI16234		Solanum tuberosum	Australia	1989	Scaffold	Illumina HiSeq	54506962	5787	82765
GCA_009298515.1	Fusarium oxysporum	VPRI13039		SAMN12869159	VPRI13039		Capsicum annuum	Australia	1985	Scaffold	Illumina HiSeq	51333920	4935	160115
GCA_009298545.1	Fusarium oxysporum	VPRI12300		SAMN12869158	VPRI12300		Solanum tuberosum	Australia	1984	Scaffold	Illumina HiSeq	54149749	4288	205692
GCA_009298555.1	Fusarium oxysporum	VPRI11409		SAMN12869155	VPRI11409		not collected	Australia	1981	Scaffold	Illumina HiSeq	53414992	7722	63771
GCA_009298615.1	Fusarium oxysporum	VPRI41778		SAMN12869175	VPRI41778		Aloe x spinosissima	Australia	2010	Contig	Illumina HiSeq	54042605	6155	123641
GCA_009298635.1	Fusarium oxysporum	VPRI41208		SAMN12869174	VPRI41208		Phoenix canariensis	Australia	2005	Contig	Illumina HiSeq	46106373	1929	159994
GCA_009298645.1	Fusarium oxysporum	VPRI41836		SAMN12869176	VPRI41836		Phaseolus vulgaris	Australia	2009	Contig	Illumina HiSeq	54529076	6179	125806
GCA_009298655.1	Fusarium oxysporum	VPRI42109		SAMN12869179	VPRI42109		Tibouchina sp.	Australia	2012	Contig	Illumina HiSeq	47966865	2063	162436
GCA_009298675.1	Fusarium oxysporum	VPRI41920		SAMN12869178	VPRI41920		Encephalartos ferox	Australia	2011	Contig	Illumina HiSeq	49937996	4233	39201
GCA_009298685.1	Fusarium oxysporum	VPRI32442		SAMN12869172	VPRI32442		Phoenix canariensis	Australia	2002	Contig	Illumina HiSeq	54914920	6771	42097
GCA_009298705.1	Fusarium oxysporum	VPRI41207		SAMN12869173	VPRI41207		Phoenix canariensis	Australia	2005	Contig	Illumina HiSeq	46891011	2808	130874
GCA_009298715.1	Fusarium oxysporum	VPRI32441		SAMN12869171	VPRI32441		Phoenix canariensis	Australia	2002	Contig	Illumina HiSeq	46250468	3584	179855
GCA_009298745.1	Fusarium oxysporum	VPRI32288		SAMN12869169	VPRI32288		Phoenix canariensis	Australia	2005	Contig	Illumina HiSeq	46901939	1495	231031
GCA_009298755.1	Fusarium oxysporum	VPRI32287		SAMN12869168	VPRI32287		Phoenix canariensis	Australia	2005	Contig	Illumina HiSeq	45415676	2446	267466
GCA_009298805.1	Fusarium oxysporum	VPRI32264		SAMN12869167	VPRI32264		Solanum lycopersicum	Australia	2005	Scaffold	Illumina HiSeq	54628388	6150	83046
GCA_009298825.1	Fusarium oxysporum	VPRI19293		SAMN12869165	VPRI19293		Dianthus caryophyllus	Australia	1990	Scaffold	Illumina HiSeq	52513135	3359	192041
GCA_009298845.1	Fusarium oxysporum	VPRI31638		SAMN12869166	VPRI31638		Lupin albus	Australia	2003	Scaffold	Illumina HiSeq	53612201	4145	197942
GCA_009298855.1	Fusarium oxysporum	VPRI16235		SAMN12869161	VPRI16235		Solanum tuberosum	Australia	1989	Contig	Illumina HiSeq	55365146	7972	84175
GCA_009298875.1	Fusarium oxysporum	VPRI11681		SAMN12869156	VPRI11681		Solanum lycopersicum	Australia	1982	Contig	Illumina HiSeq	50154860	10624	29815
GCA_009298915.1	Fusarium oxysporum	VPRI42882		SAMN12869194	VPRI42882		Juglans regia	Australia	2017	Contig	Illumina HiSeq	51123241	3786	39190
GCA_009298925.1	Fusarium oxysporum	VPRI42339		SAMN12869191	VPRI42339		Phoenix canariensis	Australia	2014	Contig	Illumina HiSeq	56698362	3249	144067
GCA_009298935.1	Fusarium oxysporum	VPRI42760		SAMN12869193	VPRI42760		Zea mays	Australia	2016	Contig	Illumina HiSeq	51159788	2073	191659
GCA_009298945.1	Fusarium oxysporum	VPRI42253		SAMN12869189	VPRI42253		Pinus	Australia	2013	Contig	Illumina HiSeq	48717784	1101	169586
GCA_009298955.1	Fusarium oxysporum	VPRI42252		SAMN12869188	VPRI42252		Pinus	Australia	2013	Contig	Illumina HiSeq	51706835	4801	32791
GCA_009298985.1	Fusarium oxysporum	VPRI42198		SAMN12869187	VPRI42198		Solanum tuberosum	Australia	2013	Scaffold	Illumina HiSeq	50425478	3245	103320
GCA_009299005.1	Fusarium oxysporum	VPRI42190		SAMN12869186	VPRI42190		missing	Australia	2013	Scaffold	Illumina HiSeq	50094163	2112	172150
GCA_009299025.1	Fusarium oxysporum	VPRI42181		SAMN12869185	VPRI42181		Solanum lycopersicum	Australia	2013	Contig	Illumina HiSeq	45797068	1976	152131
GCA_009299045.1	Fusarium oxysporum	VPRI42180		SAMN12869184	VPRI42180		Solanum lycopersicum	Australia	2013	Scaffold	Illumina HiSeq	52407697	6640	56104
GCA_009299075.1	Fusarium oxysporum	VPRI42176		SAMN12869183	VPRI42176		Schlumbergera truncata	Australia	2012	Contig	Illumina HiSeq	48027595	4898	36711
GCA_009299095.1	Fusarium oxysporum	VPRI42119		SAMN12869182	VPRI42119		missing	Australia	2012	Contig	Illumina HiSeq	55508457	5714	27324
GCA_009299115.1	Fusarium oxysporum	VPRI42118		SAMN12869181	VPRI42118		missing	Australia	2012	Scaffold	Illumina HiSeq	54223368	4829	169286
GCA_009299125.1	Fusarium oxysporum	VPRI42117		SAMN12869180	VPRI42117		missing	Australia	2012	Contig	Illumina HiSeq; Oxford nanopore	49202833	3897	394882
GCA_009299135.1	Fusarium oxysporum	VPRI41884		SAMN12869177	VPRI41884		Nassella trichotoma	Russia	2011	Contig	Illumina HiSeq	52659765	4931	137139
GCA_009299155.1	Fusarium oxysporum	VPRI43193		SAMN12869197	VPRI43193		Phoenix canariensis	Australia	2017	Contig	Illumina HiSeq	51140018	6063	102472
GCA_009299175.1	Fusarium oxysporum	VPRI42889		SAMN12869196	VPRI42889		Phaseolus vulgaris	Australia	2017	Scaffold	Illumina HiSeq	49782841	2964	176598
GCA_009299195.1	Fusarium oxysporum	VPRI42888		SAMN12869195	VPRI42888		Malus pumila	Australia	2017	Contig	Illumina HiSeq	52325364	5155	108005
GCA_009299215.1	Fusarium oxysporum	VPRI42420		SAMN12869192	VPRI42420		Phoenix canariensis	Australia	2014	Scaffold	Illumina HiSeq	53168674	5374	169594
GCA_009299235.1	Fusarium oxysporum	VPRI42327		SAMN12869190	VPRI42327		Phoenix canariensis	Australia	2013	Contig	Illumina HiSeq	55451260	7345	25894
GCA_009299255.1	Fusarium oxysporum	VPRI43194		SAMN12869199	VPRI43194		Phoenix canariensis	Australia	2017	Contig	Illumina HiSeq	50305615	3931	35994
GCA_009299295.1	Fusarium oxysporum	VPRI43195		SAMN12869198	VPRI43195		Phoenix canariensis	Australia	2017	Scaffold	Illumina HiSeq	49892518	2844	149752
GCA_009299335.1	Fusarium oxysporum	VPRI32289		SAMN12869170	VPRI32289		Phoenix canariensis	Australia	2005	Contig	Illumina HiSeq	57921869	24336	131776
GCA_009746015.2	Fusarium oxysporum	MRL8996		SAMN12285937	MRL8996		Homo sapiens	USA: Ohio	2006	Chromosome	Oxford Nanopore MinION	52321866	19	4819956
GCA_011032855.1	Fusarium oxysporum	EtdFoc-10		SAMN07710966	EtdFoc-10		Cicer arietinum	Ethiopia: Chelenko Lola	2015	Scaffold	Illumina	54529818	2541	242783
GCA_011032885.1	Fusarium oxysporum	EtdFoc-1		SAMN07710965	EtdFoc-1		Cicer arietinum	Ethiopia: Alemaya	2015	Scaffold	Illumina	58996620	4822	39821
GCA_011033375.1	Fusarium oxysporum	EtdFoc-158		SAMN07711011	EtdFoc-158		Cicer arietinum	Ethiopia: Gerbicha	2015	Scaffold	Illumina	52123778	3046	103119
GCA_011033455.1	Fusarium oxysporum	EtdFoc-136		SAMN07710997	EtdFoc-136		Cicer arietinum	Ethiopia: Ejere Welkitie	2015	Scaffold	Illumina	54335896	6558	15095
GCA_011033475.1	Fusarium oxysporum	EtdFoc-13		SAMN07710993	EtdFoc-13		Cicer arietinum	Ethiopia: Ifabelem	2015	Scaffold	Illumina	53295697	3363	531438
GCA_011033485.1	Fusarium oxysporum	EtdFoc-109		SAMN07710973	EtdFoc-109		Cicer arietinum	Ethiopia: Jihur	2015	Scaffold	Illumina	53408067	5408	19188
GCA_011033505.1	Fusarium oxysporum	EtdFoc-102		SAMN07710968	EtdFoc-102		Cicer arietinum	Ethiopia: Adaw Gore	2015	Scaffold	Illumina	54554461	14543	8129
GCA_011033535.1	Fusarium oxysporum	EtdFoc-160		SAMN07711014	EtdFoc-160		Cicer arietinum	Ethiopia: Gichie	2015	Scaffold	Illumina	54307985	5280	155780
GCA_011033555.1	Fusarium oxysporum	EtdFoc-16		SAMN07711013	EtdFoc-16		Cicer arietinum	Ethiopia: Lubudhekeb	2015	Scaffold	Illumina	58314218	6053	23756
GCA_011033575.1	Fusarium oxysporum	EtdFoc-113		SAMN07710976	EtdFoc-113		Cicer arietinum	Ethiopia: Abichu	2015	Scaffold	Illumina	61091223	24965	5872
GCA_011033645.1	Fusarium oxysporum	EtdFoc-174		SAMN07711018	EtdFoc-174		Cicer arietinum	Ethiopia: Mitichole	2015	Scaffold	Illumina	52739343	26076	3071
GCA_011033665.1	Fusarium oxysporum	EtdFoc-17		SAMN07711017	EtdFoc-17		Cicer arietinum	Ethiopia: Lubudhekeb	2015	Scaffold	Illumina	63082028	28172	3409
GCA_011033685.1	Fusarium oxysporum	EtdFoc-139		SAMN07711000	EtdFoc-139		Cicer arietinum	Ethiopia: Bililgn	2015	Scaffold	Illumina	50230158	34691	1974
GCA_011033715.1	Fusarium oxysporum	EtdFoc-193		SAMN07711036	EtdFoc-193		Cicer arietinum	Ethiopia: Lesalso	2015	Scaffold	Illumina	60793687	7360	15448
GCA_011033745.1	Fusarium oxysporum	EtdFoc-190		SAMN07711033	EtdFoc-190		Cicer arietinum	Ethiopia: Lalabla	2015	Scaffold	Illumina	62653376	6544	25926
GCA_011033765.1	Fusarium oxysporum	EtdFoc-19		SAMN07711032	EtdFoc-19		Cicer arietinum	Ethiopia: Terkafeta	2015	Scaffold	Illumina	59206822	2635	89931
GCA_011033805.1	Fusarium oxysporum	EtdFoc-185		SAMN07711028	EtdFoc-185		Cicer arietinum	Ethiopia: Afasash	2015	Scaffold	Illumina	59054286	4975	24437
GCA_011033815.1	Fusarium oxysporum	EtdFoc-183		SAMN07711026	EtdFoc-183		Cicer arietinum	Ethiopia: Jenetuber	2015	Scaffold	Illumina	56201877	6921	118969
GCA_011033835.1	Fusarium oxysporum	EtdFoc-22		SAMN07711055	EtdFoc-22		Cicer arietinum	Ethiopia: Lugo	2015	Scaffold	Illumina	50688263	1205	403909
GCA_011033875.1	Fusarium oxysporum	EtdFoc-218		SAMN07711053	EtdFoc-218		Cicer arietinum	Ethiopia: Ketefo	2015	Scaffold	Illumina	52975615	2041	190273
GCA_011033885.1	Fusarium oxysporum	EtdFoc-219		SAMN07711054	EtdFoc-219		Cicer arietinum	Ethiopia: Fugie	2015	Scaffold	Illumina	52433913	1879	207799
GCA_011033895.1	Fusarium oxysporum	EtdFoc-216		SAMN07711052	EtdFoc-216		Cicer arietinum	Ethiopia: Maytsede	2015	Scaffold	Illumina	52471005	2029	209531
GCA_011033955.1	Fusarium oxysporum	EtdFoc-204		SAMN07711045	EtdFoc-204		Cicer arietinum	Ethiopia: Madirash	2015	Scaffold	Illumina	60506034	4133	47654
GCA_011033985.1	Fusarium oxysporum	EtdFoc-203		SAMN07711044	EtdFoc-203		Cicer arietinum	Ethiopia: Adigdad	2015	Scaffold	Illumina	55449268	2927	136957
GCA_011033995.1	Fusarium oxysporum	EtdFoc-2		SAMN07711041	EtdFoc-2		Cicer arietinum	Ethiopia: Gobe Selama	2015	Scaffold	Illumina	52751037	12453	6647
GCA_011034025.1	Fusarium oxysporum	EtdFoc-198		SAMN07711039	EtdFoc-198		Cicer arietinum	Ethiopia: Adura	2015	Scaffold	Illumina	63494387	12047	12847
GCA_011034045.1	Fusarium oxysporum	EtdFoc-18		SAMN07711023	EtdFoc-18		Cicer arietinum	Ethiopia: Terkafeta	2015	Scaffold	Illumina	45336994	29471	2196
GCA_011034075.1	Fusarium oxysporum	EtdFoc-243		SAMN07711069	EtdFoc-243		Cicer arietinum	Ethiopia: Debrezt	2015	Scaffold	Illumina	57855706	6780	43853
GCA_011034105.1	Fusarium oxysporum	EtdFoc-236		SAMN07711065	EtdFoc-236		Cicer arietinum	Ethiopia: Y/Campas	2015	Scaffold	Illumina	53907921	2149	219513
GCA_011034125.1	Fusarium oxysporum	EtdFoc-234		SAMN07711064	EtdFoc-234		Cicer arietinum	Ethiopia: Nora Awudard	2015	Scaffold	Illumina	52223926	1724	198207
GCA_011034135.1	Fusarium oxysporum	EtdFoc-233		SAMN07711063	EtdFoc-233		Cicer arietinum	Ethiopia: Laysek	2015	Scaffold	Illumina	56829826	5897	78153
GCA_011034155.1	Fusarium oxysporum	EtdFoc-23		SAMN07711062	EtdFoc-23		Cicer arietinum	Ethiopia: Hature Selale	2015	Scaffold	Illumina	53362244	2138	205447
GCA_011034195.1	Fusarium oxysporum	EtdFoc-229		SAMN07711061	EtdFoc-229		Cicer arietinum	Ethiopia: Tsegur Eyesus	2015	Scaffold	Illumina	52558998	2985	53720
GCA_011034205.1	Fusarium oxysporum	EtdFoc-228		SAMN07711060	EtdFoc-228		Cicer arietinum	Ethiopia: Awrajit	2015	Scaffold	Illumina	54462218	19175	4728
GCA_011034225.1	Fusarium oxysporum	EtdFoc-223		SAMN07711059	EtdFoc-223		Cicer arietinum	Ethiopia: Soyoma	2015	Scaffold	Illumina	53566557	2138	189179
GCA_011034265.1	Fusarium oxysporum	EtdFoc-221		SAMN07711057	EtdFoc-221		Cicer arietinum	Ethiopia: Bugie	2015	Scaffold	Illumina	53616532	3188	70021
GCA_011034275.1	Fusarium oxysporum	EtdFoc-213		SAMN07711049	EtdFoc-213		Cicer arietinum	Ethiopia: Maymegerta	2015	Scaffold	Illumina	52490317	10003	9044
GCA_011034375.1	Fusarium oxysporum	EtdFoc-250		SAMN07711074	EtdFoc-250		Cicer arietinum	Ethiopia: Rogicha	2015	Scaffold	Illumina	62787317	12540	11144
GCA_011034395.1	Fusarium oxysporum	EtdFoc-248		SAMN07711072	EtdFoc-248		Cicer arietinum	Ethiopia: Sidamo	2015	Scaffold	Illumina	50545352	2581	54442
GCA_011034415.1	Fusarium oxysporum	EtdFoc-247		SAMN07711071	EtdFoc-247		Cicer arietinum	Ethiopia: Cholo	2015	Scaffold	Illumina	62308646	7936	14794
GCA_011034445.1	Fusarium oxysporum	EtdFoc-245		SAMN07711070	EtdFoc-245		Cicer arietinum	Ethiopia: Kela	2015	Scaffold	Illumina	53843651	3640	59881
GCA_011034455.1	Fusarium oxysporum	EtdFoc-237		SAMN07711066	EtdFoc-237		Cicer arietinum	Ethiopia: Jabi	2015	Scaffold	Illumina	50456370	23799	3100
GCA_011034475.1	Fusarium oxysporum	EtdFoc-30		SAMN07711084	EtdFoc-30		Cicer arietinum	Ethiopia: Atebela	2015	Scaffold	Illumina	52223542	1986	216331
GCA_011034485.1	Fusarium oxysporum	EtdFoc-258		SAMN07711077	EtdFoc-258		Cicer arietinum	Ethiopia: Muhubal	2015	Scaffold	Illumina	51377707	1851	170661
GCA_011034515.1	Fusarium oxysporum	EtdFoc-256		SAMN07711076	EtdFoc-256		Cicer arietinum	Ethiopia: Hodokotiyo	2015	Scaffold	Illumina	53712057	3134	61572
GCA_011034545.1	Fusarium oxysporum	EtdFoc-253		SAMN07711075	EtdFoc-253		Cicer arietinum	Ethiopia: Multialibo	2015	Scaffold	Illumina	50242981	15858	4919
GCA_011034565.1	Fusarium oxysporum	EtdFoc-259		SAMN07711078	EtdFoc-259		Cicer arietinum	Ethiopia: Adeqemaleh	2015	Scaffold	Illumina	53069360	2497	121700
GCA_011034575.1	Fusarium oxysporum	EtdFoc-25		SAMN07711073	EtdFoc-25		Cicer arietinum	Ethiopia: Geteta	2015	Scaffold	Illumina	45963372	30119	2092
GCA_011034615.1	Fusarium oxysporum	EtdFoc-49		SAMN07711096	EtdFoc-49		Cicer arietinum	Ethiopia: Hachura	2015	Scaffold	Illumina	52393367	3944	25292
GCA_011034625.1	Fusarium oxysporum	EtdFoc-46		SAMN07711093	EtdFoc-46		Cicer arietinum	Ethiopia: Gidobodetti	2015	Scaffold	Illumina	53137715	2639	103009
GCA_011034635.1	Fusarium oxysporum	EtdFoc-48		SAMN07711095	EtdFoc-48		Cicer arietinum	Ethiopia: Gurmakosha	2015	Scaffold	Illumina	54514331	3082	132272
GCA_011034645.1	Fusarium oxysporum	EtdFoc-5		SAMN07711097	EtdFoc-5		Cicer arietinum	Ethiopia: Metokema	2015	Scaffold	Illumina	52200403	2357	57782
GCA_011034655.1	Fusarium oxysporum	EtdFoc-4		SAMN07711090	EtdFoc-4		Cicer arietinum	Ethiopia: Sonbe	2015	Scaffold	Illumina	52335488	15328	5320
GCA_011034675.1	Fusarium oxysporum	EtdFoc-39		SAMN07711089	EtdFoc-39		Cicer arietinum	Ethiopia: Kora	2015	Scaffold	Illumina	51693982	1442	322668
GCA_011034745.1	Fusarium oxysporum	EtdFoc-34		SAMN07711085	EtdFoc-34		Cicer arietinum	Ethiopia: Jebdu	2015	Scaffold	Illumina	51933313	18820	4161
GCA_011034775.1	Fusarium oxysporum	EtdFoc-8		SAMN07711116	EtdFoc-8		Cicer arietinum	Ethiopia: Guta Woliso	2015	Scaffold	Illumina	52620209	2146	124764
GCA_011034785.1	Fusarium oxysporum	EtdFoc-72		SAMN07711111	EtdFoc-72		Cicer arietinum	Ethiopia: Adoch	2015	Scaffold	Illumina	53923682	5211	49410
GCA_011034805.1	Fusarium oxysporum	EtdFoc-79		SAMN07711115	EtdFoc-79		Cicer arietinum	Ethiopia: Guhal	2015	Scaffold	Illumina	53155723	2901	465748
GCA_011034815.1	Fusarium oxysporum	EtdFoc-7		SAMN07711110	EtdFoc-7		Cicer arietinum	Ethiopia: Agello	2015	Scaffold	Illumina	52768052	3969	33055
GCA_011034845.1	Fusarium oxysporum	EtdFoc-61		SAMN07711104	EtdFoc-61		Cicer arietinum	Ethiopia: Kobo	2015	Scaffold	Illumina	52470836	3876	44444
GCA_011034875.1	Fusarium oxysporum	EtdFoc-52		SAMN07711099	EtdFoc-52		Cicer arietinum	Ethiopia: Fikadu	2015	Scaffold	Illumina	53547926	8197	11177
GCA_011034915.1	Fusarium oxysporum	EtdFoc-55		SAMN07711101	EtdFoc-55		Cicer arietinum	Ethiopia: Doyokora	2015	Scaffold	Illumina	54817118	3475	100559
GCA_011034925.1	Fusarium oxysporum	EtdFoc-87		SAMN07711121	EtdFoc-87		Cicer arietinum	Ethiopia: Jiwacha Awura	2015	Scaffold	Illumina	52853434	2224	114118
GCA_011034935.1	Fusarium oxysporum	EtdFoc-88		SAMN07711122	EtdFoc-88		Cicer arietinum	Ethiopia: Golashkan	2015	Scaffold	Illumina	52767621	2050	248131
GCA_011034945.1	Fusarium oxysporum	EtdFoc-92		SAMN07711125	EtdFoc-92		Cicer arietinum	Ethiopia: Wengie Barekegn	2015	Scaffold	Illumina	59293504	12416	7694
GCA_011034965.1	Fusarium oxysporum	EtdFoc-69		SAMN07711109	EtdFoc-69		Cicer arietinum	Ethiopia: Debre Selam	2015	Scaffold	Illumina	51124328	23306	3196
GCA_011035015.1	Fusarium oxysporum	EtdFoc-86		SAMN07711120	EtdFoc-86		Cicer arietinum	Ethiopia: Aku K/Mihret	2015	Scaffold	Illumina	53721909	6348	15761
GCA_011035035.1	Fusarium oxysporum	EthFoc-101		SAMN07710849	EthFoc-101		Cicer arietinum	Ethiopia: Jangua	2014	Scaffold	Illumina	52817521	2009	181217
GCA_011035045.1	Fusarium oxysporum	EthFoc-111		SAMN07710854	EthFoc-111		Cicer arietinum	Ethiopia: Jeja-bahir	2014	Scaffold	Illumina	52665804	1795	275746
GCA_011035055.1	Fusarium oxysporum	EthFoc-11		SAMN07710853	EthFoc-11		Cicer arietinum	Ethiopia: Samasenbet	2014	Scaffold	Illumina	52453353	1655	285371
GCA_011035065.1	Fusarium oxysporum	EthFoc-106		SAMN07710852	EthFoc-106		Cicer arietinum	Ethiopia: Azero	2014	Scaffold	Illumina	51827087	2239	77276
GCA_011035075.1	Fusarium oxysporum	EthFoc-102		SAMN07710850	EthFoc-102		Cicer arietinum	Ethiopia: Meskelekiristos	2014	Scaffold	Illumina	53366981	3252	45959
GCA_011035135.1	Fusarium oxysporum	EthFoc-10		SAMN07710847	EthFoc-10		Cicer arietinum	Ethiopia: Shewagenet	2014	Scaffold	Illumina	53092179	14540	5872
GCA_011035185.1	Fusarium oxysporum	EtdFoc-99		SAMN07711130	EtdFoc-99		Cicer arietinum	Ethiopia: Ambelta	2015	Scaffold	Illumina	52160747	17132	4604
GCA_011035205.1	Fusarium oxysporum	EtdFoc-75		SAMN07711113	EtdFoc-75		Cicer arietinum	Ethiopia: Gebeba	2015	Scaffold	Illumina	53989766	34349	2212
GCA_011035235.1	Fusarium oxysporum	EthFoc-135		SAMN07710872	EthFoc-135		Cicer arietinum	Ethiopia: Ashreba	2014	Scaffold	Illumina	51909731	2783	60662
GCA_011035245.1	Fusarium oxysporum	EthFoc-131		SAMN07710870	EthFoc-131		Cicer arietinum	Ethiopia: Kolemshash	2014	Scaffold	Illumina	51124906	1699	158258
GCA_011035255.1	Fusarium oxysporum	EthFoc-136		SAMN07710873	EthFoc-136		Cicer arietinum	Ethiopia: Kuamicherk	2014	Scaffold	Illumina	52600677	1657	356274
GCA_011035265.1	Fusarium oxysporum	EthFoc-130		SAMN07710869	EthFoc-130		Cicer arietinum	Ethiopia: Ginb	2014	Scaffold	Illumina	51259128	1525	152226
GCA_011035335.1	Fusarium oxysporum	EthFoc-127		SAMN07710866	EthFoc-127		Cicer arietinum	Ethiopia: Wencher	2014	Scaffold	Illumina	52167724	1824	201867
GCA_011035345.1	Fusarium oxysporum	EthFoc-125		SAMN07710864	EthFoc-125		Cicer arietinum	Ethiopia: Adet Research Station	2014	Scaffold	Illumina	52781500	2245	132313
GCA_011035355.1	Fusarium oxysporum	EthFoc-122		SAMN07710862	EthFoc-122		Cicer arietinum	Ethiopia: Amari	2014	Scaffold	Illumina	57430924	9937	18305
GCA_011035375.1	Fusarium oxysporum	EthFoc-120		SAMN07710861	EthFoc-120		Cicer arietinum	Ethiopia: Alember-weltem	2014	Scaffold	Illumina	52436722	1854	171008
GCA_011035385.1	Fusarium oxysporum	EthFoc-129		SAMN07710867	EthFoc-129		Cicer arietinum	Ethiopia: Mentadefir	2014	Scaffold	Illumina	52330044	2059	150155
GCA_011035415.1	Fusarium oxysporum	EthFoc-12		SAMN07710860	EthFoc-12		Cicer arietinum	Ethiopia: Samasenbet	2014	Scaffold	Illumina	52844594	2592	112865
GCA_011035435.1	Fusarium oxysporum	EthFoc-124		SAMN07710863	EthFoc-124		Cicer arietinum	Ethiopia: Yilmanadensa	2014	Scaffold	Illumina	52001598	1785	215588
GCA_011035455.1	Fusarium oxysporum	EthFoc-119		SAMN07710859	EthFoc-119		Cicer arietinum	Ethiopia: Sinko-gazoch	2014	Scaffold	Illumina	49159102	911	251509
GCA_011035485.1	Fusarium oxysporum	EthFoc-118		SAMN07710858	EthFoc-118		Cicer arietinum	Ethiopia: Weji-dewel	2014	Scaffold	Illumina	53391331	2038	179635
GCA_011035495.1	Fusarium oxysporum	EthFoc-113		SAMN07710855	EthFoc-113		Cicer arietinum	Ethiopia: Geneza Sikisa	2014	Scaffold	Illumina	51806632	1735	205832
GCA_011035505.1	Fusarium oxysporum	EthFoc-116		SAMN07710857	EthFoc-116		Cicer arietinum	Ethiopia: Denger	2014	Scaffold	Illumina	59968115	8545	27196
GCA_011035555.1	Fusarium oxysporum	EthFoc-144		SAMN07710880	EthFoc-144		Cicer arietinum	Ethiopia: Yetimbnayeres	2014	Scaffold	Illumina	58572818	13374	9032
GCA_011035595.1	Fusarium oxysporum	EthFoc-146		SAMN07710882	EthFoc-146		Cicer arietinum	Ethiopia: Mahibere Birhan	2014	Scaffold	Illumina	49551688	19296	4061
GCA_011035615.1	Fusarium oxysporum	EthFoc-16		SAMN07710891	EthFoc-16		Cicer arietinum	Ethiopia: Udae	2014	Scaffold	Illumina	52545525	2212	178998
GCA_011035625.1	Fusarium oxysporum	EthFoc-148		SAMN07710884	EthFoc-148		Cicer arietinum	Ethiopia: Zemet	2014	Contig	Illumina	54955746	5198	50704
GCA_011035645.1	Fusarium oxysporum	EthFoc-139		SAMN07710875	EthFoc-139		Cicer arietinum	Ethiopia: Kitar Badima	2014	Scaffold	Illumina	46061793	27777	2386
GCA_011035665.1	Fusarium oxysporum	EthFoc-138		SAMN07710874	EthFoc-138		Cicer arietinum	Ethiopia: Ligatam	2014	Scaffold	Illumina	40315034	31486	1715
GCA_011035695.1	Fusarium oxysporum	EthFoc-158		SAMN07710889	EthFoc-158		Cicer arietinum	Ethiopia: Mechlenawertu	2014	Scaffold	Illumina	51058237	31273	2336
GCA_011035725.1	Fusarium oxysporum	EthFoc-159		SAMN07710890	EthFoc-159		Cicer arietinum	Ethiopia: Kimoye	2014	Contig	Illumina	41493791	34674	1572
GCA_011035745.1	Fusarium oxysporum	EthFoc-2		SAMN07710900	EthFoc-2		Cicer arietinum	Ethiopia: Tulurea	2014	Scaffold	Illumina	52174060	1351	294189
GCA_011035755.1	Fusarium oxysporum	EthFoc-21		SAMN07710902	EthFoc-21		Cicer arietinum	Ethiopia: Keteba	2014	Scaffold	Illumina	53060685	1856	191690
GCA_011035765.1	Fusarium oxysporum	EthFoc-18		SAMN07710899	EthFoc-18		Cicer arietinum	Ethiopia: Tedecha-ena Yatu	2014	Scaffold	Illumina	54035999	21755	3772
GCA_011035785.1	Fusarium oxysporum	EthFoc-167		SAMN07710895	EthFoc-167		Cicer arietinum	Ethiopia: Awashbole	2014	Scaffold	Illumina	49824983	22147	3462
GCA_011035835.1	Fusarium oxysporum	EthFoc-25		SAMN07710905	EthFoc-25		Cicer arietinum	Ethiopia: Lemlemchefe	2014	Scaffold	Illumina	53630826	2540	181849
GCA_011035855.1	Fusarium oxysporum	EthFoc-27		SAMN07710908	EthFoc-27		Cicer arietinum	Ethiopia: Adadigole	2014	Scaffold	Illumina	54416715	5947	39290
GCA_011035875.1	Fusarium oxysporum	EthFoc-20		SAMN07710901	EthFoc-20		Cicer arietinum	Ethiopia: Godino	2014	Scaffold	Illumina	50496538	20240	3825
GCA_011035895.1	Fusarium oxysporum	EthFoc-165		SAMN07710893	EthFoc-165		Cicer arietinum	Ethiopia: Werka-wereso	2014	Scaffold	Illumina	40391531	36744	1407
GCA_011035955.1	Fusarium oxysporum	EthFoc-3		SAMN07710911	EthFoc-3		Cicer arietinum	Ethiopia: Dekebora	2014	Scaffold	Illumina	52738587	2425	189485
GCA_011035965.1	Fusarium oxysporum	EthFoc-36		SAMN07710915	EthFoc-36		Cicer arietinum	Ethiopia: Soyema	2014	Scaffold	Illumina	51903197	1383	407136
GCA_011035975.1	Fusarium oxysporum	EthFoc-29		SAMN07710910	EthFoc-29		Cicer arietinum	Ethiopia: Tefki	2014	Scaffold	Illumina	52989774	17498	4637
GCA_011035995.1	Fusarium oxysporum	EthFoc-28		SAMN07710909	EthFoc-28		Cicer arietinum	Ethiopia: Harojilo Fulaso	2014	Scaffold	Illumina	51852937	18222	4515
GCA_011036045.1	Fusarium oxysporum	EthFoc-42		SAMN07710921	EthFoc-42		Cicer arietinum	Ethiopia: Jihur	2014	Scaffold	Illumina	53629309	2505	147894
GCA_011036055.1	Fusarium oxysporum	EthFoc-44		SAMN07710923	EthFoc-44		Cicer arietinum	Ethiopia: yeshum	2014	Scaffold	Illumina	52260275	1581	216159
GCA_011036065.1	Fusarium oxysporum	EthFoc-48		SAMN07710925	EthFoc-48		Cicer arietinum	Ethiopia: Robit	2014	Scaffold	Illumina	53131083	2691	97163
GCA_011036075.1	Fusarium oxysporum	EthFoc-43		SAMN07710922	EthFoc-43		Cicer arietinum	Ethiopia: Chefa Substation	2014	Scaffold	Illumina	53175428	3414	44553
GCA_011036115.1	Fusarium oxysporum	EthFoc-41		SAMN07710920	EthFoc-41		Cicer arietinum	Ethiopia: Weyraamba	2014	Scaffold	Illumina	52195659	1862	147561
GCA_011036125.1	Fusarium oxysporum	EthFoc-40		SAMN07710919	EthFoc-40		Cicer arietinum	Ethiopia: Weyraamba	2014	Scaffold	Illumina	51582286	1520	138359
GCA_011036135.1	Fusarium oxysporum	EthFoc-4		SAMN07710918	EthFoc-4		Cicer arietinum	Ethiopia: Tiltigerbi	2014	Scaffold	Illumina	53199733	2155	233777
GCA_011036205.1	Fusarium oxysporum	EthFoc-7		SAMN07710936	EthFoc-7		Cicer arietinum	Ethiopia: Mitikora	2014	Scaffold	Illumina	55355858	2213	188664
GCA_011036215.1	Fusarium oxysporum	EthFoc-75		SAMN07710938	EthFoc-75		Cicer arietinum	Ethiopia: Goraewel	2014	Scaffold	Illumina	53615548	2062	212564
GCA_011036235.1	Fusarium oxysporum	EthFoc-61		SAMN07710932	EthFoc-61		Cicer arietinum	Ethiopia: Gedober	2014	Scaffold	Illumina	52471214	2111	99181
GCA_011036275.1	Fusarium oxysporum	EthFoc-52		SAMN07710928	EthFoc-52		Cicer arietinum	Ethiopia: Aloma	2014	Scaffold	Illumina	52284697	1731	122558
GCA_011036305.1	Fusarium oxysporum	EthFoc-49		SAMN07710926	EthFoc-49		Cicer arietinum	Ethiopia: Jelisa	2014	Scaffold	Illumina	53601383	9164	10124
GCA_011036325.1	Fusarium oxysporum	EthFoc-45		SAMN07710924	EthFoc-45		Cicer arietinum	Ethiopia: Chuli	2014	Scaffold	Illumina	46255317	31534	2023
GCA_011036345.1	Fusarium oxysporum	EthFoc-36a		SAMN07710916	EthFoc-36a		Cicer arietinum	Ethiopia: Soyema	2014	Scaffold	Illumina	44968683	33986	1785
GCA_011036365.1	Fusarium oxysporum	EthFoc-93		SAMN07710949	EthFoc-93		Cicer arietinum	Ethiopia: Adhano	2014	Scaffold	Illumina	52410926	10287	9002
GCA_011036385.1	Fusarium oxysporum	EthFoc-95		SAMN07710950	EthFoc-95		Cicer arietinum	Ethiopia: Advarey	2014	Scaffold	Illumina	51825621	2091	138209
GCA_011036395.1	Fusarium oxysporum	EthFoc-90		SAMN07710948	EthFoc-90		Cicer arietinum	Ethiopia: Mytimket	2014	Scaffold	Illumina	54285402	2241	273806
GCA_011036425.1	Fusarium oxysporum	EthFoc-88		SAMN07710947	EthFoc-88		Cicer arietinum	Ethiopia: Beles	2014	Scaffold	Illumina	52629318	8070	11623
GCA_011036455.1	Fusarium oxysporum	EthFoc-84		SAMN07710945	EthFoc-84		Cicer arietinum	Ethiopia: Medegoy	2014	Scaffold	Illumina	53131465	2093	233022
GCA_011036475.1	Fusarium oxysporum	EthFoc-83		SAMN07710944	EthFoc-83		Cicer arietinum	Ethiopia: Medegoy	2014	Scaffold	Illumina	53014533	1946	225184
GCA_011036505.1	Fusarium oxysporum	EthFoc-81		SAMN07710942	EthFoc-81		Cicer arietinum	Ethiopia: Endayesus	2014	Scaffold	Illumina	55482964	3102	114180
GCA_011036545.1	Fusarium oxysporum	EthFoc-78		SAMN07710940	EthFoc-78		Cicer arietinum	Ethiopia: Kushet	2014	Scaffold	Illumina	51615397	1893	97428
GCA_011036575.1	Fusarium oxysporum	EthFoc-DSP12		SAMN07710955	EthFoc-DSP12		Cicer arietinum	Ethiopia: DZARC	2014	Scaffold	Illumina	52871178	8315	11834
GCA_011036595.1	Fusarium oxysporum	EthFoc-99		SAMN07710952	EthFoc-99		Cicer arietinum	Ethiopia: Chilo	2014	Scaffold	Illumina	53282346	3208	105397
GCA_011036615.1	Fusarium oxysporum	EthFoc-98		SAMN07710951	EthFoc-98		Cicer arietinum	Ethiopia: Girarye	2014	Scaffold	Illumina	49945523	20749	3733
GCA_011036635.1	Fusarium oxysporum	EthFoc-57		SAMN07710931	EthFoc-57		Cicer arietinum	Ethiopia: Bedeno	2014	Scaffold	Illumina	40031627	38598	1277
GCA_011036655.1	Fusarium oxysporum	EthFoc-DSP2		SAMN07710958	EthFoc-DSP2		Cicer arietinum	Ethiopia: DZARC	2014	Scaffold	Illumina	51832454	23324	3270
GCA_011036705.1	Fusarium oxysporum	EthFoc-35		SAMN07710914	EthFoc-35		Cicer arietinum	Ethiopia: Soyema Genji	2014	Scaffold	Illumina	54638491	2289	177700
GCA_011036765.1	Fusarium oxysporum	EtdFoc-47		SAMN07711094	EtdFoc-47		Cicer arietinum	Ethiopia: Gurmoweyidie	2015	Scaffold	Illumina	52071680	3839	30468
GCA_011036795.1	Fusarium oxysporum	EtdFoc-6		SAMN07711103	EtdFoc-6		Cicer arietinum	Ethiopia: Gandechela	2015	Scaffold	Illumina	57532171	4397	212302
GCA_011036835.1	Fusarium oxysporum	EtdFoc-94		SAMN07711127	EtdFoc-94		Cicer arietinum	Ethiopia: Yekuas	2015	Scaffold	Illumina	53109346	10129	8628
GCA_011036855.1	Fusarium oxysporum	EthFoc-126		SAMN07710865	EthFoc-126		Cicer arietinum	Ethiopia: Ambatna	2014	Scaffold	Illumina	52175403	1644	259346
GCA_011036875.1	Fusarium oxysporum	EthFoc-13		SAMN07710868	EthFoc-13		Cicer arietinum	Ethiopia: Bosoke	2014	Scaffold	Illumina	53211441	2161	251572
GCA_011036925.1	Fusarium oxysporum	EthFoc-30		SAMN07710912	EthFoc-30		Cicer arietinum	Ethiopia: Awashbolo	2014	Scaffold	Illumina	58152970	7662	40407
GCA_011036945.1	Fusarium oxysporum	EthFoc-34		SAMN07710913	EthFoc-34		Cicer arietinum	Ethiopia: Batutirecha	2014	Scaffold	Illumina	54410155	2113	249787
GCA_011036965.1	Fusarium oxysporum	EthFoc-173		SAMN07710898	EthFoc-173		Cicer arietinum	Ethiopia: Gosu-kora	2014	Scaffold	Illumina	40138469	33795	1556
GCA_011036985.1	Fusarium oxysporum	EthFoc-DSP6		SAMN07710962	EthFoc-DSP6		Cicer arietinum	Ethiopia: DZARC sick plot	2014	Scaffold	Illumina	38213843	35866	1344
GCA_011037005.1	Fusarium oxysporum	EthFoc-168		SAMN07710896	EthFoc-168		Cicer arietinum	Ethiopia: Beyo	2014	Scaffold	Illumina	38875668	34437	1473
GCA_011037075.1	Fusarium oxysporum	EthFoc-142		SAMN07710878	EthFoc-142		Cicer arietinum	Ethiopia: Talima	2014	Scaffold	Illumina	38438723	36110	1355
GCA_011037105.1	Fusarium oxysporum	EthFoc-152		SAMN07710886	EthFoc-152		Cicer arietinum	Ethiopia: Lenchoborsu	2014	Scaffold	Illumina	38092127	35124	1398
GCA_011037135.1	Fusarium oxysporum	EtdFoc-81		SAMN07711118	EtdFoc-81		Cicer arietinum	Ethiopia: Deserek	2015	Scaffold	Illumina	64438433	6386	20544
GCA_011037735.1	Fusarium oxysporum	EthFoc-DSP9		SAMN07710964	EthFoc-DSP9		Cicer arietinum	Ethiopia: DZARC	2014	Scaffold	Illumina	49048211	27840	2585
GCA_011037795.1	Fusarium oxysporum	EthFoc-56		SAMN07710930	EthFoc-56		Cicer arietinum	Ethiopia: Bedeno	2014	Scaffold	Illumina	52050715	2094	93782
GCA_011421275.1	Fusarium oxysporum	EtdFoc-3		SAMN07711083	EtdFoc-3		Cicer arietinum	Ethiopia: Gobe Chala	2015	Scaffold	Illumina	58123106	1782	202054
GCA_011421285.1	Fusarium oxysporum	EtdFoc-85		SAMN07711119	EtdFoc-85		Cicer arietinum	Ethiopia: Admina	2015	Scaffold	Illumina	59501895	5271	31783
GCA_011421305.1	Fusarium oxysporum	EtdFoc-220		SAMN07711056	EtdFoc-220		Cicer arietinum	Ethiopia: Badewachi	2015	Scaffold	Illumina	57973890	5914	27336
GCA_011421335.1	Fusarium oxysporum	EtdFoc-206		SAMN07711046	EtdFoc-206		Cicer arietinum	Ethiopia: Klteno	2015	Scaffold	Illumina	60568093	5960	20499
GCA_011421355.1	Fusarium oxysporum	EtdFoc-191		SAMN07711034	EtdFoc-191		Cicer arietinum	Ethiopia: Qaqa	2015	Scaffold	Illumina	58134561	1766	347916
GCA_011421365.1	Fusarium oxysporum	EtdFoc-192		SAMN07711035	EtdFoc-192		Cicer arietinum	Ethiopia: Worq Amba	2015	Scaffold	Illumina	58312822	2025	136884
GCA_011421375.1	Fusarium oxysporum	EtdFoc-189		SAMN07711031	EtdFoc-189		Cicer arietinum	Ethiopia: Seret	2015	Scaffold	Illumina	58631107	3389	53124
GCA_011424605.1	Fusarium oxysporum	EtdFoc-89		SAMN07711123	EtdFoc-89		Cicer arietinum	Ethiopia: Shankra	2015	Scaffold	Illumina	56701176	30595	2632
GCA_011424625.1	Fusarium oxysporum	EtdFoc-20		SAMN07711042	EtdFoc-20		Cicer arietinum	Ethiopia: Kemer	2015	Scaffold	Illumina	52093814	26034	2850
GCA_011426335.1	Fusarium oxysporum	EtdFoc-182		SAMN07711025	EtdFoc-182		Cicer arietinum	Ethiopia: Chefemeda	2015	Scaffold	Illumina	52926027	29264	2547
GCA_011426355.1	Fusarium oxysporum	EtdFoc-176		SAMN07711020	EtdFoc-176		Cicer arietinum	Ethiopia: Adadi	2015	Scaffold	Illumina	55175956	25063	3208
GCA_011428085.1	Fusarium oxysporum	EtdFoc-143		SAMN07711002	EtdFoc-143		Cicer arietinum	Ethiopia: Korkoro Amba	2015	Scaffold	Illumina	52066794	28477	2563
GCA_013347355.2	Fusarium oxysporum	Fus187		SAMN11520597	Fus187		Spinacia oleracea	USA: Skagit County, Washington	2008	Chromosome	Oxford Nanopore MinION	50445380	13	4294537
GCA_013347365.1	Fusarium oxysporum	Fus191		SAMN11520598	Fus191		Spinacia oleracea	USA: Skagit County, Washington	2008	Scaffold	Illumina HiSeq	47532730	398	321941
GCA_013347375.1	Fusarium oxysporum	Fus259		SAMN11520600	Fus259		not applicable	USA: Skagit County, Washington	2009	Scaffold	Illumina HiSeq	49245682	829	307397
GCA_013347385.1	Fusarium oxysporum	Fus250		SAMN11520599	Fus250		Spinacia oleracea	USA: Skagit County, Washington	2009	Scaffold	Illumina HiSeq	50016585	1150	272816
GCA_013347595.1	Fusarium oxysporum	Fus017		SAMN11520592	Fus017		Spinacia oleracea	USA: Skagit County, Washington	2007	Scaffold	Illumina HiSeq	51327429	1536	243131
GCA_013363075.1	Fusarium oxysporum	NRRL 39464		SAMN13683627	NRRL 39464		Dianthus caryophyllus	South Korea	missing	Scaffold	Illumina MiSeq	46979197	5301	18508
GCA_014324425.1	Fusarium oxysporum		Fo69	SAMN13221289		Fo69	Solanum lycopersicum	USA	missing	Scaffold	Illumina HiSeq	53255279	2062	331277
GCA_014324435.1	Fusarium oxysporum		Fo75	SAMN13221291		Fo75	Solanum lycopersicum	USA	missing	Scaffold	Illumina HiSeq	49824212	1188	650646
GCA_014324445.1	Fusarium oxysporum		Fo47	SAMN13221292		Fo47	missing	France	missing	Contig	PacBio	50246232	60	2117445
GCA_014324455.1	Fusarium oxysporum		Fo63	SAMN13221286		Fo63	Solanum lycopersicum	USA	missing	Scaffold	Illumina HiSeq	52317076	2181	363356
GCA_014324465.1	Fusarium oxysporum		Fo65	SAMN13221287		Fo65	Solanum lycopersicum	USA	missing	Scaffold	Illumina HiSeq	53588382	3311	293055
GCA_014324495.1	Fusarium oxysporum		Fo58	SAMN13221284		Fo58	Solanum lycopersicum	USA	missing	Scaffold	Illumina HiSeq	49814708	1057	814052
GCA_014324505.1	Fusarium oxysporum		Fo57	SAMN13221283		Fo57	Solanum lycopersicum	USA	missing	Scaffold	Illumina HiSeq	49874414	1253	703365
GCA_014324555.1	Fusarium oxysporum		Fo54	SAMN13221282		Fo54	Solanum lycopersicum	USA	missing	Scaffold	Illumina HiSeq	50816590	1636	658125
GCA_014324575.1	Fusarium oxysporum		Fo53	SAMN13221281		Fo53	Solanum lycopersicum	USA	missing	Scaffold	Illumina HiSeq	50378143	1934	413078
GCA_014324585.1	Fusarium oxysporum		Fo49	SAMN13221279		Fo49	Solanum lycopersicum	USA	missing	Scaffold	Illumina HiSeq	51488770	1940	414339
GCA_014324595.1	Fusarium oxysporum		Fo52	SAMN13221280		Fo52	Solanum lycopersicum	USA	missing	Scaffold	Illumina HiSeq	51202205	2234	405099
GCA_014324625.1	Fusarium oxysporum		Fo48	SAMN13221278		Fo48	Solanum lycopersicum	USA	missing	Scaffold	Illumina HiSeq	51516727	1801	536859
GCA_014324645.1	Fusarium oxysporum		Fo46	SAMN13221277		Fo46	Solanum lycopersicum	USA	missing	Scaffold	Illumina HiSeq	50681299	1503	568569
GCA_014324665.1	Fusarium oxysporum		Fo45	SAMN13221276		Fo45	Festuca rubra	Spain	missing	Scaffold	Illumina HiSeq	50461054	2118	380589
GCA_014324675.1	Fusarium oxysporum		Fo35	SAMN13221272		Fo35	Festuca rubra	Spain	missing	Scaffold	Illumina HiSeq	48106679	958	692818
GCA_014324715.1	Fusarium oxysporum		Fo44	SAMN13221275		Fo44	Festuca rubra	Spain	missing	Scaffold	Illumina HiSeq	49289536	1410	594758
GCA_014324745.1	Fusarium oxysporum		Fo74	SAMN13221290		Fo74	Solanum lycopersicum	USA	missing	Scaffold	Illumina HiSeq	52538187	2896	272948
GCA_014324755.1	Fusarium oxysporum		Fo68	SAMN13221288		Fo68	Solanum lycopersicum	USA	missing	Scaffold	Illumina HiSeq	51504407	1957	433533
GCA_014324765.1	Fusarium oxysporum		Fo59	SAMN13221285		Fo59	Solanum lycopersicum	USA	missing	Scaffold	Illumina HiSeq	48804255	964	1308010
GCA_014324775.1	Fusarium oxysporum		Fo41	SAMN13221274		Fo41	Festuca rubra	Spain	missing	Scaffold	Illumina HiSeq	51290483	2468	540341
GCA_014324795.1	Fusarium oxysporum		Fo39	SAMN13221273		Fo39	Festuca rubra	Spain	missing	Scaffold	Illumina HiSeq	50082841	1824	348433
GCA_014324805.1	Fusarium oxysporum		Fo29	SAMN13221271		Fo29	Festuca rubra	Spain	missing	Scaffold	Illumina HiSeq	50651040	1750	629527
GCA_014324835.1	Fusarium oxysporum		Fo28	SAMN13221270		Fo28	Festuca rubra	Spain	missing	Scaffold	Illumina HiSeq	52067767	2865	493356
GCA_014324865.1	Fusarium oxysporum		Fo26	SAMN13221269		Fo26	Festuca rubra	Spain	missing	Scaffold	Illumina HiSeq	52287225	2707	594802
GCA_014324895.1	Fusarium oxysporum		Fo25	SAMN13221268		Fo25	Festuca rubra	Spain	missing	Scaffold	Illumina HiSeq	50470764	2069	246647
GCA_014324905.1	Fusarium oxysporum		Fo20	SAMN13221266		Fo20	Festuca rubra	Spain	missing	Scaffold	Illumina HiSeq	52148302	1925	538106
GCA_014324935.1	Fusarium oxysporum		Fo18	SAMN13221265		Fo18	Festuca rubra	Spain	missing	Scaffold	Illumina HiSeq	54920127	2956	447493
GCA_014324955.1	Fusarium oxysporum		Fo17	SAMN13221264		Fo17	Festuca rubra	Spain	missing	Scaffold	Illumina HiSeq	51758095	1720	524589
GCA_014324975.1	Fusarium oxysporum		Fo15	SAMN13221262		Fo15	missing	Australia	missing	Scaffold	Illumina HiSeq	48650856	1624	742748
GCA_014324985.1	Fusarium oxysporum		Fo14	SAMN13221261		Fo14	missing	Australia	missing	Scaffold	Illumina HiSeq	53567140	3721	279540
GCA_014325015.1	Fusarium oxysporum		Fo13	SAMN13221260		Fo13	missing	Australia	missing	Scaffold	Illumina HiSeq	50841866	1922	322587
GCA_014325035.1	Fusarium oxysporum		Fo12	SAMN13221259		Fo12	missing	Australia	missing	Scaffold	Illumina HiSeq	50199843	1748	685263
GCA_014325045.1	Fusarium oxysporum		Fo11	SAMN13221258		Fo11	missing	Australia	missing	Scaffold	Illumina HiSeq	49874305	1631	717054
GCA_014325065.1	Fusarium oxysporum		Fo16	SAMN13221263		Fo16	Festuca rubra	Spain	missing	Scaffold	Illumina HiSeq	51702916	2093	464185
GCA_014325095.1	Fusarium oxysporum		Fo10	SAMN13221257		Fo10	missing	Australia	missing	Scaffold	Illumina HiSeq	52686132	2322	458481
GCA_014325125.1	Fusarium oxysporum		Fo9	SAMN13221256		Fo9	missing	Australia	missing	Scaffold	Illumina HiSeq	47792005	786	908769
GCA_014325135.1	Fusarium oxysporum		Fo8	SAMN13221255		Fo8	missing	Australia	missing	Scaffold	Illumina HiSeq	50530900	2019	620859
GCA_014325185.1	Fusarium oxysporum		Fo7	SAMN13221254		Fo7	missing	Australia	missing	Scaffold	Illumina HiSeq	53356140	2650	306753
GCA_014325205.1	Fusarium oxysporum		Fo5	SAMN13221252		Fo5	missing	Australia	missing	Scaffold	Illumina HiSeq	53595403	3407	346427
GCA_014325215.1	Fusarium oxysporum		Fo6	SAMN13221253		Fo6	missing	Australia	missing	Scaffold	Illumina HiSeq	52559635	3017	337820
GCA_014325225.1	Fusarium oxysporum		Fo4	SAMN13221251		Fo4	missing	Australia	missing	Scaffold	Illumina HiSeq	53665476	2778	426369
GCA_014325235.1	Fusarium oxysporum		Fo3	SAMN13221250		Fo3	missing	Australia	missing	Scaffold	Illumina HiSeq	56720539	4053	328741
GCA_014325295.1	Fusarium oxysporum		Fo2	SAMN13221249		Fo2	Actinotus helianthi	Australia	missing	Scaffold	Illumina HiSeq	47452269	963	712505
GCA_014325315.1	Fusarium oxysporum		Fo1	SAMN13221248		Fo1	Wollemia nobilis	Australia	missing	Scaffold	Illumina HiSeq	49057628	979	792453
GCA_014337855.1	Fusarium oxysporum		Fo24	SAMN13221267		Fo24	Festuca rubra	Spain	missing	Scaffold	Illumina HiSeq	52647048	3096	388567
GCA_014857085.1	Fusarium oxysporum		170	SAMN14669697		170	Acacia koa	USA: Maui, Hawaii	2006	Chromosome	Illumina Truseq	49057733	273	587293
GCA_015345885.1	Fusarium oxysporum	Fol001		SAMN16393955	Fol001		tomato	Netherlands	missing	Contig	PacBio RSII	55816077	87	3629953
GCA_015345895.1	Fusarium oxysporum	Fol010		SAMN16393954	Fol010		tomato	Netherlands	missing	Contig	PacBio RSII	54813233	53	4612997
GCA_016163925.1	Fusarium oxysporum	N-18842		SAMN13064004	N-18842		Fragaria x ananassa	Australia: near Stockleigh city, Queensland province	2009	Contig	Illumina HiSeq	51804496	2047	425819
GCA_016163985.1	Fusarium oxysporum	N-16999		SAMN13064001	N-16999		Fragaria x ananassa	Australia: near Cleveland city, Queensland province	2007	Scaffold	Illumina HiSeq	50635309	1164	1081088
GCA_016163995.1	Fusarium oxysporum	N-16893		SAMN13064000	N-16893		Fragaria x ananassa	Australia: near Beenleigh city, Queensland province	2007	Scaffold	Illumina HiSeq	51282350	1549	925561
GCA_016164055.1	Fusarium oxysporum	N-16818		SAMN13063999	N-16818		Fragaria x ananassa	Australia: near Nambour city, Queensland province	2007	Scaffold	Illumina HiSeq	49935726	954	570737
GCA_016164075.1	Fusarium oxysporum	N-10226		SAMN13063998	N-10226		Fragaria x ananassa	Australia: near Hastey Park city, Queensland province	1992	Scaffold	Illumina HiSeq	46794739	889	686818
GCA_016164085.1	Fusarium oxysporum	N-10010		SAMN13063997	N-10010		Fragaria x ananassa	Australia: near Caboolture city, Queensland province	1991	Contig	Illumina HiSeq	48668439	612	899457
GCA_016165925.1	Fusarium oxysporum	GL1704		SAMN13063989	GL1704		not applicable	USA: near Watsonville city, California	2015	Contig	Illumina HiSeq	51381958	1948	508375
GCA_016165995.1	Fusarium oxysporum	GL1703		SAMN13063988	GL1703		not applicable	USA: near Watsonville city, California	2015	Contig	Illumina HiSeq	49609257	754	679971
GCA_016166015.1	Fusarium oxysporum	GL1552		SAMN13063986	GL1552		not applicable	USA: near Watsonville city, California	2015	Contig	Illumina HiSeq	50109944	1161	795631
GCA_016166025.1	Fusarium oxysporum	GL1702		SAMN13063987	GL1702		not applicable	USA: near Watsonville city, California	2015	Contig	Illumina HiSeq	50412027	1260	517579
GCA_016166045.1	Fusarium oxysporum	GL1551		SAMN13063985	GL1551		not applicable	USA: near Watsonville city, California	2015	Contig	Illumina HiSeq	51879714	1650	786312
GCA_016166205.1	Fusarium oxysporum	G2-4		SAMN13063975	G2-4		Fragaria x ananassa	Spain: near Huelva city, Andalusia region	2007	Scaffold	Illumina HiSeq	50429603	1511	797645
GCA_016859205.1	Fusarium oxysporum	FoPvo1		SAMN14639263	FoPvo1		Plukenetia volubilis	China: Yunnan	2019-08-01	Contig	PacBio Sequel	50989260	32	4335466
GCA_019054625.1	Fusarium oxysporum	S18/30		SAMN19113901	S18/30		Glycine max	Poland	not collected	Contig	Illumina	40200404	199	262934
GCA_019054655.1	Fusarium oxysporum	S17/14		SAMN19113899	S17/14		Glycine max	Poland	not collected	Contig	Illumina	39725790	254	181777
GCA_019054755.1	Fusarium oxysporum	S18/25		SAMN19113898	S18/25		Glycine max	Poland	not collected	Contig	Illumina	35016598	134	312442
GCA_019054795.1	Fusarium oxysporum	S18/40		SAMN19113902	S18/40		Glycine max	Poland	not collected	Contig	Illumina	41630187	1334	40327
GCA_019055395.1	Fusarium oxysporum	S17/8		SAMN19113900	S17/8		Glycine max	Poland	not collected	Contig	Illumina	45731697	8471	6865
GCA_019843925.1	Fusarium oxysporum	NRRL 43631		SAMN15508578	NRRL 43631		missing	missing	missing	Scaffold	Illumina MiSeq	58025491	14804	61883
GCA_020744355.1	Fusarium oxysporum	MPI-CAGE-CH-0212		SAMN09062722	MPI-CAGE-CH-0212		not applicable	missing	missing	Contig	PacBio SEQUEL	55719217	66	4810307
GCA_020744455.1	Fusarium oxysporum	MPI-SDFR-AT-0094		SAMN08150284	MPI-SDFR-AT-0094		not applicable	France: Saint-Die	missing	Contig	PacBio SEQUEL	52242347	128	1619373
GCA_020976335.1	Fusarium oxysporum	nonpath2		SAMN13622806	nonpath2		Cucumis melo	Iran: Fars	missing	Scaffold	Illumina HiSeq	53373891	3681	260510
GCA_020976685.1	Fusarium oxysporum	nonpath5		SAMN13622807	nonpath5		Carthamus oxyacanthus	Iran: Fars	missing	Scaffold	Illumina HiSeq	54178735	4491	245033
GCA_020976715.1	Fusarium oxysporum	TO1		SAMN13622805	TO1		Cucumis melo	Iran: Khorasan	missing	Scaffold	Illumina HiSeq	52296727	2293	460339
GCA_020976725.1	Fusarium oxysporum	2Ma4-5		SAMN13622803	2Ma4-5		Cucumis melo	Iran: Khorasan	missing	Scaffold	Illumina HiSeq	51423352	2833	424702
GCA_023628715.1	Fusarium oxysporum	M7004Y		SAMN27964117	M7004Y		Homo sapiens	China:Dalian	2019	Scaffold	Illumina HiSeq	46975095	475	301276
GCA_024343375.1	Fusarium oxysporum	FoPvo1		SAMN14610696	FoPvo1		Plukenetia volubilis	not collected	not collected	Contig	PacBio	50989260	32	4335466
GCA_024865645.1	Fusarium oxysporum	09-002		SAMN21031232	09-002		lattice	South Korea: Suwon	2018	Scaffold	Illumina HiSeq	46286843	1503	859854
GCA_025176795.1	Fusarium oxysporum	VPRI44291		SAMN28868189	VPRI44291		Vicia faba	Australia: Rupanyup, SA	2019-10-10	Contig	Illumina NovaSeq	53082548	4096	427337
GCA_025177585.1	Fusarium oxysporum	FCALT		SAMN29790836	FCALT		Chelymorpha alternans	Germany	2021-07	Contig	PacBio Sequel	48610231	12	4971018
GCA_025177805.1	Fusarium oxysporum	VPRI44313		SAMN28868192	VPRI44313		Cicer arietinum	Australia: Naracoorte, SA	2020-02-25	Contig	Illumina NovaSeq	55251345	5337	266959
GCA_025201435.1	Fusarium oxysporum	VPRI44290		SAMN28868188	VPRI44290		Vicia faba	Australia: Bordertown, SA	2019-10-16	Contig	Illumina NovaSeq	51935482	2385	1080761
GCA_025201465.1	Fusarium oxysporum	VPRI44289		SAMN28868187	VPRI44289		Lupinus polyphyllus	Australia: Ongerup, SA	2019-10-11	Contig	Illumina NovaSeq	51741387	2972	508576
GCA_025201475.1	Fusarium oxysporum	VPRI44311		SAMN28868190	VPRI44311		Vicia sativa	Australia: Roseworthy, SA	2019-09-02	Contig	Illumina NovaSeq	55537835	5267	443238
GCA_025201495.1	Fusarium oxysporum	VPRI44288		SAMN28868186	VPRI44288		Lupinus polyphyllus	Australia: Amelup, SA	2019-10-14	Contig	Illumina NovaSeq	53212975	3220	370433
GCA_025201995.1	Fusarium oxysporum	VPRI44285		SAMN28868183	VPRI44285		Cicer arietinum	Australia: Mannum, SA	2019-06-26	Scaffold	Illumina NovaSeq	55563210	6420	554768
GCA_025215195.1	Fusarium oxysporum	VPRI44312		SAMN28868191	VPRI44312		Cicer arietinum	Australia: Naracoorte, SA	2020-02-24	Contig	Illumina NovaSeq	53118346	3902	369640
GCA_025215215.1	Fusarium oxysporum	VPRI44314		SAMN28868193	VPRI44314		Medicago sativa	Australia: Padthaway, SA	2020-05-04	Contig	Illumina NovaSeq	53172182	4006	370372
GCA_025215475.1	Fusarium oxysporum	VPRI43909		SAMN28868175	VPRI43909		Solanum lycopersicum	Australia: Victoria	2018	Contig	Illumina NovaSeq	55842171	6468	405026
GCA_025215805.1	Fusarium oxysporum	VPRI44287		SAMN28868185	VPRI44287		Lens culinaris subsp. Culinaris	Australia: Maitland, SA	2019-08-05	Contig	Illumina NovaSeq	53165723	4812	489359
GCA_025215825.1	Fusarium oxysporum	VPRI43897		SAMN28868180	VPRI43897		Solanum lycopersicum	Australia: Victoria	2018	Contig	Illumina NovaSeq	49025293	548	696251
GCA_025215845.1	Fusarium oxysporum	VPRI43893		SAMN28868181	VPRI43893		Solanum lycopersicum	Australia: Victoria	2018	Contig	Illumina NovaSeq	55804075	4721	267993
GCA_025215865.1	Fusarium oxysporum	VPRI44286		SAMN28868184	VPRI44286		Lathyrus oleraceus	Australia: Moonta, SA	2019-07-02	Contig	Illumina NovaSeq	53221060	3622	498731
GCA_025215885.1	Fusarium oxysporum	VPRI43899		SAMN28868176	VPRI43899		Solanum lycopersicum	Australia: Victoria	2018	Contig	Illumina NovaSeq	50467988	2205	567536
GCA_025215895.1	Fusarium oxysporum	VPRI43895		SAMN28868178	VPRI43895		Solanum lycopersicum	Australia: Victoria	2018	Contig	Illumina NovaSeq	52704019	13976	15990
GCA_025215925.1	Fusarium oxysporum	VPRI43898		SAMN28868179	VPRI43898		Solanum lycopersicum	Australia: Victoria	2018	Contig	Illumina NovaSeq	52726007	4374	525937
GCA_025215945.1	Fusarium oxysporum	VPRI44284		SAMN28868182	VPRI44284		Vicia faba	Australia: Frances, SA	2018-07-24	Contig	Illumina NovaSeq	53722520	4738	482699
GCA_025215965.1	Fusarium oxysporum	VPRI43896		SAMN28868177	VPRI43896		Solanum lycopersicum	Australia: Victoria	2018	Contig	Illumina NovaSeq	48259671	550	467745
GCA_025215985.1	Fusarium oxysporum	VPRI43901		SAMN28868171	VPRI43901		Solanum lycopersicum	Australia: Victoria	2018	Contig	Illumina NovaSeq	55779357	6224	443574
GCA_025216005.1	Fusarium oxysporum	VPRI43906		SAMN28868172	VPRI43906		Solanum lycopersicum	Australia: Victoria	2018	Contig	Illumina NovaSeq	53064589	3421	794317
GCA_025216025.1	Fusarium oxysporum	VPRI43904		SAMN28868170	VPRI43904		Solanum lycopersicum	Australia: Victoria	2018	Contig	Illumina NovaSeq	54409598	4493	372765
GCA_025216045.1	Fusarium oxysporum	VPRI43892		SAMN28868173	VPRI43892		Solanum lycopersicum	Australia: Victoria	2018	Contig	Illumina NovaSeq	48739903	573	426510
GCA_025216065.1	Fusarium oxysporum	VPRI43900		SAMN28868169	VPRI43900		Solanum lycopersicum	Australia: Victoria	2018	Contig	Illumina NovaSeq	53239931	3875	577782
GCA_025216085.1	Fusarium oxysporum	VPRI43907		SAMN28868174	VPRI43907		Solanum lycopersicum	Australia: Victoria	2018	Contig	Illumina NovaSeq	51972749	2581	864568
GCA_025216105.1	Fusarium oxysporum	VPRI43894		SAMN28868168	VPRI43894		Solanum lycopersicum	Australia: Victoria	2017	Contig	Illumina NovaSeq	48623283	1133	651843
GCA_025216165.1	Fusarium oxysporum	VPRI43903		SAMN28868166	VPRI43903		Solanum lycopersicum	Australia: Victoria	2017	Contig	Illumina NovaSeq	54564232	5318	484997
GCA_025216205.1	Fusarium oxysporum	VPRI43902		SAMN28868167	VPRI43902		Solanum lycopersicum	Australia: Victoria	2017	Contig	Illumina NovaSeq	51882294	3241	584953
GCA_025331925.1	Fusarium oxysporum	Fo5176		SAMN14853928	Fo5176			not collected	not collected	Chromosome	PacBio RSII	68356969	28	4106309
GCA_027945255.1	Fusarium oxysporum	CF00144		SAMN30354188	CF00144		Citrus sinensis L. Osbeck	USA:Florida	2016-03-17	Scaffold	Illumina MiSeq	42238012	197	550120
GCA_027945265.1	Fusarium oxysporum	CF00141		SAMN30354186	CF00141		Citrus sinensis L. Osbeck	USA:Florida	2016-03-17	Scaffold	Illumina MiSeq	45007583	356	448954
GCA_027945275.1	Fusarium oxysporum	CF00145		SAMN30354189	CF00145		Citrus sinensis L. Osbeck	USA:Florida	2016-03-17	Scaffold	Illumina MiSeq	42897137	156	590718
GCA_027945305.1	Fusarium oxysporum	CF00160		SAMN30354190	CF00160		Citrus sinensis L. Osbeck	USA:Florida	2016-03-17	Scaffold	Illumina MiSeq	44944953	379	433814
GCA_027945315.1	Fusarium oxysporum	CF00161		SAMN30354191	CF00161		Citrus aurantium L.	USA:Florida	2016-03-17	Scaffold	Illumina MiSeq	41909290	141	723881
GCA_027945335.1	Fusarium oxysporum	CF00165		SAMN30354192	CF00165		X Citroncirus spp.	USA:Florida	2016-03-17	Scaffold	Illumina MiSeq	44959929	352	478083
GCA_027945405.1	Fusarium oxysporum	CF00159		SAMN30354194	CF00159		Citrus aurantium L.	USA:Florida	2016-03-17	Contig	Oxford Nanopore MinION	50594913	136	1462506
GCA_027945535.1	Fusarium oxysporum	CF00115		SAMN30354182	CF00115		X Citroncirus spp.	USA:Florida	2016-03-17	Scaffold	Illumina MiSeq	45048357	324	469897
GCA_027945555.1	Fusarium oxysporum	CF00132		SAMN30354183	CF00132		Citrus aurantium L.	USA:Florida	2016-03-17	Scaffold	Illumina MiSeq	48565265	492	504330
GCA_030020275.1	Fusarium oxysporum	Fo4287		SAMN35008362	Fo4287		not applicable	missing	missing	Scaffold	PacBio	55580320	45	4139508
GCA_030064525.1	Fusarium oxysporum	HS2		SAMN26278340	HS2		apple	China:Hebei, Hengshui	2008-07	Contig	MGI Seq; PacBio Sequel	56825273	19	4368311
GCA_030272305.1	Fusarium oxysporum	PkF01		SAMN28095882	PkF01		Polygonatum kingianum	China: Kunming	2019-11-30	Scaffold	PacBio Sequel	51266709	87	2461247
GCA_030345115.2	Fusarium oxysporum	Fo5176		SAMN35654617	Fo5176		Brassica oleracea	not collected	not collected	Complete Genome	PacBio	69556834	18	4366112
GCA_030578155.1	Fusarium oxysporum	TPB		SAMN33550114	TPB		Paris polyphylla	China:Kunming; Yunnan	2022-08	Contig	PacBio	51715273	18	4241171
GCA_032173435.1	Fusarium oxysporum	TXL		SAMN29935379	TXL	not applicable		Netherlands: Texel at lake De Horsmeertjes	2019-06-10	Contig	Oxford Nanopore MinION	53627835	536	3253949
GCA_032884055.1	Fusarium oxysporum	BPOP18		SAMN36012899	BPOP18			Serbia: Brzece	2020-06-13	Scaffold	Illumina NovaSeq	49992589	894	405724
GCA_034400335.1	Fusarium oxysporum	ByF01		SAMN37757793	ByF01		Knoxia roxburghii	missing	2022-08-12	Contig	Illumina HiSeq; PacBio Sequel	54431725	27	4940115
GCA_034641985.1	Fusarium oxysporum	19-385		SAMN37865303	19-385		Onion	South Korea: Hamyang, Gyeongnam	2019	Contig	PacBio Sequel IIe; Illumina NovaSeq6000	52265070	25	4794415
GCA_035772935.1	Fusarium oxysporum	QK8		SAMN31807238	QK8		Gastrodia elata	China:Guizhou	2020-11-24	Contig	Illumina HiSeq; PacBio Sequel	51204719	21	4657513
GCA_038502765.1	Fusarium oxysporum	BS26		SAMN26553941	BS26		Sugarcane	China:Guangxi	2015-09	Contig	Oxford Nanopore PromethION	51731010	31	2803775
GCA_040285555.1	Fusarium oxysporum	8RF1-3		SAMN35731318	8RF1-3		Hypericum humifusum	Slovakia	2015	Scaffold	Illumina	48003513	651	290420
GCA_040285575.1	Fusarium oxysporum	1LF1-1		SAMN35731317	1LF1-1		Hypericum perforatum	Slovakia	2015	Scaffold	Illumina	48055070	658	298421
GCA_040436745.1	Fusarium oxysporum	J210		SAMN40870502	J210		tobacco	China: Guizhou	2023-06-10	Contig	Illumina NovaSeq; PacBio Sequel	54805294	149	3538569
GCA_040938085.1	Fusarium oxysporum	FoCI-2		SAMN41437692	FoCI-2		Homo sapiens	not applicable	2009	Contig	PacBio RS	54709829	263	4112333
GCA_041380545.1	Fusarium oxysporum		cuttings	SAMN38977587		cuttings		Canada	2020-11	Scaffold	Illumina NovaSeq	47001433	523	430163
GCA_041682635.1	Fusarium oxysporum	3429		SAMN40969016	3429		Solanum nigrum	Philippines: Benguet	2017	Contig	PacBio Sequel	45354260	121	3156166
GCA_041682655.1	Fusarium oxysporum	SN1W		SAMN40969015	SN1W		Solanum nigrum	Philippines: Benguet	2017	Contig	PacBio Sequel	49055313	60	3075099
GCA_044647035.1	Fusarium oxysporum	MES6		SAMN37523101	MES6		Ponderosa pine	USA: New Mexico	2017	Scaffold	Illumina	49705329	856	477181
GCA_045838135.1	Fusarium oxysporum	AJ174		SAMN40926570	AJ174		Diplotaxis tenuifolia	missing	missing	Contig	Oxford Nanopore GridION	62618328	30	2798922
GCA_047370965.1	Fusarium oxysporum	El1cr-1f		SAMN38730072	El1cr-1f	not applicable	strawberry cv. Elan	USA: California	2023	Contig	Oxford Nanopore MinION	50370192	86	4529961
GCA_049000225.1	Fusarium oxysporum	BRF1		SAMN45847223	BRF1		Gossypium hirsutum	Australia:New South Wales,Walgett	2017-12-21	Contig	PacBio	59768061	52	4856172
GCA_050613755.1	Fusarium oxysporum	4-1		SAMN31652984	4-1		Panax notoginseng	China:Kunming	2017-10-30	Scaffold	Illumina	49834899	1557	616842
GCA_050883565.1	Fusarium oxysporum	087		SAMN47479106	087		tobacco	China	2024	Scaffold	Illumina NovaSeq	51137822	1297	487399
GCA_051529645.1	Fusarium oxysporum	VPRI44630		SAMN46159502	VPRI44630		Allium sativum	Australia: Lockyer Valley, QLD	2023-01-12	Contig	Oxford Nanopore MinION	54077911	210	3592903
GCA_051529745.1	Fusarium oxysporum	VPRI44628		SAMN46173239	VPRI44628			Australia: Lockyer Valley, QLD	2023-02-24	Contig	Oxford Nanopore MinION	53791328	159	4399489
GCA_051529765.1	Fusarium oxysporum	VPRI44635		SAMN46173238	VPRI44635			Australia: Lockyer Valley, QLD	2023-02-24	Contig	Oxford Nanopore MinION	47344689	24	4501934
GCA_051529785.1	Fusarium oxysporum	VPRI44634		SAMN46173237	VPRI44634			Australia: Lockyer Valley, QLD	2023-02-24	Contig	Oxford Nanopore MinION	54463706	153	4252426
GCA_054098455.1	Fusarium oxysporum	Fo11		SAMN44791240	Fo11		Oryza sativa Japonica Group	China: Jiangsu	2022	Scaffold	Illumina NovaSeq	46537525	926	359656
GCA_054643155.1	Fusarium oxysporum	LD-06		SAMN54270941	LD-06		Nicotiana tabacum L.	China:Hubei	2024	Complete Genome	PacBio	51734774	14	4802301
GCA_054857735.1	Fusarium oxysporum	Fom010		SAMN17208655	Fom010		melon	Israel	missing	Contig	PacBio RSII	67715289	121	3983711
GCA_054857835.1	Fusarium oxysporum	Fon019		SAMN17208656	Fon019		watermelon	USA:Texas	missing	Contig	PacBio RSII	55442018	117	3584591
GCA_054857865.1	Fusarium oxysporum	Foc013		SAMN17208658	Foc013		cucumber	China	missing	Contig	PacBio RSII	52241693	70	3641339
GCA_054857885.1	Fusarium oxysporum	Fon020		SAMN17208657	Fon020		watermelon	USA:Delaware	missing	Contig	PacBio RSII	64082059	141	3568945
GCA_054857935.1	Fusarium oxysporum	Foc015		SAMN17208659	Foc015		cucumber	China	missing	Contig	PacBio RSII	56790613	74	4300964
GCA_054857995.1	Fusarium oxysporum	Foc021		SAMN17208660	Foc021		cucumber	USA:Florida	missing	Contig	PacBio RSII	67783421	112	3586307
GCA_055681515.1	Fusarium oxysporum	F3001		SAMN50208950	F3001		plant	not applicable	2022	Scaffold	Illumina NovaSeq	51951019	2837	98328
GCA_055681535.1	Fusarium oxysporum	F3383		SAMN50208952	F3383		plant	not applicable	not applicable	Scaffold	Illumina NovaSeq	51648872	2257	230151
GCA_055681575.1	Fusarium oxysporum	F3384		SAMN50208953	F3384		plant	not applicable	not applicable	Scaffold	Illumina NovaSeq	52901850	6112	233963
GCA_055682425.1	Fusarium oxysporum	F3100		SAMN50208951	F3100		plant	not applicable	not applicable	Scaffold	Illumina NovaSeq	52936893	4887	218155
GCA_055682485.1	Fusarium oxysporum	F3385		SAMN50208954	F3385		plant	not applicable	not applicable	Scaffold	Illumina NovaSeq	51986157	4872	217828
GCA_055682525.1	Fusarium oxysporum	F3386		SAMN50208955	F3386		plant	not applicable	not applicable	Scaffold	Illumina NovaSeq	52012334	5963	216635
GCA_055682585.1	Fusarium oxysporum	F3388		SAMN50208957	F3388		plant	not applicable	not applicable	Scaffold	Illumina NovaSeq	51233987	1828	231998
GCA_055682605.1	Fusarium oxysporum	F3387		SAMN50208956	F3387		plant	not applicable	not applicable	Scaffold	Illumina NovaSeq	51691513	5082	205632
GCA_055682865.1	Fusarium oxysporum	F3390		SAMN50208958	F3390		plant	not applicable	not applicable	Scaffold	Illumina NovaSeq	52049972	5617	222871
GCA_055853645.1	Fusarium oxysporum	FO12		SAMN55876492	FO12		Quercus suber	Spain	2016-06-01	Chromosome	Oxford Nanopore MinION; HiC Illumina Novaseq	57605083	86	4297787
GCA_055878565.1	Fusarium oxysporum	BPF55		SAMN53432059	BPF55		Blaps rhynchoptera	China:Dali	2025-04-09	Contig	Illumina NovaSeq	50097173	713	495036
GCA_057128245.1	Fusarium oxysporum	S2_26		SAMN54800477	S2_26		Theobroma cacao	Colombia:Arauca	2022-07	Contig	Illumina NovaSeq	43692832	71	1380369
GCA_057657705.1	Fusarium oxysporum	Fo-129		SAMN54741892	Fo-129			China: Yunnan	2021	Chromosome	PacBio Revio; Illumina; Nanopore PromethION	52869277	15	4605390
GCA_061354595.1	Fusarium oxysporum		UOM991	SAMN53359795		UOM991	Solanum lycopersicum	Australia:Victoria	2017	Scaffold	Illumina NovaSeq	51960728	2913	685039
GCA_061354635.1	Fusarium oxysporum		UOM1390	SAMN53359794		UOM1390	Solanum lycopersicum	Australia:Victoria	2017	Scaffold	Illumina NovaSeq	55859031	5372	391191
GCA_061354655.1	Fusarium oxysporum		UOM1264	SAMN53359793		UOM1264	Solanum lycopersicum	Australia:Victoria	2017	Scaffold	Illumina NovaSeq	53190783	3462	613267
GCA_061354715.1	Fusarium oxysporum		T31	SAMN53359791		T31	Solanum lycopersicum	Australia:Victoria	2024	Scaffold	Illumina NovaSeq	52893494	3362	608681
GCA_061354735.1	Fusarium oxysporum		T32	SAMN53359792		T32	Solanum lycopersicum	Australia:Victoria	2024	Scaffold	Illumina NovaSeq	50441049	1996	549202
GCA_061354755.1	Fusarium oxysporum		T30	SAMN53359790		T30	Solanum lycopersicum	Australia:Victoria	2024	Scaffold	Illumina NovaSeq	53695821	4606	485953
GCA_061354795.1	Fusarium oxysporum		T29	SAMN53359789		T29	Solanum lycopersicum	Australia:Victoria	2024	Scaffold	Illumina NovaSeq	49268536	1475	426060
GCA_061354835.1	Fusarium oxysporum		T28	SAMN53359788		T28	Solanum lycopersicum	Australia:Victoria	2024	Scaffold	Illumina NovaSeq	48788828	1171	618656
GCA_061354875.1	Fusarium oxysporum		T27	SAMN53359787		T27	Solanum lycopersicum	Australia:Victoria	2024	Scaffold	Illumina NovaSeq	49229079	1436	513909
GCA_061354895.1	Fusarium oxysporum		T26	SAMN53359786		T26	Solanum lycopersicum	Australia:Victoria	2024	Scaffold	Illumina NovaSeq	48744858	1901	518568
GCA_061354915.1	Fusarium oxysporum		T25	SAMN53359785		T25	Solanum lycopersicum	Australia:Victoria	2024	Scaffold	Illumina NovaSeq	50241638	1855	598967
GCA_061354955.1	Fusarium oxysporum		T23	SAMN53359784		T23	Solanum lycopersicum	Australia:Victoria	2024	Scaffold	Illumina NovaSeq	56345675	5656	307159
GCA_061354995.1	Fusarium oxysporum		T22	SAMN53359783		T22	Solanum lycopersicum	Australia:Victoria	2024	Scaffold	Illumina NovaSeq	50265338	1895	576653
GCA_061355015.1	Fusarium oxysporum		T20	SAMN53359782		T20	irrigation water	Australia:Victoria	2023	Scaffold	Illumina NovaSeq	51151995	1799	492242
GCA_061355055.1	Fusarium oxysporum		T19	SAMN53359781		T19	irrigation water	Australia:Victoria	2023	Scaffold	Illumina NovaSeq	51091780	1771	545493
GCA_061355095.1	Fusarium oxysporum		T16	SAMN53359780		T16	Solanum lycopersicum	Australia:Victoria	2023	Scaffold	Illumina NovaSeq	49694478	1062	810050
GCA_061355115.1	Fusarium oxysporum		T15	SAMN53359779		T15	Solanum lycopersicum	Australia:Victoria	2023	Scaffold	Illumina NovaSeq	50834792	2054	498274
GCA_061355155.1	Fusarium oxysporum		T14	SAMN53359778		T14	Solanum lycopersicum	Australia:Victoria	2023	Scaffold	Illumina NovaSeq	53279029	2868	593721
GCA_061355175.1	Fusarium oxysporum		T13	SAMN53359777		T13	Solanum lycopersicum	Australia:Victoria	2023	Scaffold	Illumina NovaSeq	51739193	2490	597209
GCA_061355215.1	Fusarium oxysporum		T12	SAMN53359776		T12	Solanum lycopersicum	Australia:Victoria	2023	Scaffold	Illumina NovaSeq	55702744	5768	469093
GCA_061355235.1	Fusarium oxysporum		T11	SAMN53359775		T11	Solanum lycopersicum	Australia:Victoria	2023	Scaffold	Illumina NovaSeq	50644842	2084	552327
GCA_061355275.1	Fusarium oxysporum		T10	SAMN53359774		T10	Solanum lycopersicum	Australia:Victoria	2022	Scaffold	Illumina NovaSeq	51138168	1741	568294
GCA_061355315.1	Fusarium oxysporum		T08	SAMN53359772		T08	Solanum lycopersicum	Australia:Victoria	2022	Scaffold	Illumina NovaSeq	50795267	1707	546387
GCA_061355335.1	Fusarium oxysporum		T09	SAMN53359773		T09	Solanum lycopersicum	Australia:Victoria	2022	Scaffold	Illumina NovaSeq	51131704	1761	498282
GCA_061355375.1	Fusarium oxysporum		T07	SAMN53359771		T07	Solanum lycopersicum	Australia:Victoria	2022	Scaffold	Illumina NovaSeq	51128348	1745	545492
GCA_061355415.1	Fusarium oxysporum		T06	SAMN53359770		T06	Solanum lycopersicum	Australia:Victoria	2022	Scaffold	Illumina NovaSeq	53305760	3424	580357
GCA_061355435.1	Fusarium oxysporum		T05	SAMN53359769		T05	Solanum lycopersicum	Australia:Victoria	2022	Scaffold	Illumina NovaSeq	55170719	6728	198413
GCA_061355455.1	Fusarium oxysporum		T03	SAMN53359767		T03	Solanum lycopersicum	Australia:Victoria	2022	Scaffold	Illumina NovaSeq	51591997	2790	521934
GCA_061355515.1	Fusarium oxysporum		T04	SAMN53359768		T04	Solanum lycopersicum	Australia:Victoria	2022	Scaffold	Illumina NovaSeq	54621948	4301	500430
GCA_061355535.1	Fusarium oxysporum		T02	SAMN53359766		T02	Solanum lycopersicum	Australia:Victoria	2022	Scaffold	Illumina NovaSeq	48641878	1083	696565
GCA_061355555.1	Fusarium oxysporum		C01	SAMN53359764		C01	Solanum lycopersicum	Australia:Victoria	2022	Scaffold	Illumina NovaSeq	48664929	979	701818
GCA_061355615.1	Fusarium oxysporum		T01	SAMN53359765		T01	Solanum lycopersicum	Australia:Victoria	2022	Scaffold	Illumina NovaSeq	51977322	2580	556907
GCA_061355635.1	Fusarium oxysporum		16848	SAMN53359763		16848	Solanum lycopersicum	Australia:Queensland	1986	Scaffold	Illumina NovaSeq	52903733	4071	176587
GCA_061355655.1	Fusarium oxysporum		13037	SAMN53359762		13037	Solanum lycopersicum	Australia:Queensland	1979	Scaffold	Illumina NovaSeq	51882863	3147	195672
GCA_900096695.1	Fusarium oxysporum	V64-1		SAMEA4440882	V64-1					Scaffold	Illumina HiSeq	49085590	248	814016
GCA_984579085.1	Fusarium oxysporum			SAMEA122710082			Solanum tuberosum	Slovenia	2021-04	Chromosome	OXFORD_NANOPORE,ILUMINA	50981747	64	4759803
GCA_012922595.1	Fusarium oxysporum f. sp. albedinis	Foa 133		SAMN14484672	Foa 133		date palm (khalt)	Morocco: Tissergate	1985	Contig	Illumina NovaSeq	56228901	3325	131587
GCA_023509805.1	Fusarium oxysporum f. sp. albedinis	9		SAMN16773494	9		not applicable	Morocco: Ziz Valley	missing	Contig	PacBio	65559131	114	2949549
GCA_026229875.1	Fusarium oxysporum f. sp. albedinis	13116		SAMN15892344	13116			missing	2020	Scaffold	Illumina HiSeq	58234281	2975	47742
GCA_032206225.1	Fusarium oxysporum f. sp. albedinis	Foa 44		SAMN15893572	Foa 44		date palm cv. Majhoul	Morocco: Tafilalt-Rissani	1981	Chromosome	Illumina NovaSeq; Oxford Nanopore MinION	65971825	68	2783938
GCA_014843455.1	Fusarium oxysporum f. sp. apii		207.A	SAMN13353349		207.A	Apium graveolens	USA: Santa Maria, Santa Barbara Co., California	2010	Contig	PacBio RSII	64711601	49	3526688
GCA_014843555.1	Fusarium oxysporum f. sp. apii		274.AC	SAMN13353346		274.AC	Apium graveolens	USA: Camarillo, Ventura Co., California	2013	Scaffold	PacBio RSII	67326291	114	4038012
GCA_014843565.1	Fusarium oxysporum f. sp. apii		NRRL38295	SAMN13353348		NRRL38295	Apium graveolens	USA: probably California	missing	Contig	PacBio RSII	65321279	75	4026306
GCA_025203065.1	Fusarium oxysporum f. sp. basilici	VPRI44261		SAMN28868107	VPRI44261		Ocimum basilicum	Australia: Queensland	1994-07	Contig	Illumina NovaSeq	54950697	4728	444423
GCA_025203075.1	Fusarium oxysporum f. sp. basilici	VPRI44262		SAMN28868108	VPRI44262		Ocimum basilicum	Australia: Queensland	1995-01	Contig	Illumina NovaSeq	54883979	4870	390317
GCA_025203115.1	Fusarium oxysporum f. sp. basilici	VPRI44259		SAMN28868105	VPRI44259		Ocimum basilicum	Australia: Queensland	1997-05	Contig	Illumina NovaSeq	48972094	1157	646659
GCA_025203125.1	Fusarium oxysporum f. sp. basilici	VPRI44260		SAMN28868106	VPRI44260		Ocimum basilicum	Australia: Wynnum, Queensland	1994-07	Contig	Illumina NovaSeq	54974456	4797	414995
GCA_025267675.1	Fusarium oxysporum f. sp. basilici	VPRI44210		SAMN28868091	VPRI44210		Ocimum basilicum	Australia: Queensland	1994-07	Contig	Illumina NovaSeq	54967533	4581	373543
GCA_050947165.1	Fusarium oxysporum f. sp. bulbigenum		S55Ac	SAMN47409706		S55Ac		India: Jodhpur	2025-01-04	Scaffold	Illumina NovaSeq	50596136	2225	232182
GCA_050947235.1	Fusarium oxysporum f. sp. bulbigenum		S56Ac	SAMN47409993		S56Ac		India: Jodhpur	2025-01-04	Scaffold	Illumina NovaSeq	51369886	1791	351830
GCA_014770115.1	Fusarium oxysporum f. sp. capsici	14003		SAMN16222760	14003		pepper	China: Guangdong	2010-08-17	Scaffold	Illumina HiSeq	47541829	1154	98506
GCA_016801315.1	Fusarium oxysporum f. sp. capsici	Focpep1		SAMN14667514	Focpep1		Capsicum annuum	China: Fujian Province	2015-09-10	Contig	Oxford Nanopore PromethION	54516562	34	4962668
GCA_003615075.1	Fusarium oxysporum f. sp. cepae	FoC_A23		SAMN05529099	FoC_A23		Allium cepa	United Kingdom: Bedfordshire	2009	Scaffold	Illumina MiSeq	51009701	2001	147378
GCA_003615085.1	Fusarium oxysporum f. sp. cepae	FoC_Fus2		SAMN05529097	FoC_Fus2		Allium cepa	United Kingdom:Lincolnshire	missing	Chromosome	PacBio; Illumina MiSeq	53425788	34	4140032
GCA_003615095.1	Fusarium oxysporum f. sp. cepae	FoC_125		SAMN05529098	FoC_125		Allium cepa	United Kingdom: Lincolnshire	2012	Scaffold	Illumina MiSeq	51407732	2124	128283
GCA_001757345.1	Fusarium oxysporum f. sp. ciceris	38-1		SAMN03614226	38-1		Chickpea	India	2013	Scaffold	Illumina HiSeq	54813009	3549	76660
GCA_054991275.1	Fusarium oxysporum f. sp. ciceris		CCSHAU_FUS_CICERIES	SAMN33576404		CCSHAU_FUS_CICERIES	missing	India: Haryana	missing	Scaffold	Illumina NovaSeq	43108536	691	203539
GCA_001519035.1	Fusarium oxysporum f. sp. conglutinans	1		SAMN04364337	1			Japan	2013-01-01	Scaffold	Illumina MiSeq; GS Junior Roche	52542764	16427	41478
GCA_002711385.1	Fusarium oxysporum f. sp. conglutinans	58385		SAMN07522031	58385		Brassica oleracea	USA: California	1985	Scaffold	Illumina HiSeq	55855453	5304	114068
GCA_002711405.2	Fusarium oxysporum f. sp. conglutinans	FGL03-6		SAMN07522030	FGL03-6		Brassica oleracea	China: Beijing	2009	Scaffold	Illumina HiSeq	61662789	1079	342664
GCA_014154955.1	Fusarium oxysporum f. sp. conglutinans	Fo5176		SAMN15472774	Fo5176		Brassica oleracea	Australia	missing	Chromosome	Illumina NovaSeq; PacBio Sequel	67983296	25	3379530
GCA_014839635.1	Fusarium oxysporum f. sp. conglutinans	IVC-1		SAMN14895550	IVC-1		cabbage	China	2018-10	Scaffold	PacBio Sequel	71184279	64	4586930
GCA_018894095.1	Fusarium oxysporum f. sp. conglutinans	Cong1-1		SAMN10461798	Cong1-1		Brassica oleracea var. capitata	Japan:Tokyo	1990	Scaffold	PacBio Sequel	72150645	524	1120686
GCA_025267625.1	Fusarium oxysporum f. sp. conglutinans	VPRI44253		SAMN28868099	VPRI44253		Brassica oleracea	Australia: Queensland	1971-02-16	Contig	Illumina NovaSeq	56122683	9759	85839
GCA_036785135.1	Fusarium oxysporum f. sp. conglutinans	Fo5176		SAMN35153052	Fo5176		Brassica oleracea	Australia	2021-11	Contig	PacBio HiFi; Hi-C; RNA-seq	70122855	18	4516846
GCA_000222805.1	Fusarium oxysporum f. sp. conglutinans Fo5176	Fo5176		SAMN02981338	Fo5176					Contig	454 GS FLX Titanium	54767602	7858	60340
GCA_000260215.2	Fusarium oxysporum f. sp. conglutinans race 2 54008	54008		SAMN02981380	54008					Scaffold	Illumina	53575352	3350	91328
GCA_014843415.1	Fusarium oxysporum f. sp. coriandrii		3-2	SAMN13353350		3-2	Coriandrum sativum	USA: Camarillo, Ventura Co., California	2016	Contig	PacBio RSII	65404007	49	4988413
GCA_014843445.1	Fusarium oxysporum f. sp. coriandrii		GL306	SAMN13353351		GL306	Coriandrum sativum	USA: Santa Barbara Co., California	2004	Contig	PacBio RSII	65019318	50	4968013
GCA_001696625.1	Fusarium oxysporum f. sp. cubense	C1HIR_9889		SAMN03480624	C1HIR_9889		Musa acuminata	Malaysia: Kuala Terengganu, Terengganu	2013-11-01	Contig	Illumina HiSeq	46703948	1318	86656
GCA_005930515.1	Fusarium oxysporum f. sp. cubense	160527		SAMN11282975	160527		banana	Japan: Okinawa	2016-05-27	Contig	PacBio Sequel	51139495	12	4884632
GCA_007994515.1	Fusarium oxysporum f. sp. cubense	TR4	UK0001	SAMN12340809	TR4	UK0001	Musa sp.	United Kingdom:Cornwall	2018	Contig	PacBio Sequel	48588396	15	4494293
GCA_011316005.3	Fusarium oxysporum f. sp. cubense	TC1-1		SAMN12206558	TC1-1		banana	India: Theni, Tamil Nadu	2016-03-28	Chromosome	Illumina HiSeq	61386710	1362	95416
GCA_014282265.3	Fusarium oxysporum f. sp. cubense	BC2-4		SAMN12206882	BC2-4		banana	India: Bihar	2016-01-25	Chromosome	Illumina HiSeq	63120695	6541	18429
GCA_016802195.1	Fusarium oxysporum f. sp. cubense		VCG0125	SAMN17148606		VCG0125		India	2019	Chromosome	Illumina HiSeq	61382203	1362	95389
GCA_016802205.1	Fusarium oxysporum f. sp. cubense		VCG0120	SAMN17147622		VCG0120		India	2019	Chromosome	Illumina HiSeq	61380681	1362	95327
GCA_021237285.1	Fusarium oxysporum f. sp. cubense	TR4		SAMN20846513	TR4		Musa acuminata	Peru:Querecotillo	2021-04-02	Contig	Oxford Nanopore MinION; Illumina	46361425	115	1636407
GCA_025216845.1	Fusarium oxysporum f. sp. cubense	VPRI44084		SAMN28868131	VPRI44084		Musa acuminata	Australia: Queensland	1982	Contig	Illumina NovaSeq	50208274	2807	283475
GCA_025216865.1	Fusarium oxysporum f. sp. cubense	VPRI44083		SAMN28868130	VPRI44083		Musa acuminata	Australia: Queensland	1982	Contig	Illumina NovaSeq	46282440	666	343745
GCA_025216905.1	Fusarium oxysporum f. sp. cubense	VPRI44079		SAMN28868127	VPRI44079		Musa acuminata	Australia: New South Wales	1978	Contig	Illumina NovaSeq	49541362	1801	324946
GCA_025216935.1	Fusarium oxysporum f. sp. cubense	VPRI44082		SAMN28868129	VPRI44082		Musa acuminata	Australia: Queensland	1982	Contig	Illumina NovaSeq	46282440	666	343745
GCA_025216985.1	Fusarium oxysporum f. sp. cubense	VPRI44081		SAMN28868128	VPRI44081		Musa acuminata	Australia: Queensland	1982	Contig	Illumina NovaSeq	47190006	902	389626
GCA_027920445.1	Fusarium oxysporum f. sp. cubense	race 4		SAMN32610003	race 4		Musa acuminata	China: Hainan	2019-07-18	Complete Genome	PacBio Sequel	46012058	12	5052636
GCA_034509825.1	Fusarium oxysporum f. sp. cubense		Foc-UH	SAMN35992405		Foc-UH	banana	USA: Oahu, Hawaii	2020-08-19	Contig	Illumina NovaSeq	46938737	825	337940
GCA_045838155.1	Fusarium oxysporum f. sp. cubense	C2HIR		SAMN37320067	C2HIR		Musa acuminata	Malaysia: Kuala Terengganu	2013-11-01	Contig	Illumina NovaSeq	44929932	1019	130140
GCA_045838205.1	Fusarium oxysporum f. sp. cubense	C1HIR		SAMN37320068	C1HIR		Musa acuminata	Malaysia: Kuala Terengganu	2013-11-01	Contig	Illumina NovaSeq	46474414	2562	72244
GCA_052818615.1	Fusarium oxysporum f. sp. cubense	Foc_BF11		SAMN50547814	Foc_BF11			India: Cumbum	2023-12-29	Scaffold	Illumina NovaSeq	61455500	1364	96119
GCA_053754955.2	Fusarium oxysporum f. sp. cubense	Tw-R1-1		SAMN48884716	Tw-R1-1		Infected Pisang Awak banana	Taiwan	2013	Chromosome	Illumina MiSeq; Oxford Nanopore MinION	50233457	17	4747746
GCA_053754965.2	Fusarium oxysporum f. sp. cubense	Tw-TR4-1		SAMN48884715	Tw-TR4-1		Infected Cavendish banana	Taiwan	2004	Chromosome	Illumina MiSeq; Oxford Nanopore MinION	48152668	18	4490478
GCA_060230935.1	Fusarium oxysporum f. sp. cubense	TR4	S188	SAMN62368976	TR4	S188	Musa sp.	Bangladesh: Rajbari	2025	Scaffold	Illumina	47700535	6723	219478
GCA_060231055.1	Fusarium oxysporum f. sp. cubense	TR4	S113	SAMN62281868	TR4	S113	Musa sp.	Bangladesh: Jessore	2025	Scaffold	Illumina	49961861	3447	249091
GCA_060231075.1	Fusarium oxysporum f. sp. cubense	TR4	S133	SAMN62368774	TR4	S133	Musa sp.	Bangladesh: Rajshahi	2025	Scaffold	Illumina	50053242	5887	211281
GCA_060231115.1	Fusarium oxysporum f. sp. cubense	TR4	S30	SAMN62198379	TR4	S30	Musa sp. (Banana)	Bangladesh: Bogura	2025	Scaffold	Illumina	46481749	2317	286613
GCA_060231205.1	Fusarium oxysporum f. sp. cubense	TR4	S26	SAMN62071415	TR4	S26	Musa sp. (Banana)	Bangladesh: Kishorganj	2025	Scaffold	Illumina	46515933	2665	236450
GCA_000350345.1	Fusarium oxysporum f. sp. cubense race 1	race 1		SAMN02981460	race 1		Musa ABB Group	China: Hainan	2008-07	Scaffold	Illumina GAIIx	47657417	2185	146026
GCA_016802225.1	Fusarium oxysporum f. sp. cubense race 1		VCG01220	SAMN17146957		VCG01220		India	2019	Chromosome	Illumina HiSeq	61386710	1362	95416
GCA_001702495.1	Fusarium oxysporum f. sp. cucumerinum	Foc013		SAMN04348757	Foc013			China	1999	Scaffold	Illumina HiSeq	48892912	2008	266043
GCA_001702515.1	Fusarium oxysporum f. sp. cucumerinum	Foc001		SAMN04348755	Foc001			Japan	missing	Scaffold	Illumina HiSeq	51394345	2219	195259
GCA_001702545.1	Fusarium oxysporum f. sp. cucumerinum	Foc018		SAMN04348759	Foc018			Greece: Crete	1994	Scaffold	Illumina HiSeq	57435926	5530	164936
GCA_001702555.1	Fusarium oxysporum f. sp. cucumerinum	Foc021		SAMN04348760	Foc021			USA: Florida	1956	Scaffold	Illumina HiSeq	56857404	6264	169057
GCA_001702575.1	Fusarium oxysporum f. sp. cucumerinum	Foc015		SAMN04348758	Foc015			China	1999	Scaffold	Illumina HiSeq	51983016	3048	158531
GCA_001702615.1	Fusarium oxysporum f. sp. cucumerinum	Foc030		SAMN04348761	Foc030			Israel	1995	Scaffold	Illumina HiSeq	56803069	4744	171460
GCA_001702635.1	Fusarium oxysporum f. sp. cucumerinum	Foc037		SAMN04348763	Foc037			Japan	1985	Scaffold	Illumina HiSeq	48396317	2259	178961
GCA_001702655.1	Fusarium oxysporum f. sp. cucumerinum	Foc035		SAMN04348762	Foc035			Netherlands	1979	Scaffold	Illumina HiSeq	51609830	2514	144056
GCA_001703455.1	Fusarium oxysporum f. sp. cucumerinum	Foc011		SAMN04348756	Foc011			China	1999	Scaffold	Illumina HiSeq	48659641	2037	243286
GCA_037126525.1	Fusarium oxysporum f. sp. cyclaminis	CMAA1919		SAMN39596657	CMAA1919			Brazil: Sao Paulo, Holambra	2023-06-23	Contig	Illumina NextSeq	48982532	717	770420
GCA_025216825.1	Fusarium oxysporum f. sp. dianthi	VPRI44080		SAMN28868132	VPRI44080		Dianthus caryophyllus L. cv. Sims	Australia: New South Wales	1976	Contig	Illumina NovaSeq	55836581	5740	282136
GCA_016163805.1	Fusarium oxysporum f. sp. fragariae	SK1		SAMN13064010	SK1		Fragaria x ananassa	South Korea: Chungcheongnam-do province	2001	Scaffold	Illumina HiSeq	55404552	4084	186297
GCA_016163825.1	Fusarium oxysporum f. sp. fragariae	NRF0995b		SAMN13064009	NRF0995b		Fragaria x ananassa	Japan: near Yamatokoriyama city, Nara prefecture	2009	Scaffold	Illumina HiSeq	52098078	1827	427515
GCA_016163845.1	Fusarium oxysporum f. sp. fragariae	NRF0903		SAMN13064008	NRF0903		Fragaria x ananassa	Japan: near Kashihara city, Nara prefecture	2009	Scaffold	Illumina HiSeq	54870735	3438	230510
GCA_016163855.1	Fusarium oxysporum f. sp. fragariae	NRF0833		SAMN13064007	NRF0833		Fragaria x ananassa	Japan: near Asuka city, Nara prefecture	2008	Scaffold	Illumina HiSeq	52032324	1808	402239
GCA_016163875.1	Fusarium oxysporum f. sp. fragariae	NRF0806		SAMN13064006	NRF0806		Fragaria x ananassa	Japan: near Heguri city, Nara prefecture	2008	Scaffold	Illumina HiSeq	54455875	2829	350365
GCA_016163905.1	Fusarium oxysporum f. sp. fragariae	Nasushiobara1		SAMN13064005	Nasushiobara1		Fragaria x ananassa	Japan: near Nasushiobara city, Tochigi prefecture	2008	Scaffold	Illumina HiSeq	53705409	3499	265553
GCA_016163965.1	Fusarium oxysporum f. sp. fragariae	N-18462		SAMN13064003	N-18462		Fragaria x ananassa	Australia: near Wanneroo city, Western Australia province	2009	Scaffold	Illumina HiSeq	53286145	2811	270458
GCA_016163975.1	Fusarium oxysporum f. sp. fragariae	N-17203		SAMN13064002	N-17203		Fragaria x ananassa	Australia: near Stanthorpe city, Queensland province	2008	Contig	Illumina HiSeq	50049385	1679	807470
GCA_016164105.1	Fusarium oxysporum f. sp. fragariae	MAFF744009		SAMN13063996	MAFF744009		Fragaria x ananassa	Japan: Fukuoka prefecture	1985	Scaffold	Illumina HiSeq	53594118	2823	545984
GCA_016164135.1	Fusarium oxysporum f. sp. fragariae	MAFF712071		SAMN13063994	MAFF712071		Fragaria x ananassa	Japan: Mie prefecture	1985	Scaffold	Illumina HiSeq	52678992	2796	264768
GCA_016164145.2	Fusarium oxysporum f. sp. fragariae	MAFF727510		SAMN13063995	MAFF727510		Fragaria x ananassa	Japan: Nara prefecture	1990	Chromosome	PacBio Sequel	57345529	41	4484447
GCA_016165865.1	Fusarium oxysporum f. sp. fragariae	MAFF305558		SAMN13063993	MAFF305558		Fragaria x ananassa	Japan	1987	Scaffold	Illumina HiSeq	53230243	2599	316999
GCA_016165915.1	Fusarium oxysporum f. sp. fragariae	MAFF305557		SAMN13063992	MAFF305557		Fragaria x ananassa	Japan	1987	Scaffold	Illumina HiSeq	53425976	2688	312989
GCA_016165935.1	Fusarium oxysporum f. sp. fragariae	GL945		SAMN13063991	GL945		Fragaria x ananassa	USA: near Salinas city, California	2012	Contig	Illumina HiSeq	53057356	2846	273600
GCA_016166065.1	Fusarium oxysporum f. sp. fragariae	GL1517		SAMN13063984	GL1517		Fragaria x ananassa	USA: near Watsonville city, California	2015	Scaffold	Illumina HiSeq	54298159	2564	338340
GCA_016166085.1	Fusarium oxysporum f. sp. fragariae	GL1385		SAMN13063983	GL1385		Fragaria x ananassa	USA: near Santa Barbara city, California	2012	Scaffold	Illumina HiSeq	53245687	2851	270455
GCA_016166095.2	Fusarium oxysporum f. sp. fragariae	GL1315		SAMN13063981	GL1315		Fragaria x ananassa	USA: near Santa Maria city, California	2011	Chromosome	Illumina HiSeq; PacBio RSII; Illumina NovaSeq	56135852	177	3688363
GCA_016166105.1	Fusarium oxysporum f. sp. fragariae	GL1270		SAMN13063980	GL1270		Fragaria x ananassa	USA: near Oxnard city, California	2011	Scaffold	Illumina HiSeq	54314314	2597	343044
GCA_016166135.1	Fusarium oxysporum f. sp. fragariae	GL1268		SAMN13063979	GL1268		Fragaria x ananassa	USA: near Oxnard city, California	2011	Scaffold	Illumina HiSeq	52108380	1842	291997
GCA_016166175.1	Fusarium oxysporum f. sp. fragariae	GL1150		SAMN13063978	GL1150		Fragaria x ananassa	USA: near Oxnard city, California	2009	Scaffold	Illumina HiSeq	53086187	2507	270458
GCA_016166195.1	Fusarium oxysporum f. sp. fragariae	GL1059		SAMN13063976	GL1059		Fragaria x ananassa	USA: near Oxnard city, California	2008	Scaffold	Illumina HiSeq	54465168	2892	345094
GCA_016166215.1	Fusarium oxysporum f. sp. fragariae	Fus08-78		SAMN13063974	Fus08-78		Fragaria x ananassa	USA: near Ventura city, California	2008	Contig	Illumina HiSeq	53144989	2487	274023
GCA_016166225.1	Fusarium oxysporum f. sp. fragariae	F79		SAMN13063973	F79		Fragaria x ananassa	Spain: near Huelva city, Andalusia region	2014	Scaffold	Illumina HiSeq	57371764	5583	218950
GCA_016166245.1	Fusarium oxysporum f. sp. fragariae	F74		SAMN13063972	F74		Fragaria x ananassa	Spain: near Huelva city, Andalusia region	2014	Scaffold	Illumina HiSeq	57814691	5962	249286
GCA_016166285.1	Fusarium oxysporum f. sp. fragariae	BRIP63546a		SAMN13063971	BRIP63546a		Fragaria x ananassa	Australia: near Thornlands city, Queensland province	1983	Contig	Illumina HiSeq	48011741	457	624892
GCA_016166325.2	Fusarium oxysporum f. sp. fragariae	BRIP62122a		SAMN13063970	BRIP62122a		Fragaria x ananassa	Australia: near Palmview City, Queensland province	2002	Chromosome	PacBio Sequel	51480125	29	4951078
GCA_016166335.1	Fusarium oxysporum f. sp. fragariae	BRIP62106a		SAMN13063968	BRIP62106a		Fragaria x ananassa	Australia: near Wamuran city, Queensland province	2005	Scaffold	Illumina HiSeq	50502586	1084	353752
GCA_016166345.1	Fusarium oxysporum f. sp. fragariae	BRIP62109a		SAMN13063969	BRIP62109a		Fragaria x ananassa	Australia: near Wanneroo city, Western Australia province	2006	Scaffold	Illumina HiSeq	53550747	3168	277280
GCA_016166365.1	Fusarium oxysporum f. sp. fragariae	BRIP53855a		SAMN13063967	BRIP53855a		Fragaria x ananassa	Australia: near Palmview city, Queensland province	2002	Scaffold	Illumina HiSeq	51259401	2247	376912
GCA_016166385.1	Fusarium oxysporum f. sp. fragariae	BRIP5168a		SAMN13063966	BRIP5168a		Fragaria x ananassa	Australia: near Brisbane city, Queensland province	1962	Scaffold	Illumina HiSeq	47912063	433	623951
GCA_016166395.1	Fusarium oxysporum f. sp. fragariae	160618		SAMN13063965	160618		Fragaria x ananassa	South Korea: near Hongseong city, Chungcheongnam-do province	2016	Scaffold	Illumina HiSeq	54303119	3370	189988
GCA_016166415.1	Fusarium oxysporum f. sp. fragariae	160609		SAMN13063964	160609		Fragaria x ananassa	South Korea: near Nonsan city, Chungcheongnam-do province	2016	Scaffold	Illumina HiSeq	53718512	2983	389188
GCA_016167825.1	Fusarium oxysporum f. sp. fragariae	80701		SAMN13063963	80701		Fragaria x ananassa	South Korea: near Ganghwa city, Gyeonggi-do province	2008	Scaffold	Illumina HiSeq	54279971	3091	280240
GCA_016170085.2	Fusarium oxysporum f. sp. fragariae	GL1080		SAMN13063977	GL1080		Fragaria x ananassa	USA: near Oxnard city, California	2008	Chromosome	PacBio RSII	55705793	62	4274666
GCA_016170095.2	Fusarium oxysporum f. sp. fragariae	GL1381		SAMN13063982	GL1381		Fragaria x ananassa	USA: near San Luis Obispo city, California	2012	Chromosome	PacBio RSII	56921745	59	4363800
GCA_025217145.1	Fusarium oxysporum f. sp. fragariae	VPRI44271		SAMN28868117	VPRI44271		Fragaria x ananassa	Australia: WA	missing	Contig	Illumina NovaSeq	52799610	3130	260204
GCA_025267615.1	Fusarium oxysporum f. sp. fragariae	VPRI44208		SAMN28868096	VPRI44208		Fragaria x ananassa	Australia: Queensland	1989-05-04	Contig	Illumina NovaSeq	54213515	1763	291216
GCA_025267655.1	Fusarium oxysporum f. sp. fragariae	VPRI44209		SAMN28868097	VPRI44209		Fragaria x ananassa	Australia: Queensland	2009-02-06	Contig	Illumina NovaSeq	47680970	539	374894
GCA_055682665.1	Fusarium oxysporum f. sp. fragariae	CT114		SAMN52039312	CT114		Fragaria x ananassa	USA: Connecticut	2024	Scaffold	Illumina NovaSeq	51520403	1550	222468
GCA_055682725.1	Fusarium oxysporum f. sp. fragariae	CT113		SAMN52039311	CT113		Fragaria x ananassa	USA: Connecticut	2024	Scaffold	Illumina NovaSeq	51113089	922	340741
GCA_055682765.1	Fusarium oxysporum f. sp. fragariae	CT119		SAMN52039313	CT119		Fragaria x ananassa	USA: Connecticut	2024	Scaffold	Illumina NovaSeq	52835687	1526	239128
GCA_055682805.1	Fusarium oxysporum f. sp. fragariae	CT120		SAMN52039314	CT120		Fragaria x ananassa	USA: Connecticut	2024	Scaffold	Illumina NovaSeq	52892937	1532	277951
GCA_059056295.1	Fusarium oxysporum f. sp. fragariae	H6		SAMN50931040	H6		strawberry	China:Zhejiang	2022-10	Contig	PacBio	57033645	80	4498116
GCA_002233895.1	Fusarium oxysporum f. sp. gladioli	G2		SAMN07201013	G2			France	missing	Scaffold	Illumina HiSeq	53227347	4194	271822
GCA_002233915.1	Fusarium oxysporum f. sp. gladioli	G14		SAMN07201012	G14			Netherlands	missing	Scaffold	Illumina HiSeq	56328106	4715	227098
GCA_002234195.1	Fusarium oxysporum f. sp. gladioli	G76		SAMN07201014	G76			Italy	missing	Scaffold	Illumina HiSeq	56132059	5188	212397
GCA_014857105.1	Fusarium oxysporum f. sp. koae		44	SAMN14669696		44	Acacia koa	USA: Hawaii, Hawaii	2005	Chromosome	Illumina Truseq	48133132	310	4223514
GCA_045786735.1	Fusarium oxysporum f. sp. lactucae		VSP-0794	SAMN43189531		VSP-0794	Lactuca sativa	USA: Salinas, California	2021	Scaffold	Illumina NovaSeq	52977320	4432	268553
GCA_045786885.1	Fusarium oxysporum f. sp. lactucae		VSP-0916	SAMN43189530		VSP-0916	Lactuca sativa	USA: Santa Maria, California	2022	Scaffold	Illumina NovaSeq	55159327	5104	236996
GCA_045786925.1	Fusarium oxysporum f. sp. lactucae		Fol621s	SAMN43189529		Fol621s	Lactuca sativa	USA: Salinas, California	2021	Scaffold	Illumina NovaSeq	53800665	5184	238845
GCA_045786945.1	Fusarium oxysporum f. sp. lactucae		Fol621	SAMN43189528		Fol621	Lactuca sativa	USA: Salinas, California	2021	Scaffold	Illumina NovaSeq	54417758	4898	269800
GCA_045786965.1	Fusarium oxysporum f. sp. lactucae		Fol321	SAMN43189527		Fol321	Lactuca sativa	USA: Salinas, California	2021	Scaffold	Illumina NovaSeq	53906324	4728	253788
GCA_045837815.1	Fusarium oxysporum f. sp. lactucae	AJ865		SAMN40926578	AJ865		Lactuca sativa	missing	missing	Contig	Oxford Nanopore GridION	62786185	38	2783948
GCA_045837925.1	Fusarium oxysporum f. sp. lactucae	AJ718		SAMN40926577	AJ718		Lactuca sativa	missing	missing	Contig	Oxford Nanopore GridION	62147408	39	2575747
GCA_045837975.1	Fusarium oxysporum f. sp. lactucae	AJ705		SAMN40926576	AJ705		Lactuca sativa	missing	missing	Contig	Oxford Nanopore GridION	66170021	32	2997348
GCA_045838035.1	Fusarium oxysporum f. sp. lactucae	AJ592		SAMN40926575	AJ592		Lactuca sativa	missing	missing	Contig	Oxford Nanopore GridION	66005277	36	2659995
GCA_045838055.1	Fusarium oxysporum f. sp. lactucae	AJ516		SAMN40926573	AJ516		Lactuca sativa	missing	missing	Contig	Oxford Nanopore GridION; Illumina MiSeq	68848182	37	3098212
GCA_045838095.1	Fusarium oxysporum f. sp. lactucae	AJ520		SAMN40926574	AJ520		Lactuca sativa	missing	missing	Contig	Oxford Nanopore GridION; Illumina MiSeq	62194631	40	2918645
GCA_055944325.1	Fusarium oxysporum f. sp. lactucae		JCP043	SAMN40919072		JCP043	Lactuca sativa	USA: Huron, California	not collected	Complete Genome	Oxford Nanopore PromethION; PacBio Sequel	64104511	16	4634744
GCA_055944345.1	Fusarium oxysporum f. sp. lactucae		AT141	SAMN40919090		AT141	Lactuca sativa	Spain	not collected	Complete Genome	Oxford Nanopore PromethION; PacBio	68502166	19	4695532
GCA_002233875.1	Fusarium oxysporum f. sp. lagenariae	Lag:1-1		SAMN07201018	Lag:1-1			Japan	missing	Scaffold	Illumina HiSeq	54646211	3614	196830
GCA_002234135.1	Fusarium oxysporum f. sp. lagenariae	Lag:3-1		SAMN07201017	Lag:3-1			Japan	missing	Scaffold	Illumina HiSeq	47947458	1177	262795
GCA_002234165.1	Fusarium oxysporum f. sp. lagenariae	03-05118		SAMN07201016	03-05118			Japan	missing	Scaffold	Illumina HiSeq	56087837	4652	176456
GCA_002234185.1	Fusarium oxysporum f. sp. lagenariae	01-03008		SAMN07201015	01-03008			Japan	missing	Scaffold	Illumina HiSeq	53871913	2807	230508
GCA_002234115.1	Fusarium oxysporum f. sp. lilii	Fol39		SAMN07201019	Fol39			Netherlands	missing	Scaffold	Illumina HiSeq	53381425	2661	290899
GCA_012026625.1	Fusarium oxysporum f. sp. lini	39		SAMN13050782	39	missing		Russia:Torzhok	2019-07	Contig	Oxford Nanopore MinION; Illumina HiSeq 2500	59158690	34	3351008
GCA_013423225.1	Fusarium oxysporum f. sp. lini	F329		SAMN14843948	F329		Linum usitatissimum	Russia: Torzhok	2019-06	Chromosome	Illumina	46882880	3995	36211
GCA_013423235.1	Fusarium oxysporum f. sp. lini	F324		SAMN14843947	F324		Linum usitatissimum	Russia: Torzhok	2019-06	Chromosome	Illumina	47502701	4374	34292
GCA_013423245.1	Fusarium oxysporum f. sp. lini	39		SAMN14843692	39		Linum usitatissimum	Russia: Torzhok	2019-06	Chromosome	Illumina; PacBio RS	69459321	139	1712109
GCA_013423255.1	Fusarium oxysporum f. sp. lini	F287		SAMN14843946	F287		Linum usitatissimum	Russia: Torzhok	2019-06	Chromosome	Illumina	47606148	3896	40086
GCA_013423265.1	Fusarium oxysporum f. sp. lini	F282		SAMN14843945	F282		Linum usitatissimum	Russia: Torzhok	2019-06	Chromosome	Illumina	47954392	3988	38800
GCA_019670925.1	Fusarium oxysporum f. sp. lini	482		SAMN13621855	482			Russia: Torzhok	2018-06	Scaffold	Oxford Nanopore MinION Illumina MiSeq	53252342	53	2015578
GCA_019670985.1	Fusarium oxysporum f. sp. lini	525		SAMN13621866	525			Russia: Torzhok	2018-06	Scaffold	Oxford Nanopore MinION Illumina MiSeq	62872933	124	961178
GCA_019671045.1	Fusarium oxysporum f. sp. lini	476		SAMN13621853	476			Russia: Torzhok	2018-06	Scaffold	Oxford Nanopore MinION Illumina MiSeq	65758114	68	2485313
GCA_019671085.1	Fusarium oxysporum f. sp. lini	483		SAMN13621856	483			Russia: Torzhok	2018-06	Scaffold	Oxford Nanopore MinION Illumina MiSeq	63546914	104	1551236
GCA_019671095.1	Fusarium oxysporum f. sp. lini	456		SAMN13621845	456			Russia: Torzhok	2018-06	Scaffold	Oxford Nanopore MinION Illumina MiSeq	61544961	113	1063287
GCA_002233855.1	Fusarium oxysporum f. sp. luffae	Fol-167		SAMN07201021	Fol-167			Taiwan	missing	Scaffold	Illumina HiSeq	48269233	973	273656
GCA_002234105.1	Fusarium oxysporum f. sp. luffae	Fol-114		SAMN07201020	Fol-114			Taiwan	missing	Scaffold	Illumina HiSeq	48207455	960	291315
GCA_001702875.1	Fusarium oxysporum f. sp. lycopersici	Fol004		SAMN04348786	Fol004			Netherlands	missing	Scaffold	Illumina HiSeq	51882248	3776	143056
GCA_001702905.1	Fusarium oxysporum f. sp. lycopersici	Fol007		SAMN04348787	Fol007			France	missing	Scaffold	Illumina HiSeq	51322760	3280	118633
GCA_001702935.1	Fusarium oxysporum f. sp. lycopersici	Fol026		SAMN04348791	Fol026			Australia	missing	Scaffold	Illumina HiSeq	51804621	3630	147879
GCA_001702945.1	Fusarium oxysporum f. sp. lycopersici	Fol014		SAMN04348788	Fol014			USA: Louisiana	missing	Scaffold	Illumina HiSeq	50061297	2796	160443
GCA_001702955.1	Fusarium oxysporum f. sp. lycopersici	Fol018		SAMN04348790	Fol018			USA: Louisiana	missing	Scaffold	Illumina HiSeq	48952389	2356	166597
GCA_001702995.1	Fusarium oxysporum f. sp. lycopersici	Fol016		SAMN04348789	Fol016			USA: Louisiana	missing	Scaffold	Illumina HiSeq	49575100	2587	171426
GCA_001703015.1	Fusarium oxysporum f. sp. lycopersici	Fol038		SAMN04348793	Fol038			USA: California	missing	Scaffold	Illumina HiSeq	51284040	3511	139680
GCA_001703025.2	Fusarium oxysporum f. sp. lycopersici	Fol029		SAMN04348792	Fol029			USA: Florida	missing	Contig	PacBio RSII	54202122	74	4152923
GCA_001703035.1	Fusarium oxysporum f. sp. lycopersici	Fol069		SAMN04348794	Fol069			USA: California	missing	Scaffold	Illumina HiSeq	49122294	2035	301433
GCA_001703065.1	Fusarium oxysporum f. sp. lycopersici	Fol072		SAMN04348795	Fol072			USA: California	missing	Scaffold	Illumina HiSeq	50055569	2068	288191
GCA_001703085.1	Fusarium oxysporum f. sp. lycopersici	Fol073		SAMN04348796	Fol073			USA: California	missing	Scaffold	Illumina HiSeq	51785623	3630	147320
GCA_001703105.1	Fusarium oxysporum f. sp. lycopersici	Fol074		SAMN04348797	Fol074			USA: California	missing	Scaffold	Illumina HiSeq	51532264	3741	152294
GCA_001703135.1	Fusarium oxysporum f. sp. lycopersici	Fol075		SAMN04348798	Fol075			USA: California	missing	Scaffold	Illumina HiSeq	50649194	2169	289992
GCA_001703355.1	Fusarium oxysporum f. sp. lycopersici	Fol002		SAMN04348785	Fol002			Netherlands	missing	Scaffold	Illumina HiSeq	51728674	3775	149704
GCA_003977725.1	Fusarium oxysporum f. sp. lycopersici	race 3	D11	SAMN10080742	race 3	D11	Solanum lycopersicum	USA: Yolo County, California	2010-09-07	Chromosome	PacBio RSII	57229625	38	4408267
GCA_021018635.1	Fusarium oxysporum f. sp. lycopersici	Fol59		SAMN20839061	Fol59		Solanum lycopersicum	Colombia	2020-01-20	Contig	Oxford Nanopore MinION	53285344	243	3035620
GCA_025216745.1	Fusarium oxysporum f. sp. lycopersici	VPRI44099		SAMN28868134	VPRI44099		Solanum lycopersicum	Australia: New South Wales	2002-10-11	Contig	Illumina NovaSeq	53766007	4233	179795
GCA_025216765.1	Fusarium oxysporum f. sp. lycopersici	VPRI44100		SAMN28868135	VPRI44100		Solanum lycopersicum	Australia: New South Wales	2004	Contig	Illumina NovaSeq	53923721	4344	195701
GCA_025216785.1	Fusarium oxysporum f. sp. lycopersici	VPRI44107		SAMN28868133	VPRI44107		Solanum lycopersicum	Australia: n Capital Territory, Australia	1980-04	Contig	Illumina NovaSeq	53777973	4511	182810
GCA_025217025.1	Fusarium oxysporum f. sp. lycopersici	VPRI44277		SAMN28868123	VPRI44277		Solanum lycopersicum	Australia: Queensland	1979-07-20	Contig	Illumina NovaSeq	52112349	3594	195957
GCA_025217065.1	Fusarium oxysporum f. sp. lycopersici	VPRI44275		SAMN28868121	VPRI44275		Solanum lycopersicum	Australia: Queensland	1970-09-02	Contig	Illumina NovaSeq	53864374	4648	177073
GCA_025217085.1	Fusarium oxysporum f. sp. lycopersici	VPRI44276		SAMN28868122	VPRI44276		Solanum lycopersicum	Australia: Queensland	1979-07-19	Contig	Illumina NovaSeq	53923721	4344	195701
GCA_025217105.1	Fusarium oxysporum f. sp. lycopersici	VPRI44274		SAMN28868120	VPRI44274		Solanum lycopersicum	Australia: Queensland	1970-09-02	Contig	Illumina NovaSeq	52914047	3665	185961
GCA_025217125.1	Fusarium oxysporum f. sp. lycopersici	VPRI44272		SAMN28868118	VPRI44272		Solanum lycopersicum	Australia: Queensland	2000-03-30	Contig	Illumina NovaSeq	53777973	4511	182810
GCA_025217165.1	Fusarium oxysporum f. sp. lycopersici	VPRI44273		SAMN28868119	VPRI44273		Solanum lycopersicum	Australia: Queensland	1980-02-22	Contig	Illumina NovaSeq	53166721	3990	179795
GCA_051107395.1	Fusarium oxysporum f. sp. lycopersici	RR23I/1.2		SAMN48337097	RR23I/1.2		Malus domestica	Russia: Belgorod	2023	Scaffold	Illumina MiSeq	55443015	6837	331864
GCA_060702595.1	Fusarium oxysporum f. sp. lycopersici	Fol007		SAMN04348787	Fol007			France	missing	Chromosome	Oxford Nanopore	56112191	25	4176325
GCA_061232755.1	Fusarium oxysporum f. sp. lycopersici	MAFF 103036		SAMD01933835	MAFF 103036		Solanum lycopersicum	Japan:Tsu, Mie	1979	Contig	PacBio Sequel	57292497	19	4427170
GCA_000149955.2	Fusarium oxysporum f. sp. lycopersici 4287	4287		SAMN02953675	4287					Chromosome		61386934	1362	95416
GCA_001703175.2	Fusarium oxysporum f. sp. lycopersici 4287	4287		SAMN04348901	4287			missing	missing	Contig	PacBio RSII	56213053	47	4140197
GCA_001703185.1	Fusarium oxysporum f. sp. lycopersici 4287	4287		SAMN04348901	4287			missing	missing	Contig	IonTorrent	51133091	4285	75617
GCA_003315725.1	Fusarium oxysporum f. sp. lycopersici 4287	4287		SAMN08942773	4287		Solanum lycopersicum	Spain	2016	Chromosome	Illumina HiSeq; PacBio	53866543	503	1338693
GCA_000259975.2	Fusarium oxysporum f. sp. lycopersici MN25	MN25		SAMN02981365	MN25					Scaffold	Illumina	48637398	801	435126
GCA_009755825.1	Fusarium oxysporum f. sp. matthiolae	PHW726		SAMN13192054	PHW726		Matthiola incana	USA	1974	Scaffold	Illumina MiSeq; PacBio RSII	57218285	585	766200
GCA_020796175.1	Fusarium oxysporum f. sp. matthiolae	Stocks4		SAMN07508183	Stocks4			United Kingdom: Boston	2016-06-22	Contig	Illumina MiSeq; ONT MinION	60310576	40	4528690
GCA_001652425.1	Fusarium oxysporum f. sp. medicaginis		Fom-5190a	SAMN03951876		Fom-5190a	Medicago sativa	Australia:Boonah, Queensland	1973	Scaffold	Illumina HiSeq; 454	51139932	5373	172711
GCA_025266925.1	Fusarium oxysporum f. sp. medicaginis	VPRI44256		SAMN28868102	VPRI44256		Medicago sativa	Australia: Queensland	1973-12-15	Contig	Illumina NovaSeq	52202142	3539	264981
GCA_025266945.1	Fusarium oxysporum f. sp. medicaginis	VPRI44257		SAMN28868103	VPRI44257		Medicago sativa	Australia: Queensland	1972-12-11	Contig	Illumina NovaSeq	52175630	3811	261241
GCA_001888865.1	Fusarium oxysporum f. sp. melongenae	14004		SAMN06008372	14004		eggplant	China: Guangdong	2010-10-10	Scaffold	Illumina HiSeq	53986354	2086	373752
GCA_002234085.1	Fusarium oxysporum f. sp. melongenae	J-71		SAMN07201022	J-71			missing	missing	Scaffold	Illumina HiSeq	52309290	2729	183093
GCA_001703205.2	Fusarium oxysporum f. sp. melonis	Fom005		SAMN04348768	Fom005			Spain	missing	Contig	PacBio RSII	62193398	85	3523149
GCA_001703215.1	Fusarium oxysporum f. sp. melonis	Fom004		SAMN04348767	Fom004			Spain	missing	Scaffold	Illumina HiSeq	57726895	5688	149565
GCA_001703255.1	Fusarium oxysporum f. sp. melonis	Fom006		SAMN04348769	Fom006			Spain	missing	Scaffold	Illumina HiSeq	52761534	2800	160255
GCA_001703265.1	Fusarium oxysporum f. sp. melonis	Fom009		SAMN04348770	Fom009			Israel	missing	Scaffold	Illumina HiSeq	57738397	5039	130132
GCA_001703295.1	Fusarium oxysporum f. sp. melonis	Fom011		SAMN04348772	Fom011			Israel	missing	Scaffold	Illumina HiSeq	52928865	3447	148591
GCA_001703305.1	Fusarium oxysporum f. sp. melonis	Fom010		SAMN04348771	Fom010			Israel	missing	Scaffold	Illumina HiSeq	53674587	4663	116376
GCA_001703335.1	Fusarium oxysporum f. sp. melonis	Fom013		SAMN04348774	Fom013			Spain	missing	Scaffold	Illumina HiSeq	51897170	3355	164640
GCA_001703345.1	Fusarium oxysporum f. sp. melonis	Fom012		SAMN04348773	Fom012			missing	missing	Scaffold	Illumina HiSeq	52601880	3306	167941
GCA_001703365.1	Fusarium oxysporum f. sp. melonis	Fom016		SAMN04348775	Fom016			missing	missing	Scaffold	Illumina HiSeq	52942496	3414	171677
GCA_020975805.1	Fusarium oxysporum f. sp. melonis	ICMP 8357		SAMN13622837	ICMP 8357		missing	New Zealand	missing	Scaffold	Illumina HiSeq	53311469	2796	227297
GCA_020975825.1	Fusarium oxysporum f. sp. melonis	JCM 9289		SAMN13622836	JCM 9289		Cucumis melo	Japan: Kumamoto Pref	missing	Scaffold	Illumina HiSeq	52987294	3174	184082
GCA_020975845.1	Fusarium oxysporum f. sp. melonis	JCM 9288		SAMN13622835	JCM 9288		Cucumis melo	Japan: Nagasaki Pref	missing	Scaffold	Illumina HiSeq	51037389	2763	131990
GCA_020975875.1	Fusarium oxysporum f. sp. melonis	NRRL 26174		SAMN13622834	NRRL 26174		missing	China	missing	Scaffold	Illumina HiSeq	56489192	5557	92304
GCA_020975915.1	Fusarium oxysporum f. sp. melonis	NRRL 26172		SAMN13622833	NRRL 26172		missing	China	missing	Scaffold	Illumina HiSeq	54264969	3578	206473
GCA_020975975.1	Fusarium oxysporum f. sp. melonis	NRRL 22521		SAMN13622832	NRRL 22521		Cucumis melo	Belgium	missing	Scaffold	Illumina HiSeq	55114950	4323	208670
GCA_020975985.1	Fusarium oxysporum f. sp. melonis	TST		SAMN13622830	TST		missing	France	missing	Scaffold	Illumina HiSeq	52345905	3302	207815
GCA_020975995.1	Fusarium oxysporum f. sp. melonis	ATCC 32669		SAMN13622831	ATCC 32669		Cucumis melo	USA: Michigan	missing	Scaffold	Illumina HiSeq	53144991	2530	225249
GCA_020976025.1	Fusarium oxysporum f. sp. melonis	D-Oleon-8		SAMN13622829	D-Oleon-8		missing	France	missing	Scaffold	Illumina HiSeq	55865942	5614	100373
GCA_020976035.1	Fusarium oxysporum f. sp. melonis	Fom0125		SAMN13622828	Fom0125		missing	Spain	missing	Scaffold	Illumina HiSeq	55081272	4138	182079
GCA_020976075.1	Fusarium oxysporum f. sp. melonis	Taip2a		SAMN13622826	Taip2a		Cucumis melo	Iran: Taibad-Khorasan	missing	Scaffold	Illumina HiSeq	55356197	5337	135164
GCA_020976085.1	Fusarium oxysporum f. sp. melonis	Tai3		SAMN13622825	Tai3		Cucumis melo	Iran: Taibad-Khorasan	missing	Scaffold	Illumina HiSeq	55681520	5235	139021
GCA_020976095.1	Fusarium oxysporum f. sp. melonis	T61/1		SAMN13622824	T61/1		Cucumis melo	Japan	missing	Scaffold	Illumina HiSeq	52393848	3081	160174
GCA_020976115.1	Fusarium oxysporum f. sp. melonis	Seif3a		SAMN13622823	Seif3a		Cucumis melo	Iran: Seifabad-Fars	missing	Scaffold	Illumina HiSeq	55194891	4132	148187
GCA_020976145.1	Fusarium oxysporum f. sp. melonis	NYFom62		SAMN13622820	NYFom62		Cucumis melo	USA	missing	Scaffold	Illumina HiSeq	54854744	3992	222509
GCA_020976165.1	Fusarium oxysporum f. sp. melonis	R12/13		SAMN13622822	R12/13		Cucumis melo	France	missing	Scaffold	Illumina HiSeq	56152043	5828	96139
GCA_020976175.1	Fusarium oxysporum f. sp. melonis	Nasr1		SAMN13622818	Nasr1		Cucumis melo	Iran: Nasrabad-Khorasan	missing	Scaffold	Illumina HiSeq	55910114	5367	124524
GCA_020976195.1	Fusarium oxysporum f. sp. melonis	Mah9a		SAMN13622817	Mah9a		Cucumis melo	Iran: Maharloo-Fars	missing	Scaffold	Illumina HiSeq	55608936	3997	177993
GCA_020976235.1	Fusarium oxysporum f. sp. melonis	Khaf1		SAMN13622815	Khaf1		Cucumis melo	Iran: Khaf-Khorasan	missing	Scaffold	Illumina HiSeq	55763912	5327	133027
GCA_020976245.1	Fusarium oxysporum f. sp. melonis	I1/1		SAMN13622813	I1/1		Cucumis melo	Israel	missing	Scaffold	Illumina HiSeq	56249990	5591	153223
GCA_020976255.1	Fusarium oxysporum f. sp. melonis	FomGol		SAMN13622811	FomGol		Carthamus oxyacanthus	Iran: Maharloo-Fars	missing	Scaffold	Illumina HiSeq	55598548	4320	161010
GCA_020976275.1	Fusarium oxysporum f. sp. melonis	Busherh-2s		SAMN13622810	Busherh-2s		Cucumis melo	Iran: Bushehr	missing	Scaffold	Illumina HiSeq	54988850	3790	169425
GCA_020976345.1	Fusarium oxysporum f. sp. melonis	660A/17		SAMN13622809	660A/17		Cucumis melo	France	missing	Scaffold	Illumina HiSeq	51233710	3422	238735
GCA_020976355.1	Fusarium oxysporum f. sp. melonis	10390		SAMN13622839	10390		missing	Netherlands	missing	Scaffold	Illumina HiSeq	55744694	4644	185157
GCA_020976365.1	Fusarium oxysporum f. sp. melonis	Yazd2		SAMN13622827	Yazd2		Cucumis melo	Iran: Yazd	missing	Scaffold	Illumina HiSeq	55333752	3985	211317
GCA_020976375.1	Fusarium oxysporum f. sp. melonis	50798		SAMN13622838	50798		Cucumis melo	missing	missing	Scaffold	Illumina HiSeq	55295285	4076	200244
GCA_020976425.1	Fusarium oxysporum f. sp. melonis	NYFom3		SAMN13622819	NYFom3		Cucumis melo	USA	missing	Scaffold	Illumina HiSeq	53404370	2679	231349
GCA_020976435.1	Fusarium oxysporum f. sp. melonis	P13		SAMN13622821	P13		Cucumis melo	Iran: Poshtpar-Fars	missing	Scaffold	Illumina HiSeq	54924008	3935	174084
GCA_020976445.1	Fusarium oxysporum f. sp. melonis	Kavar 22		SAMN13622814	Kavar 22		Cucumis melo	Iran: Kavar-Fars	missing	Scaffold	Illumina HiSeq	55363759	3850	185615
GCA_020976455.1	Fusarium oxysporum f. sp. melonis	KT2a		SAMN13622816	KT2a		Cucumis melo	Iran: Kashmar-Khorasan	missing	Scaffold	Illumina HiSeq	55179932	4156	204921
GCA_020976485.1	Fusarium oxysporum f. sp. melonis	I-17		SAMN13622812	I-17		Cucumis melo	Iran: Khorasan	missing	Scaffold	Illumina HiSeq	55260869	3969	211184
GCA_020976505.1	Fusarium oxysporum f. sp. melonis	18L		SAMN13622808	18L		Cucumis melo	USA	missing	Scaffold	Illumina HiSeq	51818354	2383	235667
GCA_020976525.1	Fusarium oxysporum f. sp. melonis	Pathtah		SAMN13622804	Pathtah		Alhagi maurorum	Iran: Maharloo-Fars	missing	Scaffold	Illumina HiSeq	54501320	3833	181795
GCA_025216565.1	Fusarium oxysporum f. sp. melonis	VPRI44109		SAMN28868142	VPRI44109		Cucumis melo L.	Australia: New South Wales	2014	Contig	Illumina NovaSeq	54665772	5583	251155
GCA_025216605.1	Fusarium oxysporum f. sp. melonis	VPRI44106		SAMN28868143	VPRI44106		Cucumis melo L.	Australia: New South Wales	2014	Contig	Illumina NovaSeq	56097152	6617	211900
GCA_025216625.1	Fusarium oxysporum f. sp. melonis	VPRI44292		SAMN28868144	VPRI44292		Cucumis melo L.	Australia: New South Wales	2014	Contig	Illumina NovaSeq	55866788	6788	202360
GCA_025216645.1	Fusarium oxysporum f. sp. melonis	VPRI44105		SAMN28868141	VPRI44105		Cucumis melo L.	Australia: New South Wales	2016-01-11	Contig	Illumina NovaSeq	56314410	6277	217208
GCA_025216665.1	Fusarium oxysporum f. sp. melonis	VPRI44104		SAMN28868139	VPRI44104		Cucumis melo L.	Australia: New South Wales	2013	Contig	Illumina NovaSeq	56397773	6039	217174
GCA_025216685.1	Fusarium oxysporum f. sp. melonis	VPRI44101		SAMN28868136	VPRI44101		Cucumis melo L. s.lat.	missing	missing	Contig	Illumina NovaSeq	53985895	4478	211046
GCA_025216705.1	Fusarium oxysporum f. sp. melonis	VPRI44103		SAMN28868138	VPRI44103		Cucumis melo L.	Australia: New South Wales	2013	Contig	Illumina NovaSeq	56122368	6093	232514
GCA_025216725.1	Fusarium oxysporum f. sp. melonis	VPRI44102		SAMN28868137	VPRI44102		Cucumis melo L.	Australia: New South Wales	2013	Contig	Illumina NovaSeq	56449049	6377	228009
GCA_025216805.1	Fusarium oxysporum f. sp. melonis	VPRI44108		SAMN28868140	VPRI44108		Cucumis melo L.	Australia: New South Wales	2013	Contig	Illumina NovaSeq	55625270	5724	239031
GCA_060702455.1	Fusarium oxysporum f. sp. melonis	10390		SAMN13622839	10390		missing	Netherlands	missing	Scaffold	Illumina; Oxford Nanopore	55143533	3249	201855
GCA_060702475.1	Fusarium oxysporum f. sp. melonis	Fom009		SAMN04348770	Fom009			Israel	missing	Scaffold	Illumina; Oxford Nanopore	58172926	4860	130085
GCA_060702495.1	Fusarium oxysporum f. sp. melonis	Taip2a		SAMN13622826	Taip2a		Cucumis melo	Iran: Taibad-Khorasan	missing	Scaffold	Illumina; Oxford Nanopore	56019813	4290	135189
GCA_060702515.1	Fusarium oxysporum f. sp. melonis	Tai3		SAMN13622825	Tai3		Cucumis melo	Iran: Taibad-Khorasan	missing	Scaffold	Illumina; Oxford Nanopore	56351218	4216	140224
GCA_060702535.1	Fusarium oxysporum f. sp. melonis	Khaf1		SAMN13622815	Khaf1		Cucumis melo	Iran: Khaf-Khorasan	missing	Scaffold	Illumina; Oxford Nanopore	56427253	4207	134118
GCA_060702555.1	Fusarium oxysporum f. sp. melonis	Nasr1		SAMN13622818	Nasr1		Cucumis melo	Iran: Nasrabad-Khorasan	missing	Scaffold	Illumina; Oxford Nanopore	56536374	4280	123620
GCA_060702575.1	Fusarium oxysporum f. sp. melonis	18L		SAMN13622808	18L		Cucumis melo	USA	missing	Scaffold	Illumina; Oxford Nanopore	52010769	1816	240914
GCA_060702605.1	Fusarium oxysporum f. sp. melonis	D-Oleon-8		SAMN13622829	D-Oleon-8		missing	France	missing	Contig	Oxford Nanopore	65103928	57	3694426
GCA_000260495.2	Fusarium oxysporum f. sp. melonis 26406	26406		SAMN02981378	26406					Scaffold	Illumina	54034280	1825	429961
GCA_002318975.1	Fusarium oxysporum f. sp. melonis 26406	26406		SAMN02981378	26406					Contig	PacBio	60704002	96	4357482
GCA_002233795.1	Fusarium oxysporum f. sp. momordicae	90NF2-1		SAMN07201024	90NF2-1			Japan	missing	Scaffold	Illumina HiSeq	51037667	1763	170594
GCA_002233865.1	Fusarium oxysporum f. sp. momordicae	NRRL26413		SAMN07201023	NRRL26413			Taiwan	missing	Scaffold	Illumina HiSeq	51519132	2123	215745
GCA_016165945.1	Fusarium oxysporum f. sp. mori	GL1804		SAMN13063990	GL1804		blackberry	USA: near Watsonville city, California	2015	Scaffold	Illumina HiSeq	51607877	1184	321770
GCA_051622415.1	Fusarium oxysporum f. sp. mori		RF12	SAMN48991551		RF12		USA: Arkansas	2023	Scaffold	Illumina	47987622	412	455152
GCA_051622495.1	Fusarium oxysporum f. sp. mori		RF7	SAMN48991550		RF7		USA: Arkansas	2023	Scaffold	Illumina	47952123	491	426180
GCA_051622515.1	Fusarium oxysporum f. sp. mori		RF4	SAMN48991549		RF4		USA: Arkansas	2023	Scaffold	Illumina	47967655	449	431487
GCA_051622595.1	Fusarium oxysporum f. sp. mori		RF2	SAMN48991548		RF2		USA: Arkansas	2023	Scaffold	Illumina	47740797	634	431486
GCA_002233775.1	Fusarium oxysporum f. sp. narcissi	Na5		SAMN07201025	Na5			Netherlands	missing	Scaffold	Illumina HiSeq	55524989	5603	237836
GCA_004141715.1	Fusarium oxysporum f. sp. narcissi	N139		SAMN05526391	N139		Narcissus	United Kingdom	2013	Scaffold	Illumina MiSeq	57517562	4374	180976
GCA_045837865.1	Fusarium oxysporum f. sp. narcissi	AJ275		SAMN40926572	AJ275		Narcissus sp.	missing	missing	Contig	Oxford Nanopore GridION; Illumina MiSeq	59641877	34	4079900
GCA_002233785.1	Fusarium oxysporum f. sp. nicotianae	Ft-Rob		SAMN07201028	Ft-Rob			USA: North Carolina	missing	Scaffold	Illumina HiSeq	49768185	2133	479089
GCA_002234015.1	Fusarium oxysporum f. sp. nicotianae	Ft-1512		SAMN07201029	Ft-1512			USA: North Carolina	missing	Scaffold	Illumina HiSeq	51041051	1665	315300
GCA_002234045.1	Fusarium oxysporum f. sp. nicotianae	10913		SAMN07201027	10913			USA: Maryland	missing	Scaffold	Illumina HiSeq	49999751	1087	644656
GCA_002234055.1	Fusarium oxysporum f. sp. nicotianae	FON-1		SAMN07201026	FON-1			USA: Connecticut	missing	Scaffold	Illumina HiSeq	50161196	1141	535479
GCA_001702505.1	Fusarium oxysporum f. sp. niveum	Fon005		SAMN04348777	Fon005			USA: Texas	missing	Scaffold	Illumina	54718192	4614	149338
GCA_001702715.1	Fusarium oxysporum f. sp. niveum	Fon019		SAMN04348781	Fon019			USA: Texas	1981	Scaffold	Illumina HiSeq	49724550	2426	211936
GCA_001702745.1	Fusarium oxysporum f. sp. niveum	Fon002		SAMN04348776	Fon002			Israel	1986	Scaffold	Illumina HiSeq	51974307	3046	154685
GCA_001702775.1	Fusarium oxysporum f. sp. niveum	Fon013		SAMN04348779	Fon013			USA: Maryland	missing	Scaffold	Illumina HiSeq	54215963	4436	149777
GCA_001702785.1	Fusarium oxysporum f. sp. niveum	Fon010		SAMN04348778	Fon010			USA: Maryland	missing	Scaffold	Illumina HiSeq	55471499	5008	174530
GCA_001702795.1	Fusarium oxysporum f. sp. niveum	Fon015		SAMN04348780	Fon015			USA: Maryland	missing	Scaffold	Illumina HiSeq	52059009	3347	171352
GCA_001702805.1	Fusarium oxysporum f. sp. niveum	Fon020		SAMN04348782	Fon020			USA: Delaware	missing	Scaffold	Illumina HiSeq	55127542	5085	150381
GCA_001702845.1	Fusarium oxysporum f. sp. niveum	Fon037		SAMN04348784	Fon037			Israel	missing	Scaffold	Illumina HiSeq	51293917	2664	168855
GCA_001702865.1	Fusarium oxysporum f. sp. niveum	Fon021		SAMN04348783	Fon021			USA: Maryland	2007	Scaffold	Illumina HiSeq	54799100	4373	142786
GCA_014602775.1	Fusarium oxysporum f. sp. niveum	R2		SAMN15791674	R2		Citrullus lanatus	USA: GA	2019-09	Scaffold	Illumina NovaSeq	54074873	6189	155628
GCA_014602795.1	Fusarium oxysporum f. sp. niveum	R3		SAMN15791675	R3		Citrullus lanatus	USA: GA	2019-09	Scaffold	Illumina NovaSeq	55220015	7235	140576
GCA_014602815.1	Fusarium oxysporum f. sp. niveum	R1		SAMN15791673	R1		Citrullus lanatus	USA: GA	2019-09	Scaffold	Illumina NovaSeq	61207430	8805	135561
GCA_019593445.1	Fusarium oxysporum f. sp. niveum	150523		SAMN16727278	150523		Citrullus lanatus	USA: Florida	2015	Contig	Oxford Nanopore MinION	66194294	45	3557940
GCA_019593455.1	Fusarium oxysporum f. sp. niveum	110407-3-1-1		SAMN16725394	110407-3-1-1		Citrullus lanatus	USA: Florida	2011	Contig	Oxford Nanopore MinION	49702599	33	2837134
GCA_019593485.1	Fusarium oxysporum f. sp. niveum	140507A		SAMN16727279	140507A		Citrullus lanatus	USA: Florida	2014	Contig	Oxford Nanopore MinION	47572965	35	2875315
GCA_019593505.1	Fusarium oxysporum f. sp. niveum	150524		SAMN16727288	150524		Citrullus lanatus	USA: Florida	2015	Contig	Oxford Nanopore MinION	61372023	35	3184853
GCA_019721145.1	Fusarium oxysporum f. sp. niveum	140508B		SAMN16725403	140508B		Citrullus lanatus	USA: Florida	2014	Scaffold	Illumina MiSeq	54966825	4920	159002
GCA_019721165.1	Fusarium oxysporum f. sp. niveum	150319		SAMN16727311	150319		Citrullus lanatus	USA: Florida	2015	Scaffold	Illumina MiSeq	55322575	4752	170596
GCA_019721175.1	Fusarium oxysporum f. sp. niveum	150515-1		SAMN16727322	150515-1		Citrullus lanatus	USA: Florida	2015	Scaffold	Illumina MiSeq	52219321	3010	424183
GCA_025216225.1	Fusarium oxysporum f. sp. niveum	VPRI44310		SAMN28868162	VPRI44310		Citrullus lanatus	Australia: Queensland	2016	Contig	Illumina NovaSeq	54708086	5551	224896
GCA_025216245.1	Fusarium oxysporum f. sp. niveum	VPRI44308		SAMN28868160	VPRI44308		Citrullus lanatus	Australia: Chinchilla, Queensland	2016	Contig	Illumina NovaSeq	52067854	4536	213549
GCA_025216265.1	Fusarium oxysporum f. sp. niveum	VPRI44309		SAMN28868161	VPRI44309		Citrullus lanatus	Australia: Northern Territory	2016	Contig	Illumina NovaSeq	54177864	5371	263013
GCA_025216285.1	Fusarium oxysporum f. sp. niveum	VPRI44306		SAMN28868158	VPRI44306		Citrullus lanatus	Australia: WA	2016	Contig	Illumina NovaSeq	57001784	7339	179430
GCA_025216305.1	Fusarium oxysporum f. sp. niveum	VPRI44307		SAMN28868159	VPRI44307		Citrullus lanatus	Australia: Qakey, Queensland	2016	Contig	Illumina NovaSeq	54027550	5826	253499
GCA_025216325.1	Fusarium oxysporum f. sp. niveum	VPRI44305		SAMN28868157	VPRI44305		Citrullus lanatus	Australia: WA	2016	Contig	Illumina NovaSeq	56585060	7928	164562
GCA_025216585.1	Fusarium oxysporum f. sp. niveum	VPRI44293		SAMN28868145	VPRI44293		Citrullus lanatus (Thunb.) Matsum. & Nakai var. caffer	Australia: Queensland	missing	Contig	Illumina NovaSeq	55259171	7468	157138
GCA_025266885.1	Fusarium oxysporum f. sp. niveum	VPRI44255		SAMN28868101	VPRI44255		Citrullus lanatus	Australia: Queensland	1971-12-08	Contig	Illumina NovaSeq	56905235	7343	183052
GCA_025266905.1	Fusarium oxysporum f. sp. niveum	VPRI44254		SAMN28868100	VPRI44254		Citrullus lanatus	Australia: Queensland	1971-01-20	Contig	Illumina NovaSeq	56939789	7373	157276
GCA_026212305.1	Fusarium oxysporum f. sp. niveum	COM		SAMN30676175	COM		watermelon	USA	2020-06	Contig	Illumina NovaSeq	48079664	2639	71557
GCA_026260275.1	Fusarium oxysporum f. sp. niveum	HAR		SAMN30676178	HAR		watermelon	USA	2002-04	Contig	Illumina NovaSeq	49439751	2417	104519
GCA_026260535.1	Fusarium oxysporum f. sp. niveum	PRU		SAMN30676176	PRU		watermelon	USA	1998-05	Contig	Illumina NovaSeq	48862474	2459	92086
GCA_027475055.1	Fusarium oxysporum f. sp. niveum	STO		SAMN30676179	STO		watermelon	USA	1997-05	Contig	Illumina NovaSeq	49516370	2343	111934
GCA_027475405.1	Fusarium oxysporum f. sp. niveum	W2		SAMN30676177	W2		watermelon	USA	2018-03	Contig	Illumina NovaSeq	49226959	2360	99087
GCA_025176785.1	Fusarium oxysporum f. sp. passiflorae	VPRI44269		SAMN28868115	VPRI44269		Passiflora edulis	Australia: New South Wales	2006-07-24	Contig	Illumina NovaSeq	55977072	3197	393400
GCA_025216365.1	Fusarium oxysporum f. sp. passiflorae	VPRI44302		SAMN28868154	VPRI44302		Passiflora edulis	Australia: New South Wales	1996-07-08	Contig	Illumina NovaSeq	49126315	1216	565257
GCA_025217185.1	Fusarium oxysporum f. sp. passiflorae	VPRI44270		SAMN28868116	VPRI44270		Passiflora edulis	Australia: Queensland	1960	Contig	Illumina NovaSeq	49559659	1245	548484
GCA_025267645.1	Fusarium oxysporum f. sp. passiflorae	VPRI44203		SAMN28868094	VPRI44203		Passiflora edulis	Australia: Queensland	missing	Contig	Illumina NovaSeq	49585717	1214	604136
GCA_054130785.1	Fusarium oxysporum f. sp. phaseoli	FOP-SP1		SAMN34996102	FOP-SP1		Phaseolus vulgaris	Spain: Avila, La Carrera	1993	Chromosome	PacBio RS; IonTorrent	54437586	241	1046721
GCA_054643655.1	Fusarium oxysporum f. sp. phaseoli	LM-2		SAMN54519265	LM-2		Vigna unguiculata	China: Hainan	2025	Chromosome	Illumina NovaSeq 6000; PacBio Sequel II; Hi-C	53359552	21	4722721
GCA_016906485.1	Fusarium oxysporum f. sp. physali	MAP5		SAMN15317827	MAP5		Physalis peruviana	Colombia: Cundinamarca-Silvania	2008-10-21	Contig	Illumina MiSeq	45031410	2012	69731
GCA_017654635.1	Fusarium oxysporum f. sp. physali	B01		SAMN16793535	B01		Physalis peruviana	Colombia:Boyaca	2014	Contig	Illumina MiSeq	48271709	1698	117037
GCA_017654645.1	Fusarium oxysporum f. sp. physali	A72		SAMN16793537	A72		Physalis peruviana	Colombia:Antioquia	2014	Contig	Illumina MiSeq	48187924	1635	126245
GCA_017654655.1	Fusarium oxysporum f. sp. physali	B04		SAMN16793536	B04		Physalis peruviana	Colombia:Boyaca	2014	Contig	Illumina MiSeq	46223439	1389	124837
GCA_017654665.1	Fusarium oxysporum f. sp. physali	B117		SAMN16793538	B117		Physalis peruviana	Colombia:Boyaca	2016	Contig	Illumina MiSeq	46395383	1415	119907
GCA_000260075.2	Fusarium oxysporum f. sp. pisi HDV247	HDV247		SAMN02981366	HDV247					Scaffold	Illumina	55188216	1744	230512
GCA_001702645.1	Fusarium oxysporum f. sp. radicis-cucumerinum	Forc031		SAMN04348766	Forc031			Greece: Crete	1990	Scaffold	Illumina HiSeq	49339229	1663	345672
GCA_001702695.2	Fusarium oxysporum f. sp. radicis-cucumerinum	Forc016		SAMN04348764	Forc016			Canada	2000	Chromosome	PacBio	52860752	32	4490135
GCA_001702725.1	Fusarium oxysporum f. sp. radicis-cucumerinum	Forc024		SAMN04348765	Forc024			Greece: Crete	1992	Scaffold	Illumina HiSeq	49345544	1469	360228
GCA_048164945.1	Fusarium oxysporum f. sp. radicis-cucumerinum	V03-2g		SAMN45160193	V03-2g			not applicable	not applicable	Complete Genome	Oxford Nanopore MinION	51052521	13	4490286
GCA_048165035.1	Fusarium oxysporum f. sp. radicis-lycopersici	ZUM2407		SAMN45160194	ZUM2407			not applicable	not applicable	Complete Genome	Oxford Nanopore MinION	53210117	14	4883214
GCA_000260155.3	Fusarium oxysporum f. sp. radicis-lycopersici 26381	26381		SAMN02981376	26381					Scaffold	Illumina	49359289	725	554902
GCA_019157295.1	Fusarium oxysporum f. sp. rapae	Tf1208		SAMN17118325	Tf1208		Brassica rapa	Japan: Ibaraki	2010	Contig	PacBio Sequel	59760091	25	4227812
GCA_057814765.1	Fusarium oxysporum f. sp. rapae	F38		SAMN17141409	F38			Taiwan: Siluo, Yunlin City	2012-05-01	Scaffold	PacBio Sequel; Illumina HiSeq	57219107	482	1258907
GCA_019157275.1	Fusarium oxysporum f. sp. raphani	Tf1262		SAMN17118324	Tf1262		radish	Japan: Miyazaki	2010	Contig	PacBio RSII	66822448	59	2955369
GCA_000260235.2	Fusarium oxysporum f. sp. raphani 54005	54005		SAMN02981381	54005					Scaffold	Illumina	53499362	2323	120870
GCA_017979615.1	Fusarium oxysporum f. sp. sesami		MR4003	SAMN16362097		MR4003	Sesamum indicum	South Korea	2019	Contig	PacBio Sequel	71179250	96	3810255
GCA_013347345.2	Fusarium oxysporum f. sp. spinaciae	Fus254		SAMN11520602	Fus254		Spinacia oleracea	USA: Washington County, Oregon	2009	Chromosome	Oxford Nanopore MinION	63669648	27	4070646
GCA_013347495.1	Fusarium oxysporum f. sp. spinaciae	Fus173		SAMN11520596	Fus173		Spinacia oleracea	Japan	1991	Scaffold	Illumina HiSeq	56157493	3037	145988
GCA_013347505.1	Fusarium oxysporum f. sp. spinaciae	Fus322		SAMN11520601	Fus322		Spinacia oleracea	USA: California	2011	Scaffold	Illumina HiSeq	56055209	4036	92846
GCA_013347515.1	Fusarium oxysporum f. sp. spinaciae	Fus057		SAMN11520593	Fus057		Spinacia oleracea	USA: Skagit County, Washington	2006	Scaffold	Illumina HiSeq	56172659	4073	94354
GCA_013347525.1	Fusarium oxysporum f. sp. spinaciae	Fus059		SAMN11520594	Fus059		Spinacia oleracea	USA: Skagit County, Washington	2006	Scaffold	Illumina HiSeq	56097558	4035	93670
GCA_013347535.2	Fusarium oxysporum f. sp. spinaciae	Fus167		SAMN11520595	Fus167		Spinacia oleracea	USA: Arkansas	1991	Chromosome	Oxford Nanopore MinION	64054962	25	4380961
GCA_013347635.1	Fusarium oxysporum f. sp. spinaciae	Fus001		SAMN11520591	Fus001		Spinacia oleracea	USA: Skagit County, Washington	2000	Scaffold	Illumina HiSeq	56129155	3111	152687
GCA_015227905.1	Fusarium oxysporum f. sp. spinaciae	MF42		SAMN13546516	MF42		Spinacia oleracea	USA: Arkansas	missing	Scaffold	Illumina HiSeq	55588715	4108	251677
GCA_015228045.1	Fusarium oxysporum f. sp. spinaciae	MF34		SAMN13546515	MF34		Spinacia oleracea	USA: Arkansas	missing	Scaffold	Illumina HiSeq	54714451	4240	123808
GCA_015228055.1	Fusarium oxysporum f. sp. spinaciae	MF15		SAMN13546514	MF15		Spinacia oleracea	USA: Arkansas	missing	Scaffold	Illumina HiSeq	55716720	4146	192756
GCA_025216545.1	Fusarium oxysporum f. sp. spinaciae	VPRI44294		SAMN28868146	VPRI44294		Spinacia oleracea L.	Australia: Victoria	1976-12	Contig	Illumina NovaSeq	56006972	7095	125546
GCA_025203105.1	Fusarium oxysporum f. sp. tracheiphilum	VPRI44258		SAMN28868104	VPRI44258		Vigna unguiculata	Australia: Queensland	2012-02-06	Contig	Illumina NovaSeq	49075647	1107	431064
GCA_002233805.1	Fusarium oxysporum f. sp. tulipae	Tu67		SAMN07201034	Tu67			Netherlands	missing	Scaffold	Illumina HiSeq	54343307	3908	394910
GCA_025203025.1	Fusarium oxysporum f. sp. tulipae	VPRI44264		SAMN28868110	VPRI44264		Tulipa sp.	Australia: Tasmania	2001	Contig	Illumina NovaSeq	54845393	5506	484586
GCA_025203045.1	Fusarium oxysporum f. sp. tulipae	VPRI44265		SAMN28868111	VPRI44265		Tulipa sp.	Australia: Tasmania	2001	Contig	Illumina NovaSeq	55371959	6144	412467
GCA_025203085.1	Fusarium oxysporum f. sp. tulipae	VPRI44263		SAMN28868109	VPRI44263		Tulipa sp.	Australia: Victoria	2001	Contig	Illumina NovaSeq	55721060	5444	412371
GCA_025217225.1	Fusarium oxysporum f. sp. tulipae	VPRI44266		SAMN28868112	VPRI44266		Tulipa sp.	Australia: Tasmania	2001	Contig	Illumina NovaSeq	55111608	5371	404923
GCA_052324365.1	Fusarium oxysporum f. sp. vanillae	CRC		SAMN44751659	CRC		Vanilla planifolia	Costa Rica: San Carlos	2021-06-09	Contig	PacBio RSII	43866322	17	4371573
GCA_052324385.1	Fusarium oxysporum f. sp. vanillae	CRD		SAMN44755580	CRD		Vanilla planifolia	Costa Rica: San Carlos	2021-06-09	Scaffold	PacBio RSII	48130377	541	2110346
GCA_052324405.1	Fusarium oxysporum f. sp. vanillae	RBG 6706		SAMN44767254	RBG 6706		Vanilla planifolia	Comoros	2015-04-11	Contig	PacBio RSII	47842054	48	3994195
GCA_052324425.1	Fusarium oxysporum f. sp. vanillae	RBG 6780		SAMN44768207	RBG 6780		Vanilla planifolia	Indonesia: Yogyakarta	2015-04-11	Contig	PacBio RSII	47427118	25	4380853
GCA_052324445.1	Fusarium oxysporum f. sp. vanillae	RBG 6837		SAMN44768286	RBG 6837		Vanilla planifolia	Indonesia: Lampung	2015-04-11	Contig	PacBio RSII	44447596	43	2065026
GCA_009602505.1	Fusarium oxysporum f. sp. vasinfectum		TF1	SAMN12175309		TF1		USA:Alabama	missing	Contig	PacBio RSII	50043501	17	4223171
GCA_009602545.1	Fusarium oxysporum f. sp. vasinfectum		LA3B	SAMN12175308		LA3B		USA	missing	Contig	PacBio RSII	50437808	17	4733764
GCA_009602615.1	Fusarium oxysporum f. sp. vasinfectum		LA1E	SAMN12175307		LA1E		USA	missing	Contig	PacBio RSII	53532301	26	3332013
GCA_009602625.1	Fusarium oxysporum f. sp. vasinfectum		14-004	SAMN12175306		14-004		USA:Alabama	missing	Contig	PacBio RSII	51686574	18	4700795
GCA_009602635.1	Fusarium oxysporum f. sp. vasinfectum		89-1A	SAMN12175305		89-1A		USA:California	missing	Contig	PacBio RSII	63323888	94	3569865
GCA_012610785.1	Fusarium oxysporum f. sp. vasinfectum	NRRL 25432		SAMN14075062	NRRL 25432		cotton	not applicable	not applicable	Contig	Oxford Nanopore MinION	68717761	634	314388
GCA_012610815.1	Fusarium oxysporum f. sp. vasinfectum	NRRL 31665		SAMN14075063	NRRL 31665		cotton	not applicable	not applicable	Contig	Oxford Nanopore MinION	54936476	433	519806
GCA_012610825.1	Fusarium oxysporum f. sp. vasinfectum	NRRL 25434		SAMN14075061	NRRL 25434		cotton	not applicable	not applicable	Contig	Oxford Nanopore MinION	67801342	861	310784
GCA_012610835.1	Fusarium oxysporum f. sp. vasinfectum	NRRL 25420		SAMN14075060	NRRL 25420		cotton	not applicable	not applicable	Scaffold	Oxford Nanopore MinION	51968224	598	319352
GCA_025216125.1	Fusarium oxysporum f. sp. vasinfectum	VPRI44283		SAMN28868165	VPRI44283		Gossypium hirsutum L.	Australia: New South Wales	missing	Contig	Illumina NovaSeq	54336312	5743	515689
GCA_025216145.1	Fusarium oxysporum f. sp. vasinfectum	VPRI44282		SAMN28868164	VPRI44282		Gossypium hirsutum L.	Australia: New South Wales	missing	Contig	Illumina NovaSeq	52608384	3784	491838
GCA_025216185.1	Fusarium oxysporum f. sp. vasinfectum	VPRI44281		SAMN28868163	VPRI44281		Gossypium hirsutum L.	Australia: Queensland	missing	Contig	Illumina NovaSeq	52608384	3784	491838
GCA_025216345.1	Fusarium oxysporum f. sp. vasinfectum	VPRI44304		SAMN28868156	VPRI44304		Gossypium hirsutum L.	Australia: New South Wales	2020	Contig	Illumina NovaSeq	52640524	3520	555851
GCA_025216385.1	Fusarium oxysporum f. sp. vasinfectum	VPRI44301		SAMN28868153	VPRI44301		Gossypium hirsutum L.	Australia: New South Wales	2007	Contig	Illumina NovaSeq	54364238	5247	527033
GCA_025216405.1	Fusarium oxysporum f. sp. vasinfectum	VPRI44303		SAMN28868155	VPRI44303		Gossypium hirsutum L.	Australia: New South Wales	2017	Contig	Illumina NovaSeq	52597699	3553	645934
GCA_025216425.1	Fusarium oxysporum f. sp. vasinfectum	VPRI44300		SAMN28868152	VPRI44300		Gossypium hirsutum L.	Australia: New South Wales	2007	Contig	Illumina NovaSeq	51060791	2638	517310
GCA_025216445.1	Fusarium oxysporum f. sp. vasinfectum	VPRI44299		SAMN28868151	VPRI44299		Gossypium hirsutum L.	Australia: New South Wales	2007	Contig	Illumina NovaSeq	51035649	2858	444023
GCA_025216465.1	Fusarium oxysporum f. sp. vasinfectum	VPRI44296		SAMN28868148	VPRI44296		Gossypium hirsutum L.	Australia: New South Wales	2007-11	Contig	Illumina NovaSeq	54364238	5247	527033
GCA_025216485.1	Fusarium oxysporum f. sp. vasinfectum	VPRI44297		SAMN28868149	VPRI44297		Gossypium hirsutum L.	Australia: New South Wales	2007-02-09	Contig	Illumina NovaSeq	49698175	3570	563237
GCA_025216505.1	Fusarium oxysporum f. sp. vasinfectum	VPRI44298		SAMN28868150	VPRI44298		Gossypium hirsutum L.	Australia: New South Wales	2007-02-09	Contig	Illumina NovaSeq	52604390	3790	581223
GCA_025216525.1	Fusarium oxysporum f. sp. vasinfectum	VPRI44295		SAMN28868147	VPRI44295		Gossypium hirsutum L.	Australia: New South Wales	1994-12-20	Contig	Illumina NovaSeq	54408177	5351	584122
GCA_025217205.1	Fusarium oxysporum f. sp. vasinfectum	VPRI44267		SAMN28868113	VPRI44267		Gossypium hirsutum L.	Australia: New South Wales	1995-01	Contig	Illumina NovaSeq	54416850	5721	531772
GCA_025217245.1	Fusarium oxysporum f. sp. vasinfectum	VPRI44268		SAMN28868114	VPRI44268		Gossypium hirsutum L.	Australia: Queensland	1994-02	Contig	Illumina NovaSeq	52623989	3517	739439
GCA_025267595.1	Fusarium oxysporum f. sp. vasinfectum	VPRI44202		SAMN28868093	VPRI44202		Gossypium hirsutum L.	Australia: New South Wales	1995-01	Contig	Illumina NovaSeq	54403153	5080	525169
GCA_025267685.1	Fusarium oxysporum f. sp. vasinfectum	VPRI44211		SAMN28868092	VPRI44211		Gossypium hirsutum L.	Australia: New South Wales	1995-01	Contig	Illumina NovaSeq	54391803	5341	510855
GCA_025267705.1	Fusarium oxysporum f. sp. vasinfectum	VPRI44207		SAMN28868090	VPRI44207		Amaranthus macrocarpus	Australia: Queensland	1995-03	Contig	Illumina NovaSeq	52606480	3597	736593
GCA_030719095.1	Fusarium oxysporum f. sp. vasinfectum		ME23	SAMN35724194		ME23		USA: California	missing	Complete Genome	Oxford Nanopore MinION	49876382	13	4885915
GCA_032878545.1	Fusarium oxysporum f. sp. vasinfectum		15-2J	SAMN36911139		15-2J		USA: California	missing	Contig	Oxford Nanopore MinION	64498093	18	4394936
GCA_032991405.1	Fusarium oxysporum f. sp. vasinfectum		Tm2	SAMN36911158		Tm2		USA: California	missing	Contig	Oxford Nanopore MinION	61066645	16	4690743
GCA_038050555.1	Fusarium oxysporum f. sp. vasinfectum	F17		SAMN40479352	F17			China: Xinjiang	2016-09	Scaffold	PacBio Sequel	64156821	33	5006071
GCA_049000195.1	Fusarium oxysporum f. sp. vasinfectum	SG1		SAMN45847222	SG1		Gossypium hirsutum	Australia:Queensland, Saint George	2022-04-22	Contig	PacBio	54539683	56	4291610
GCA_049306905.1	Fusarium oxysporum f. sp. vasinfectum	VCG 01112		SAMN45866338	VCG 01112		Gossypium hirsutum	Australia: MacInyre Valley, NSW	1995-01-05	Chromosome	HiC + PacBio	58678871	25	4433392
GCA_049307005.1	Fusarium oxysporum f. sp. vasinfectum	VCG 01111		SAMN45866337	VCG 01111		Gossypium hirsutum	Australia: Darkubg Downs, QLD	1993-05-26	Chromosome	HiC + PacBio	56291533	27	4299034
GCA_051943205.1	Fusarium oxysporum f. sp. vasinfectum		TX44	SAMN49857350		TX44		USA	2017	Contig	Illumina NovaSeq	53821656	5625	57304
GCA_051943225.1	Fusarium oxysporum f. sp. vasinfectum		CH9170	SAMN49857346		CH9170		China	2015	Contig	Illumina NovaSeq	51048258	4476	54674
GCA_051943265.1	Fusarium oxysporum f. sp. vasinfectum		2051	SAMN49857347		2051		India	1995	Contig	Illumina NovaSeq	52607391	6092	47982
GCA_051943285.1	Fusarium oxysporum f. sp. vasinfectum		CH1969	SAMN49857345		CH1969		China	2015	Contig	Illumina NovaSeq	52161667	4519	67368
GCA_051943305.1	Fusarium oxysporum f. sp. vasinfectum		5xtra	SAMN49857343		5xtra		USA	2018	Contig	Illumina NovaSeq	53523089	5461	59298
GCA_052056925.1	Fusarium oxysporum f. sp. vasinfectum		TX11	SAMN49857349		TX11		USA	2017	Contig	Illumina NovaSeq	54271298	5128	75661
GCA_052056945.1	Fusarium oxysporum f. sp. vasinfectum		2053	SAMN49857348		2053		India	1995	Contig	Illumina NovaSeq	53036104	5072	64948
GCA_052056995.1	Fusarium oxysporum f. sp. vasinfectum		F4AB	SAMN49857344		F4AB		USA	2018	Contig	Illumina NovaSeq	54810784	6798	68690
GCA_000260175.2	Fusarium oxysporum f. sp. vasinfectum 25433	25433		SAMN02981377	25433					Scaffold	Illumina	52914414	1947	150345
GCA_025203755.1	Fusarium oxysporum f. sp. zingiberi	VPRI44200		SAMN28868098	VPRI44200		Zingiber officinale	Australia: Queensland	1998-04-26	Contig	Illumina NovaSeq	48890833	1353	177962
GCA_025216965.1	Fusarium oxysporum f. sp. zingiberi	VPRI44280		SAMN28868126	VPRI44280		Zingiber officinale	Australia: Queensland	1998-05-08	Contig	Illumina NovaSeq	48683298	1428	170164
GCA_025217005.1	Fusarium oxysporum f. sp. zingiberi	VPRI44279		SAMN28868125	VPRI44279		Zingiber officinale	Australia: Queensland	1999-10	Contig	Illumina NovaSeq	48425631	1347	176071
GCA_025217045.1	Fusarium oxysporum f. sp. zingiberi	VPRI44278		SAMN28868124	VPRI44278		Zingiber officinale	Australia: Queensland	1998-05-08	Contig	Illumina NovaSeq	48687918	1473	165273
GCA_051624415.1	Fusarium oxysporum f. sp. zingiberi	pin22		SAMN45224590	pin22		Zingiber officinale	Australia:Queensland	2023	Contig	PacBio Sequel	53469167	94	4657845
GCA_000271705.2	Fusarium oxysporum Fo47	Fo47		SAMN02981332	Fo47					Scaffold	Illumina	49664628	419	762152
GCA_013085055.1	Fusarium oxysporum Fo47	Fo47		SAMN14572364	Fo47			not collected	not collected	Complete Genome	PacBio RSII	50358849	12	4523040
GCA_031834405.1	Fusarium oxysporum II5	II5		SAMN29813974	II5		banana	Indonesia	2013	Chromosome	PacBio	49425076	69	4484645
GCA_000271745.2	Fusarium oxysporum NRRL 32931	NRRL 32931		SAMN02981331	NRRL 32931					Scaffold	Illumina	47906303	545	538881
